match,frame,stroke_type,player
ASG_vs_AA_2020,23661,發球,bottom
ASG_vs_AA_2020,23682,小球,top
ASG_vs_AA_2020,23703,高遠球,bottom
ASG_vs_AA_2020,23724,殺球,top
ASG_vs_AA_2020,23735,小球,bottom
ASG_vs_AA_2020,23758,高遠球,top
ASG_vs_AA_2020,23780,高遠球,bottom
ASG_vs_AA_2020,23806,切球,top
ASG_vs_AA_2020,23825,小球,bottom
ASG_vs_AA_2020,23847,勾球,top
ASG_vs_AA_2020,23870,高遠球,bottom
ASG_vs_AA_2020,24371,發球,bottom
ASG_vs_AA_2020,24388,小球,top
ASG_vs_AA_2020,24404,小球,bottom
ASG_vs_AA_2020,24423,高遠球,top
ASG_vs_AA_2020,24451,切球,bottom
ASG_vs_AA_2020,24473,小球,top
ASG_vs_AA_2020,24496,高遠球,bottom
ASG_vs_AA_2020,24535,殺球,top
ASG_vs_AA_2020,24545,小球,bottom
ASG_vs_AA_2020,24568,高遠球,top
ASG_vs_AA_2020,24590,殺球,bottom
ASG_vs_AA_2020,24600,小球,top
ASG_vs_AA_2020,24621,高遠球,bottom
ASG_vs_AA_2020,24645,殺球,top
ASG_vs_AA_2020,25115,未知球種,
ASG_vs_AA_2020,25132,小球,top
ASG_vs_AA_2020,25153,平快球,bottom
ASG_vs_AA_2020,25186,切球,top
ASG_vs_AA_2020,25201,平快球,bottom
ASG_vs_AA_2020,25211,平快球,top
ASG_vs_AA_2020,25829,發球,bottom
ASG_vs_AA_2020,25844,小球,top
ASG_vs_AA_2020,27574,發球,top
ASG_vs_AA_2020,27590,平快球,bottom
ASG_vs_AA_2020,28053,發球,top
ASG_vs_AA_2020,28071,小球,bottom
ASG_vs_AA_2020,28091,高遠球,top
ASG_vs_AA_2020,28120,殺球,bottom
ASG_vs_AA_2020,28132,小球,top
ASG_vs_AA_2020,28156,小球,bottom
ASG_vs_AA_2020,28179,高遠球,top
ASG_vs_AA_2020,28211,切球,bottom
ASG_vs_AA_2020,28232,小球,top
ASG_vs_AA_2020,28254,小球,bottom
ASG_vs_AA_2020,28278,高遠球,top
ASG_vs_AA_2020,28311,高遠球,bottom
ASG_vs_AA_2020,28342,殺球,top
ASG_vs_AA_2020,28352,勾球,bottom
ASG_vs_AA_2020,28379,高遠球,top
ASG_vs_AA_2020,28407,殺球,bottom
ASG_vs_AA_2020,28421,高遠球,top
ASG_vs_AA_2020,29126,發球,bottom
ASG_vs_AA_2020,29140,小球,top
ASG_vs_AA_2020,29158,小球,bottom
ASG_vs_AA_2020,29178,高遠球,top
ASG_vs_AA_2020,29208,殺球,bottom
ASG_vs_AA_2020,29767,發球,top
ASG_vs_AA_2020,29785,高遠球,bottom
ASG_vs_AA_2020,29819,高遠球,top
ASG_vs_AA_2020,29849,殺球,bottom
ASG_vs_AA_2020,29860,小球,top
ASG_vs_AA_2020,29882,小球,bottom
ASG_vs_AA_2020,29902,高遠球,top
ASG_vs_AA_2020,29933,高遠球,bottom
ASG_vs_AA_2020,29958,殺球,top
ASG_vs_AA_2020,29972,平快球,bottom
ASG_vs_AA_2020,29986,撲球,top
ASG_vs_AA_2020,29996,平快球,bottom
ASG_vs_AA_2020,30029,切球,top
ASG_vs_AA_2020,30048,撲球,bottom
ASG_vs_AA_2020,30948,發球,bottom
ASG_vs_AA_2020,30966,小球,top
ASG_vs_AA_2020,30988,高遠球,bottom
ASG_vs_AA_2020,31014,殺球,top
ASG_vs_AA_2020,31564,發球,top
ASG_vs_AA_2020,31581,小球,bottom
ASG_vs_AA_2020,31601,高遠球,top
ASG_vs_AA_2020,31630,殺球,bottom
ASG_vs_AA_2020,31642,小球,top
ASG_vs_AA_2020,32865,發球,bottom
ASG_vs_AA_2020,32879,小球,top
ASG_vs_AA_2020,32898,小球,bottom
ASG_vs_AA_2020,32921,小球,top
ASG_vs_AA_2020,32948,高遠球,bottom
ASG_vs_AA_2020,32995,殺球,top
ASG_vs_AA_2020,33010,小球,bottom
ASG_vs_AA_2020,33035,高遠球,top
ASG_vs_AA_2020,33067,殺球,bottom
ASG_vs_AA_2020,33078,平快球,top
ASG_vs_AA_2020,33104,高遠球,bottom
ASG_vs_AA_2020,33120,殺球,top
ASG_vs_AA_2020,33128,平快球,bottom
ASG_vs_AA_2020,33142,撲球,top
ASG_vs_AA_2020,33151,高遠球,bottom
ASG_vs_AA_2020,33176,殺球,top
ASG_vs_AA_2020,33185,小球,bottom
ASG_vs_AA_2020,34021,發球,top
ASG_vs_AA_2020,34049,高遠球,bottom
ASG_vs_AA_2020,34087,殺球,top
ASG_vs_AA_2020,34097,平快球,bottom
ASG_vs_AA_2020,34112,撲球,top
ASG_vs_AA_2020,34123,高遠球,bottom
ASG_vs_AA_2020,34146,殺球,top
ASG_vs_AA_2020,35137,發球,top
ASG_vs_AA_2020,35155,小球,bottom
ASG_vs_AA_2020,35176,高遠球,top
ASG_vs_AA_2020,35204,切球,bottom
ASG_vs_AA_2020,35216,平快球,top
ASG_vs_AA_2020,35230,小球,bottom
ASG_vs_AA_2020,35250,高遠球,top
ASG_vs_AA_2020,35282,切球,bottom
ASG_vs_AA_2020,35301,小球,top
ASG_vs_AA_2020,35320,平快球,bottom
ASG_vs_AA_2020,35348,切球,top
ASG_vs_AA_2020,35368,小球,bottom
ASG_vs_AA_2020,35393,小球,top
ASG_vs_AA_2020,35415,小球,bottom
ASG_vs_AA_2020,35438,小球,top
ASG_vs_AA_2020,35456,平快球,bottom
ASG_vs_AA_2020,36091,發球,top
ASG_vs_AA_2020,36107,平快球,bottom
ASG_vs_AA_2020,36115,平快球,top
ASG_vs_AA_2020,36123,平快球,bottom
ASG_vs_AA_2020,37494,發球,top
ASG_vs_AA_2020,37511,小球,bottom
ASG_vs_AA_2020,37532,高遠球,top
ASG_vs_AA_2020,37560,切球,bottom
ASG_vs_AA_2020,37581,平快球,top
ASG_vs_AA_2020,37608,平快球,bottom
ASG_vs_AA_2020,37621,小球,top
ASG_vs_AA_2020,37643,小球,bottom
ASG_vs_AA_2020,37665,高遠球,top
ASG_vs_AA_2020,37692,切球,bottom
ASG_vs_AA_2020,38232,發球,top
ASG_vs_AA_2020,38250,平快球,bottom
ASG_vs_AA_2020,38282,高遠球,top
ASG_vs_AA_2020,38305,殺球,bottom
ASG_vs_AA_2020,38316,小球,top
ASG_vs_AA_2020,38338,小球,bottom
ASG_vs_AA_2020,38363,高遠球,top
ASG_vs_AA_2020,39589,發球,top
ASG_vs_AA_2020,40094,未知球種,
ASG_vs_AA_2020,40111,平快球,top
ASG_vs_AA_2020,40137,切球,bottom
ASG_vs_AA_2020,40152,小球,top
ASG_vs_AA_2020,40173,小球,bottom
ASG_vs_AA_2020,40195,小球,top
ASG_vs_AA_2020,40216,平快球,bottom
ASG_vs_AA_2020,40245,高遠球,top
ASG_vs_AA_2020,40279,殺球,bottom
ASG_vs_AA_2020,40292,勾球,top
ASG_vs_AA_2020,40317,小球,bottom
ASG_vs_AA_2020,40339,勾球,top
ASG_vs_AA_2020,40360,小球,bottom
ASG_vs_AA_2020,42317,發球,top
ASG_vs_AA_2020,42337,小球,bottom
ASG_vs_AA_2020,42792,發球,top
ASG_vs_AA_2020,42821,平快球,bottom
ASG_vs_AA_2020,42835,平快球,top
ASG_vs_AA_2020,42847,平快球,bottom
ASG_vs_AA_2020,42859,殺球,top
ASG_vs_AA_2020,42869,小球,bottom
ASG_vs_AA_2020,42890,高遠球,top
ASG_vs_AA_2020,42913,高遠球,bottom
ASG_vs_AA_2020,42944,切球,top
ASG_vs_AA_2020,42959,平快球,bottom
ASG_vs_AA_2020,42971,小球,top
ASG_vs_AA_2020,42988,小球,bottom
ASG_vs_AA_2020,43013,小球,top
ASG_vs_AA_2020,43037,高遠球,bottom
ASG_vs_AA_2020,43067,高遠球,top
ASG_vs_AA_2020,43105,殺球,bottom
ASG_vs_AA_2020,43119,小球,top
ASG_vs_AA_2020,43144,小球,bottom
ASG_vs_AA_2020,43173,高遠球,top
ASG_vs_AA_2020,43206,高遠球,bottom
ASG_vs_AA_2020,43237,高遠球,top
ASG_vs_AA_2020,43263,殺球,bottom
ASG_vs_AA_2020,43275,平快球,top
ASG_vs_AA_2020,43294,殺球,bottom
ASG_vs_AA_2020,44350,發球,bottom
ASG_vs_AA_2020,44367,小球,top
ASG_vs_AA_2020,44389,小球,bottom
ASG_vs_AA_2020,44409,小球,top
ASG_vs_AA_2020,44430,高遠球,bottom
ASG_vs_AA_2020,44487,殺球,top
ASG_vs_AA_2020,44496,小球,bottom
ASG_vs_AA_2020,45928,發球,top
ASG_vs_AA_2020,45956,殺球,bottom
ASG_vs_AA_2020,45965,小球,top
ASG_vs_AA_2020,45988,小球,bottom
ASG_vs_AA_2020,46007,小球,top
ASG_vs_AA_2020,46028,小球,bottom
ASG_vs_AA_2020,46050,高遠球,top
ASG_vs_AA_2020,46090,切球,bottom
ASG_vs_AA_2020,46108,平快球,top
ASG_vs_AA_2020,46584,發球,bottom
ASG_vs_AA_2020,46615,切球,top
ASG_vs_AA_2020,46634,小球,bottom
ASG_vs_AA_2020,46659,高遠球,top
ASG_vs_AA_2020,46686,殺球,bottom
ASG_vs_AA_2020,46703,小球,top
ASG_vs_AA_2020,46719,小球,bottom
ASG_vs_AA_2020,46738,小球,top
ASG_vs_AA_2020,46760,高遠球,bottom
ASG_vs_AA_2020,46794,平快球,top
ASG_vs_AA_2020,46806,平快球,bottom
ASG_vs_AA_2020,46823,平快球,top
ASG_vs_AA_2020,46836,小球,bottom
ASG_vs_AA_2020,46856,小球,top
ASG_vs_AA_2020,46876,高遠球,bottom
ASG_vs_AA_2020,46908,切球,top
ASG_vs_AA_2020,46926,高遠球,bottom
ASG_vs_AA_2020,46958,平快球,top
ASG_vs_AA_2020,46973,小球,bottom
ASG_vs_AA_2020,46996,高遠球,top
ASG_vs_AA_2020,47038,切球,bottom
ASG_vs_AA_2020,47058,小球,top
ASG_vs_AA_2020,47079,小球,bottom
ASG_vs_AA_2020,47101,小球,top
ASG_vs_AA_2020,48517,發球,top
ASG_vs_AA_2020,48538,平快球,bottom
ASG_vs_AA_2020,48566,平快球,top
ASG_vs_AA_2020,48579,小球,bottom
ASG_vs_AA_2020,48598,小球,top
ASG_vs_AA_2020,48615,小球,bottom
ASG_vs_AA_2020,48634,高遠球,top
ASG_vs_AA_2020,48664,高遠球,bottom
ASG_vs_AA_2020,48695,高遠球,top
ASG_vs_AA_2020,48724,殺球,bottom
ASG_vs_AA_2020,48735,小球,top
ASG_vs_AA_2020,48752,小球,bottom
ASG_vs_AA_2020,48771,高遠球,top
ASG_vs_AA_2020,48795,殺球,bottom
ASG_vs_AA_2020,48807,平快球,top
ASG_vs_AA_2020,48826,平快球,bottom
ASG_vs_AA_2020,48839,小球,top
ASG_vs_AA_2020,48863,高遠球,bottom
ASG_vs_AA_2020,49621,發球,top
ASG_vs_AA_2020,49645,殺球,bottom
ASG_vs_AA_2020,51104,發球,bottom
ASG_vs_AA_2020,51120,小球,top
ASG_vs_AA_2020,51139,高遠球,bottom
ASG_vs_AA_2020,51178,切球,top
ASG_vs_AA_2020,51197,高遠球,bottom
ASG_vs_AA_2020,51229,切球,top
ASG_vs_AA_2020,51246,平快球,bottom
ASG_vs_AA_2020,51258,小球,top
ASG_vs_AA_2020,51277,小球,bottom
ASG_vs_AA_2020,51302,高遠球,top
ASG_vs_AA_2020,51339,切球,bottom
ASG_vs_AA_2020,51358,平快球,top
ASG_vs_AA_2020,51376,切球,bottom
ASG_vs_AA_2020,51397,高遠球,top
ASG_vs_AA_2020,51426,殺球,bottom
ASG_vs_AA_2020,51437,小球,top
ASG_vs_AA_2020,51460,小球,bottom
ASG_vs_AA_2020,51483,小球,top
ASG_vs_AA_2020,51504,小球,bottom
ASG_vs_AA_2020,51526,小球,top
ASG_vs_AA_2020,51541,撲球,bottom
ASG_vs_AA_2020,52850,發球,bottom
ASG_vs_AA_2020,52866,平快球,top
ASG_vs_AA_2020,52892,殺球,bottom
ASG_vs_AA_2020,55339,發球,top
ASG_vs_AA_2020,55367,殺球,bottom
ASG_vs_AA_2020,56069,發球,bottom
ASG_vs_AA_2020,56086,平快球,top
ASG_vs_AA_2020,56106,平快球,bottom
ASG_vs_AA_2020,56121,小球,top
ASG_vs_AA_2020,56140,小球,bottom
ASG_vs_AA_2020,56161,小球,top
ASG_vs_AA_2020,56174,撲球,bottom
ASG_vs_AA_2020,56734,發球,top
ASG_vs_AA_2020,56760,殺球,bottom
ASG_vs_AA_2020,59292,發球,top
ASG_vs_AA_2020,59310,高遠球,bottom
ASG_vs_AA_2020,59340,平快球,top
ASG_vs_AA_2020,59353,小球,bottom
ASG_vs_AA_2020,59372,平快球,top
ASG_vs_AA_2020,59381,小球,bottom
ASG_vs_AA_2020,59402,小球,top
ASG_vs_AA_2020,59424,高遠球,bottom
ASG_vs_AA_2020,59453,切球,top
ASG_vs_AA_2020,59468,平快球,bottom
ASG_vs_AA_2020,59479,平快球,top
ASG_vs_AA_2020,59489,小球,bottom
ASG_vs_AA_2020,59505,平快球,top
ASG_vs_AA_2020,59516,小球,bottom
ASG_vs_AA_2020,59535,小球,top
ASG_vs_AA_2020,59556,平快球,bottom
ASG_vs_AA_2020,59585,高遠球,top
ASG_vs_AA_2020,59611,殺球,bottom
ASG_vs_AA_2020,59624,小球,top
ASG_vs_AA_2020,59650,小球,bottom
ASG_vs_AA_2020,59672,高遠球,top
ASG_vs_AA_2020,59701,高遠球,bottom
ASG_vs_AA_2020,59738,切球,top
ASG_vs_AA_2020,59758,平快球,bottom
ASG_vs_AA_2020,59785,切球,top
ASG_vs_AA_2020,59798,平快球,bottom
ASG_vs_AA_2020,59811,高遠球,top
ASG_vs_AA_2020,59839,高遠球,bottom
ASG_vs_AA_2020,59873,殺球,top
ASG_vs_AA_2020,59887,小球,bottom
ASG_vs_AA_2020,61530,發球,top
ASG_vs_AA_2020,61546,小球,bottom
ASG_vs_AA_2020,61572,小球,top
ASG_vs_AA_2020,61586,撲球,bottom
ASG_vs_AA_2020,61587,小球,top
ASG_vs_AA_2020,62257,發球,top
ASG_vs_AA_2020,62285,殺球,bottom
ASG_vs_AA_2020,62296,小球,top
ASG_vs_AA_2020,62319,高遠球,bottom
ASG_vs_AA_2020,62347,殺球,top
ASG_vs_AA_2020,62358,平快球,bottom
ASG_vs_AA_2020,62378,小球,top
ASG_vs_AA_2020,62397,高遠球,bottom
ASG_vs_AA_2020,62436,切球,top
ASG_vs_AA_2020,62452,小球,bottom
ASG_vs_AA_2020,62477,小球,top
ASG_vs_AA_2020,62504,高遠球,bottom
ASG_vs_AA_2020,62535,殺球,top
ASG_vs_AA_2020,62547,小球,bottom
ASG_vs_AA_2020,66397,發球,bottom
ASG_vs_AA_2020,66422,殺球,top
ASG_vs_AA_2020,66431,高遠球,bottom
ASG_vs_AA_2020,66458,殺球,top
ASG_vs_AA_2020,67215,發球,top
ASG_vs_AA_2020,67231,平快球,bottom
ASG_vs_AA_2020,67252,切球,top
ASG_vs_AA_2020,67275,高遠球,bottom
ASG_vs_AA_2020,67308,殺球,top
ASG_vs_AA_2020,67319,小球,bottom
ASG_vs_AA_2020,68273,發球,top
ASG_vs_AA_2020,68290,小球,bottom
ASG_vs_AA_2020,68313,高遠球,top
ASG_vs_AA_2020,68341,高遠球,bottom
ASG_vs_AA_2020,68381,殺球,top
ASG_vs_AA_2020,68392,小球,bottom
ASG_vs_AA_2020,68414,撲球,top
ASG_vs_AA_2020,68970,平快球,bottom
ASG_vs_AA_2020,70706,發球,bottom
ASG_vs_AA_2020,70723,小球,top
ASG_vs_AA_2020,70742,高遠球,bottom
ASG_vs_AA_2020,70773,切球,top
ASG_vs_AA_2020,71219,發球,bottom
ASG_vs_AA_2020,71236,高遠球,top
ASG_vs_AA_2020,71270,高遠球,bottom
ASG_vs_AA_2020,71297,殺球,top
ASG_vs_AA_2020,72384,發球,top
ASG_vs_AA_2020,72399,小球,bottom
ASG_vs_AA_2020,72412,小球,top
ASG_vs_AA_2020,72428,勾球,bottom
ASG_vs_AA_2020,72448,高遠球,top
ASG_vs_AA_2020,72481,殺球,bottom
ASG_vs_AA_2020,72489,小球,top
ASG_vs_AA_2020,72513,平快球,bottom
ASG_vs_AA_2020,72523,平快球,top
ASG_vs_AA_2020,72532,平快球,bottom
ASG_vs_AA_2020,72543,平快球,top
ASG_vs_AA_2020,72562,殺球,bottom
ASG_vs_AA_2020,72572,小球,top
ASG_vs_AA_2020,72587,撲球,bottom
ASG_vs_AA_2020,73305,發球,bottom
ASG_vs_AA_2020,73322,平快球,top
ASG_vs_AA_2020,73330,平快球,bottom
ASG_vs_AA_2020,73349,小球,top
ASG_vs_AA_2020,73372,高遠球,bottom
ASG_vs_AA_2020,73404,殺球,top
ASG_vs_AA_2020,73413,小球,bottom
ASG_vs_AA_2020,74568,發球,top
ASG_vs_AA_2020,74583,小球,bottom
ASG_vs_AA_2020,74599,小球,top
ASG_vs_AA_2020,74618,高遠球,bottom
ASG_vs_AA_2020,74647,切球,top
ASG_vs_AA_2020,74664,小球,bottom
ASG_vs_AA_2020,74685,高遠球,top
ASG_vs_AA_2020,74712,殺球,bottom
ASG_vs_AA_2020,74724,小球,top
ASG_vs_AA_2020,74748,高遠球,bottom
ASG_vs_AA_2020,74780,切球,top
ASG_vs_AA_2020,74800,小球,bottom
ASG_vs_AA_2020,74820,高遠球,top
ASG_vs_AA_2020,74853,高遠球,bottom
ASG_vs_AA_2020,74882,高遠球,top
ASG_vs_AA_2020,74921,切球,bottom
ASG_vs_AA_2020,74938,小球,top
ASG_vs_AA_2020,74963,高遠球,bottom
ASG_vs_AA_2020,74988,殺球,top
ASG_vs_AA_2020,75000,小球,bottom
ASG_vs_AA_2020,75028,小球,top
ASG_vs_AA_2020,75051,平快球,bottom
ASG_vs_AA_2020,75082,切球,top
ASG_vs_AA_2020,75106,小球,bottom
ASG_vs_AA_2020,75130,高遠球,top
ASG_vs_AA_2020,75184,高遠球,bottom
ASG_vs_AA_2020,75213,切球,top
ASG_vs_AA_2020,75241,小球,bottom
ASG_vs_AA_2020,75900,發球,top
ASG_vs_AA_2020,75916,平快球,bottom
ASG_vs_AA_2020,75932,切球,top
ASG_vs_AA_2020,75954,平快球,bottom
ASG_vs_AA_2020,75981,高遠球,top
ASG_vs_AA_2020,75996,殺球,bottom
ASG_vs_AA_2020,76005,平快球,top
ASG_vs_AA_2020,76023,平快球,bottom
ASG_vs_AA_2020,77059,發球,bottom
ASG_vs_AA_2020,77076,小球,top
ASG_vs_AA_2020,77093,小球,bottom
ASG_vs_AA_2020,77115,高遠球,top
ASG_vs_AA_2020,77944,發球,bottom
ASG_vs_AA_2020,77960,小球,top
ASG_vs_AA_2020,77976,平快球,bottom
ASG_vs_AA_2020,77987,平快球,top
ASG_vs_AA_2020,77994,平快球,bottom
ASG_vs_AA_2020,78011,殺球,top
ASG_vs_AA_2020,78018,高遠球,bottom
ASG_vs_AA_2020,78033,殺球,top
ASG_vs_AA_2020,78049,高遠球,bottom
ASG_vs_AA_2020,78081,殺球,top
ASG_vs_AA_2020,78094,小球,bottom
ASG_vs_AA_2020,78120,勾球,top
ASG_vs_AA_2020,78141,平快球,bottom
ASG_vs_AA_2020,78167,平快球,top
ASG_vs_AA_2020,78181,撲球,bottom
ASG_vs_AA_2020,78194,高遠球,top
ASG_vs_AA_2020,78221,殺球,bottom
ASG_vs_AA_2020,79702,發球,top
ASG_vs_AA_2020,79719,小球,bottom
ASG_vs_AA_2020,79745,高遠球,top
ASG_vs_AA_2020,79778,殺球,bottom
ASG_vs_AA_2020,79792,小球,top
ASG_vs_AA_2020,79816,小球,bottom
ASG_vs_AA_2020,79839,高遠球,top
ASG_vs_AA_2020,79895,殺球,bottom
ASG_vs_AA_2020,79906,小球,top
ASG_vs_AA_2020,79925,平快球,bottom
ASG_vs_AA_2020,79936,平快球,top
ASG_vs_AA_2020,79945,平快球,bottom
ASG_vs_AA_2020,79955,平快球,top
ASG_vs_AA_2020,81000,發球,top
ASG_vs_AA_2020,81014,勾球,bottom
ASG_vs_AA_2020,81035,小球,top
ASG_vs_AA_2020,81057,高遠球,bottom
ASG_vs_AA_2020,81091,殺球,top
ASG_vs_AA_2020,81102,小球,bottom
ASG_vs_AA_2020,81128,小球,top
ASG_vs_AA_2020,81151,高遠球,bottom
ASG_vs_AA_2020,81186,高遠球,top
ASG_vs_AA_2020,81214,切球,bottom
ASG_vs_AA_2020,81946,發球,bottom
ASG_vs_AA_2020,81962,平快球,top
ASG_vs_AA_2020,81972,平快球,bottom
ASG_vs_AA_2020,81985,平快球,top
ASG_vs_AA_2020,81994,平快球,bottom
ASG_vs_AA_2020,83901,發球,top
ASG_vs_AA_2020,83912,平快球,bottom
ASG_vs_AA_2020,83937,高遠球,top
ASG_vs_AA_2020,83977,切球,bottom
ASG_vs_AA_2020,83993,小球,top
ASG_vs_AA_2020,84012,高遠球,bottom
ASG_vs_AA_2020,84042,切球,top
ASG_vs_AA_2020,84572,發球,bottom
ASG_vs_AA_2020,84591,高遠球,top
ASG_vs_AA_2020,85118,發球,bottom
ASG_vs_AA_2020,85144,切球,top
ASG_vs_AA_2020,85167,高遠球,bottom
ASG_vs_AA_2020,85201,切球,top
ASG_vs_AA_2020,85213,平快球,bottom
ASG_vs_AA_2020,85226,小球,top
ASG_vs_AA_2020,85249,勾球,bottom
ASG_vs_AA_2020,85272,小球,top
ASG_vs_AA_2020,85294,高遠球,bottom
ASG_vs_AA_2020,85330,切球,top
ASG_vs_AA_2020,85348,平快球,bottom
ASG_vs_AA_2020,85379,平快球,top
ASG_vs_AA_2020,85394,平快球,bottom
ASG_vs_AA_2020,85406,勾球,top
ASG_vs_AA_2020,85431,小球,bottom
ASG_vs_AA_2020,85455,高遠球,top
ASG_vs_AA_2020,85497,高遠球,bottom
ASG_vs_AA_2020,85518,切球,top
ASG_vs_AA_2020,85536,平快球,bottom
ASG_vs_AA_2020,85551,切球,top
ASG_vs_AA_2020,85574,高遠球,bottom
ASG_vs_AA_2020,85611,切球,top
ASG_vs_AA_2020,85635,小球,bottom
ASG_vs_AA_2020,86530,發球,top
ASG_vs_AA_2020,86546,勾球,bottom
ASG_vs_AA_2020,86568,高遠球,top
ASG_vs_AA_2020,86594,殺球,bottom
ASG_vs_AA_2020,87743,發球,top
ASG_vs_AA_2020,87760,平快球,bottom
ASG_vs_AA_2020,87775,小球,top
ASG_vs_AA_2020,87796,小球,bottom
ASG_vs_AA_2020,87818,高遠球,top
ASG_vs_AA_2020,87874,切球,bottom
ASG_vs_AA_2020,87890,高遠球,top
ASG_vs_AA_2020,87922,切球,bottom
ASG_vs_AA_2020,87941,平快球,top
ASG_vs_AA_2020,87970,切球,bottom
ASG_vs_AA_2020,87996,勾球,top
ASG_vs_AA_2020,88021,平快球,bottom
ASG_vs_AA_2020,88034,小球,top
ASG_vs_AA_2020,88049,撲球,bottom
ASG_vs_AA_2020,88822,發球,bottom
ASG_vs_AA_2020,88845,殺球,top
ASG_vs_AA_2020,88854,小球,bottom
ASG_vs_AA_2020,88880,高遠球,top
ASG_vs_AA_2020,88915,切球,bottom
ASG_vs_AA_2020,88937,小球,top
ASG_vs_AA_2020,89478,發球,bottom
ASG_vs_AA_2020,89496,小球,top
ASG_vs_AA_2020,89513,平快球,bottom
ASG_vs_AA_2020,89540,平快球,top
ASG_vs_AA_2020,89552,小球,bottom
ASG_vs_AA_2020,89572,小球,top
ASG_vs_AA_2020,89598,小球,bottom
ASG_vs_AA_2020,89617,勾球,top
ASG_vs_AA_2020,89638,高遠球,bottom
ASG_vs_AA_2020,89685,殺球,top
ASG_vs_AA_2020,89699,小球,bottom
ASG_vs_AA_2020,90887,未知球種,
ASG_vs_AA_2020,90898,小球,bottom
ASG_vs_AA_2020,90915,高遠球,top
ASG_vs_AA_2020,90945,高遠球,bottom
ASG_vs_AA_2020,90973,切球,top
ASG_vs_AA_2020,91511,發球,bottom
ASG_vs_AA_2020,91529,小球,top
ASG_vs_AA_2020,91549,高遠球,bottom
ASG_vs_AA_2020,91589,切球,top
ASG_vs_AA_2020,91609,小球,bottom
ASG_vs_AA_2020,92302,發球,top
ASG_vs_AA_2020,92317,平快球,bottom
ASG_vs_AA_2020,92328,小球,top
ASG_vs_AA_2020,92348,高遠球,bottom
ASG_vs_AA_2020,92378,切球,top
ASG_vs_AA_2020,92397,高遠球,bottom
ASG_vs_AA_2020,92426,切球,top
ASG_vs_AA_2020,92440,平快球,bottom
ASG_vs_AA_2020,92452,小球,top
ASG_vs_AA_2020,92466,平快球,bottom
ASG_vs_AA_2020,92476,平快球,top
ASG_vs_AA_2020,92483,平快球,bottom
ASG_vs_AA_2020,92495,平快球,top
ASG_vs_AA_2020,92506,平快球,bottom
ASG_vs_AA_2020,92516,小球,top
ASG_vs_AA_2020,92538,高遠球,bottom
ASG_vs_AA_2020,92558,殺球,top
ASG_vs_AA_2020,94350,發球,bottom
ASG_vs_AA_2020,94369,平快球,top
ASG_vs_AA_2020,94385,平快球,bottom
ASG_vs_AA_2020,94397,平快球,top
ASG_vs_AA_2020,94408,小球,bottom
ASG_vs_AA_2020,94430,小球,top
ASG_vs_AA_2020,94451,小球,bottom
ASG_vs_AA_2020,94471,小球,top
ASG_vs_AA_2020,95256,發球,bottom
ASG_vs_AA_2020,95273,平快球,top
ASG_vs_AA_2020,95283,小球,bottom
ASG_vs_AA_2020,95305,高遠球,top
ASG_vs_AA_2020,95889,發球,bottom
ASG_vs_AA_2020,95906,小球,top
ASG_vs_AA_2020,95926,高遠球,bottom
ASG_vs_AA_2020,95958,殺球,top
ASG_vs_AA_2020,95971,小球,bottom
ASG_vs_AA_2020,95994,小球,top
ASG_vs_AA_2020,96015,小球,bottom
ASG_vs_AA_2020,96035,高遠球,top
ASG_vs_AA_2020,96081,切球,bottom
ASG_vs_AA_2020,96100,小球,top
ASG_vs_AA_2020,96111,平快球,bottom
ASG_vs_AA_2020,96122,平快球,top
ASG_vs_AA_2020,96132,平快球,bottom
ASG_vs_AA_2020,96150,小球,top
ASG_vs_AA_2020,96169,高遠球,bottom
ASG_vs_AA_2020,96193,殺球,top
ASG_vs_AA_2020,97918,發球,top
ASG_vs_AA_2020,97933,平快球,bottom
ASG_vs_AA_2020,97955,殺球,top
ASG_vs_AA_2020,97964,小球,bottom
ASG_vs_AA_2020,97986,小球,top
ASG_vs_AA_2020,98006,勾球,bottom
ASG_vs_AA_2020,98609,發球,bottom
ASG_vs_AA_2020,98627,小球,top
ASG_vs_AA_2020,98646,小球,bottom
ASG_vs_AA_2020,98668,平快球,top
ASG_vs_AA_2020,98694,切球,bottom
ASG_vs_AA_2020,99299,發球,top
ASG_vs_AA_2020,99318,小球,bottom
ASG_vs_AA_2020,99340,高遠球,top
ASG_vs_AA_2020,99375,高遠球,bottom
ASG_vs_AA_2020,99398,殺球,top
ASG_vs_AA_2020,99412,小球,bottom
ASG_vs_AA_2020,99433,平快球,top
ASG_vs_AA_2020,100770,發球,top
ASG_vs_AA_2020,100785,小球,bottom
ASG_vs_AA_2020,100803,高遠球,top
ASG_vs_AA_2020,100835,切球,bottom
ASG_vs_AA_2020,100853,小球,top
ASG_vs_AA_2020,100877,小球,bottom
ASG_vs_AA_2020,100899,高遠球,top
ASG_vs_AA_2020,100934,殺球,bottom
ASG_vs_AA_2020,101946,發球,top
ASG_vs_AA_2020,101966,平快球,bottom
ASG_vs_AA_2020,101988,殺球,top
ASG_vs_AA_2020,102001,小球,bottom
ASG_vs_AA_2020,102021,小球,top
ASG_vs_AA_2020,102043,平快球,bottom
ASG_vs_AA_2020,102076,切球,top
ASG_vs_AA_2020,102094,小球,bottom
ASG_vs_AA_2020,102119,平快球,top
ASG_vs_AA_2020,102143,平快球,bottom
ASG_vs_AA_2020,102161,小球,top
ASG_vs_AA_2020,102185,高遠球,bottom
ASG_vs_AA_2020,102213,殺球,top
ASG_vs_AA_2020,102222,平快球,bottom
ASG_vs_AA_2020,102237,高遠球,top
ASG_vs_AA_2020,102271,高遠球,bottom
ASG_vs_AA_2020,102293,殺球,top
ASG_vs_AA_2020,106296,發球,bottom
ASG_vs_AA_2020,106312,平快球,top
ASG_vs_AA_2020,106330,平快球,bottom
ASG_vs_AA_2020,106343,小球,top
ASG_vs_AA_2020,106365,高遠球,bottom
ASG_vs_AA_2020,106399,切球,top
ASG_vs_AA_2020,106420,小球,bottom
ASG_vs_AA_2020,106444,高遠球,top
ASG_vs_AA_2020,106475,殺球,bottom
ASG_vs_AA_2020,106490,平快球,top
ASG_vs_AA_2020,106509,小球,bottom
ASG_vs_AA_2020,106531,勾球,top
ASG_vs_AA_2020,106554,平快球,bottom
ASG_vs_AA_2020,106580,殺球,top
ASG_vs_AA_2020,106589,小球,bottom
ASG_vs_AA_2020,106615,高遠球,top
ASG_vs_AA_2020,106652,切球,bottom
ASG_vs_AA_2020,106675,高遠球,top
ASG_vs_AA_2020,107245,發球,bottom
ASG_vs_AA_2020,107264,小球,top
ASG_vs_AA_2020,107283,高遠球,bottom
ASG_vs_AA_2020,107312,殺球,top
ASG_vs_AA_2020,107899,發球,top
ASG_vs_AA_2020,107916,高遠球,bottom
ASG_vs_AA_2020,107944,平快球,top
ASG_vs_AA_2020,107959,小球,bottom
ASG_vs_AA_2020,107982,小球,top
ASG_vs_AA_2020,108006,勾球,bottom
ASG_vs_AA_2020,108030,高遠球,top
ASG_vs_AA_2020,108068,殺球,bottom
ASG_vs_AA_2020,108082,小球,top
ASG_vs_AA_2020,108107,平快球,bottom
ASG_vs_AA_2020,108133,平快球,top
ASG_vs_AA_2020,108146,平快球,bottom
ASG_vs_AA_2020,108158,小球,top
ASG_vs_AA_2020,108180,勾球,bottom
ASG_vs_AA_2020,108209,高遠球,top
ASG_vs_AA_2020,108230,撲球,bottom
ASG_vs_AA_2020,110275,發球,bottom
ASG_vs_AA_2020,110291,小球,top
ASG_vs_AA_2020,110311,小球,bottom
ASG_vs_AA_2020,110332,小球,top
ASG_vs_AA_2020,110353,小球,bottom
ASG_vs_AA_2020,110799,發球,top
ASG_vs_AA_2020,110821,高遠球,bottom
ASG_vs_AA_2020,110847,殺球,top
ASG_vs_AA_2020,110861,小球,bottom
ASG_vs_AA_2020,110880,小球,top
ASG_vs_AA_2020,110902,高遠球,bottom
ASG_vs_AA_2020,110953,高遠球,top
ASG_vs_AA_2020,110984,殺球,bottom
ASG_vs_AA_2020,110994,高遠球,top
ASG_vs_AA_2020,111017,殺球,bottom
ASG_vs_AA_2020,112219,高遠球,top
ASG_vs_AA_2020,112243,高遠球,bottom
ASG_vs_AA_2020,112273,切球,top
ASG_vs_AA_2020,112752,發球,bottom
ASG_vs_AA_2020,112769,小球,top
ASG_vs_AA_2020,112789,平快球,bottom
ASG_vs_AA_2020,112816,平快球,top
ASG_vs_AA_2020,112826,小球,bottom
ASG_vs_AA_2020,112840,平快球,top
ASG_vs_AA_2020,112855,小球,bottom
ASG_vs_AA_2020,112871,小球,top
ASG_vs_AA_2020,112893,平快球,bottom
ASG_vs_AA_2020,112914,殺球,top
ASG_vs_AA_2020,112923,小球,bottom
ASG_vs_AA_2020,112950,小球,top
ASG_vs_AA_2020,112974,高遠球,bottom
ASG_vs_AA_2020,113007,切球,top
ASG_vs_AA_2020,114139,發球,bottom
ASG_vs_AA_2020,114152,小球,top
ASG_vs_AA_2020,114174,高遠球,bottom
ASG_vs_AA_2020,114207,殺球,top
ASG_vs_AA_2020,114224,小球,bottom
ASG_vs_AA_2020,114953,發球,top
ASG_vs_AA_2020,114973,高遠球,bottom
ASG_vs_AA_2020,115006,切球,top
ASG_vs_AA_2020,116073,發球,bottom
ASG_vs_AA_2020,116091,勾球,top
ASG_vs_AA_2020,116111,小球,bottom
ASG_vs_AA_2020,116511,發球,top
ASG_vs_AA_2020,116535,切球,bottom
ASG_vs_AA_2020,116557,小球,top
ASG_vs_AA_2020,116576,小球,bottom
ASG_vs_AA_2020,116596,高遠球,top
ASG_vs_AA_2020,116635,殺球,bottom
ASG_vs_AA_2020,116647,小球,top
ASG_vs_AA_2020,117091,未知球種,
ASG_vs_AA_2020,117670,未知球種,
ASG_vs_AA_2020,117683,小球,top
ASG_vs_AA_2020,117704,高遠球,bottom
ASG_vs_AA_2020,117742,殺球,top
ASG_vs_AA_2020,117752,小球,bottom
ASG_vs_AA_2020,117773,小球,top
ASG_vs_AA_2020,117794,小球,bottom
ASG_vs_AA_2020,117817,小球,top
ASG_vs_AA_2020,117834,撲球,bottom
ASG_vs_AA_2020,120624,發球,top
ASG_vs_AA_2020,120644,平快球,bottom
ASG_vs_AA_2020,120665,切球,top
ASG_vs_AA_2020,120688,小球,bottom
ASG_vs_AA_2020,120713,高遠球,top
ASG_vs_AA_2020,120758,高遠球,bottom
ASG_vs_AA_2020,120780,高遠球,top
ASG_vs_AA_2020,120821,切球,bottom
ASG_vs_AA_2020,120837,小球,top
ASG_vs_AA_2020,120857,高遠球,bottom
ASG_vs_AA_2020,120889,切球,top
ASG_vs_AA_2020,120908,平快球,bottom
ASG_vs_AA_2020,120940,平快球,top
ASG_vs_AA_2020,120954,小球,bottom
ASG_vs_AA_2020,120979,高遠球,top
ASG_vs_AA_2020,121013,殺球,bottom
ASG_vs_AA_2020,121024,小球,top
ASG_vs_AA_2020,121049,小球,bottom
ASG_vs_AA_2020,121073,高遠球,top
ASG_vs_AA_2020,121109,高遠球,bottom
ASG_vs_AA_2020,121139,高遠球,top
ASG_vs_AA_2020,121172,殺球,bottom
ASG_vs_AA_2020,121185,小球,top
ASG_vs_AA_2020,121207,勾球,bottom
ASG_vs_AA_2020,121231,高遠球,top
ASG_vs_AA_2020,121284,高遠球,bottom
ASG_vs_AA_2020,121299,高遠球,top
ASG_vs_AA_2020,121334,高遠球,bottom
ASG_vs_AA_2020,121362,高遠球,top
ASG_vs_AA_2020,121396,殺球,bottom
ASG_vs_AA_2020,122843,發球,bottom
ASG_vs_AA_2020,122856,高遠球,top
ASG_vs_AA_2020,122891,切球,bottom
ASG_vs_AA_2020,122905,小球,top
ASG_vs_AA_2020,122926,小球,bottom
ASG_vs_AA_2020,122951,小球,top
ASG_vs_AA_2020,122973,小球,bottom
ASG_vs_AA_2020,122990,撲球,top
ASG_vs_AA_2020,125589,發球,bottom
ASG_vs_AA_2020,125606,小球,top
ASG_vs_AA_2020,125620,小球,bottom
ASG_vs_AA_2020,125639,小球,top
ASG_vs_AA_2020,125661,勾球,bottom
ASG_vs_AA_2020,125683,小球,top
ASG_vs_AA_2020,125706,高遠球,bottom
ASG_vs_AA_2020,125746,高遠球,top
ASG_vs_AA_2020,125779,切球,bottom
ASG_vs_AA_2020,125803,小球,top
ASG_vs_AA_2020,125826,小球,bottom
ASG_vs_AA_2020,125847,高遠球,top
ASG_vs_AA_2020,125901,殺球,bottom
ASG_vs_AA_2020,126402,發球,top
ASG_vs_AA_2020,126417,高遠球,bottom
ASG_vs_AA_2020,126450,高遠球,top
ASG_vs_AA_2020,126479,殺球,bottom
ASG_vs_AA_2020,127533,發球,bottom
ASG_vs_AA_2020,127560,殺球,top
ASG_vs_AA_2020,127571,小球,bottom
ASG_vs_AA_2020,127595,小球,top
ASG_vs_AA_2020,127617,高遠球,bottom
ASG_vs_AA_2020,127652,高遠球,top
ASG_vs_AA_2020,127674,小球,bottom
ASG_vs_AA_2020,127700,小球,top
ASG_vs_AA_2020,127712,撲球,bottom
ASG_vs_AA_2020,128347,發球,top
ASG_vs_AA_2020,128367,平快球,bottom
ASG_vs_AA_2020,128396,切球,top
ASG_vs_AA_2020,128420,小球,bottom
ASG_vs_AA_2020,128876,發球,top
ASG_vs_AA_2020,129234,發球,bottom
ASG_vs_AA_2020,129253,小球,top
ASG_vs_AA_2020,129273,高遠球,bottom
ASG_vs_AA_2020,129305,殺球,top
ASG_vs_AA_2020,129317,小球,bottom
ASG_vs_AA_2020,129336,高遠球,top
ASG_vs_AA_2020,129364,高遠球,bottom
ASG_vs_AA_2020,129381,殺球,top
ASG_vs_AA_2020,129811,發球,top
ASG_vs_AA_2020,129828,平快球,bottom
ASG_vs_AA_2020,129857,高遠球,top
ASG_vs_AA_2020,129883,殺球,bottom
ASG_vs_AA_2020,129896,勾球,top
ASG_vs_AA_2020,129922,高遠球,bottom
ASG_vs_AA_2020,130725,發球,bottom
ASG_vs_AA_2020,130740,小球,top
ASG_vs_AA_2020,130760,小球,bottom
ASG_vs_AA_2020,130785,小球,top
ASG_vs_AA_2020,130801,撲球,bottom
ASG_vs_AA_2020,130802,未知球種,
ASY_vs_PC_2021,10418,發球,top
ASY_vs_PC_2021,10481,切球,bottom
ASY_vs_PC_2021,10512,平快球,top
ASY_vs_PC_2021,10546,高遠球,bottom
ASY_vs_PC_2021,10576,殺球,top
ASY_vs_PC_2021,10594,小球,bottom
ASY_vs_PC_2021,10629,小球,top
ASY_vs_PC_2021,10652,平快球,bottom
ASY_vs_PC_2021,11129,平快球,bottom
ASY_vs_PC_2021,11152,高遠球,top
ASY_vs_PC_2021,11181,高遠球,bottom
ASY_vs_PC_2021,11219,切球,top
ASY_vs_PC_2021,11662,發球,top
ASY_vs_PC_2021,11718,高遠球,bottom
ASY_vs_PC_2021,11757,殺球,top
ASY_vs_PC_2021,11770,小球,bottom
ASY_vs_PC_2021,11797,高遠球,top
ASY_vs_PC_2021,11831,殺球,bottom
ASY_vs_PC_2021,11848,小球,top
ASY_vs_PC_2021,11875,平快球,bottom
ASY_vs_PC_2021,11904,高遠球,top
ASY_vs_PC_2021,11927,殺球,bottom
ASY_vs_PC_2021,11945,勾球,top
ASY_vs_PC_2021,11974,高遠球,bottom
ASY_vs_PC_2021,12023,高遠球,top
ASY_vs_PC_2021,12050,切球,bottom
ASY_vs_PC_2021,12089,小球,top
ASY_vs_PC_2021,12113,高遠球,bottom
ASY_vs_PC_2021,12169,切球,top
ASY_vs_PC_2021,12191,切球,bottom
ASY_vs_PC_2021,12727,發球,bottom
ASY_vs_PC_2021,12755,平快球,top
ASY_vs_PC_2021,12783,高遠球,bottom
ASY_vs_PC_2021,12838,高遠球,bottom
ASY_vs_PC_2021,13623,小球,top
ASY_vs_PC_2021,13649,小球,bottom
ASY_vs_PC_2021,14195,小球,bottom
ASY_vs_PC_2021,14235,高遠球,top
ASY_vs_PC_2021,14270,殺球,bottom
ASY_vs_PC_2021,14290,平快球,top
ASY_vs_PC_2021,14310,切球,bottom
ASY_vs_PC_2021,14339,高遠球,top
ASY_vs_PC_2021,14381,高遠球,bottom
ASY_vs_PC_2021,14412,殺球,top
ASY_vs_PC_2021,14428,勾球,bottom
ASY_vs_PC_2021,14459,平快球,top
ASY_vs_PC_2021,14482,高遠球,bottom
ASY_vs_PC_2021,14515,切球,top
ASY_vs_PC_2021,14543,平快球,bottom
ASY_vs_PC_2021,14602,切球,top
ASY_vs_PC_2021,14615,高遠球,bottom
ASY_vs_PC_2021,14662,切球,top
ASY_vs_PC_2021,14690,高遠球,bottom
ASY_vs_PC_2021,15417,小球,bottom
ASY_vs_PC_2021,15447,平快球,top
ASY_vs_PC_2021,15475,殺球,bottom
ASY_vs_PC_2021,15494,小球,top
ASY_vs_PC_2021,16382,殺球,bottom
ASY_vs_PC_2021,16398,小球,top
ASY_vs_PC_2021,16427,小球,bottom
ASY_vs_PC_2021,17003,高遠球,bottom
ASY_vs_PC_2021,17039,高遠球,top
ASY_vs_PC_2021,17069,高遠球,bottom
ASY_vs_PC_2021,17116,殺球,top
ASY_vs_PC_2021,17660,殺球,bottom
ASY_vs_PC_2021,17858,高遠球,bottom
ASY_vs_PC_2021,17922,平快球,bottom
ASY_vs_PC_2021,17961,高遠球,top
ASY_vs_PC_2021,17987,切球,bottom
ASY_vs_PC_2021,18713,發球,bottom
ASY_vs_PC_2021,18735,平快球,top
ASY_vs_PC_2021,18768,切球,bottom
ASY_vs_PC_2021,19343,發球,top
ASY_vs_PC_2021,19400,殺球,bottom
ASY_vs_PC_2021,19422,勾球,top
ASY_vs_PC_2021,19446,高遠球,bottom
ASY_vs_PC_2021,19488,高遠球,top
ASY_vs_PC_2021,19520,切球,bottom
ASY_vs_PC_2021,19549,小球,top
ASY_vs_PC_2021,19576,高遠球,bottom
ASY_vs_PC_2021,19607,高遠球,top
ASY_vs_PC_2021,19644,殺球,bottom
ASY_vs_PC_2021,19670,小球,top
ASY_vs_PC_2021,19697,平快球,bottom
ASY_vs_PC_2021,19727,殺球,top
ASY_vs_PC_2021,20344,發球,bottom
ASY_vs_PC_2021,20369,平快球,top
ASY_vs_PC_2021,20403,高遠球,bottom
ASY_vs_PC_2021,20439,切球,top
ASY_vs_PC_2021,20464,小球,bottom
ASY_vs_PC_2021,20495,勾球,top
ASY_vs_PC_2021,20522,高遠球,bottom
ASY_vs_PC_2021,20569,切球,top
ASY_vs_PC_2021,20583,小球,bottom
ASY_vs_PC_2021,20614,平快球,top
ASY_vs_PC_2021,20643,切球,bottom
ASY_vs_PC_2021,20673,高遠球,top
ASY_vs_PC_2021,20712,高遠球,bottom
ASY_vs_PC_2021,20747,殺球,top
ASY_vs_PC_2021,20767,小球,bottom
ASY_vs_PC_2021,20803,高遠球,top
ASY_vs_PC_2021,21438,發球,bottom
ASY_vs_PC_2021,21462,撲球,top
ASY_vs_PC_2021,21475,平快球,bottom
ASY_vs_PC_2021,22301,發球,bottom
ASY_vs_PC_2021,22327,平快球,top
ASY_vs_PC_2021,22363,平快球,bottom
ASY_vs_PC_2021,22380,勾球,top
ASY_vs_PC_2021,22401,高遠球,bottom
ASY_vs_PC_2021,22447,高遠球,top
ASY_vs_PC_2021,23038,平快球,top
ASY_vs_PC_2021,23057,小球,bottom
ASY_vs_PC_2021,23082,平快球,top
ASY_vs_PC_2021,23761,切球,top
ASY_vs_PC_2021,23795,平快球,bottom
ASY_vs_PC_2021,23838,高遠球,top
ASY_vs_PC_2021,23870,高遠球,bottom
ASY_vs_PC_2021,23909,高遠球,top
ASY_vs_PC_2021,23940,高遠球,bottom
ASY_vs_PC_2021,23985,高遠球,top
ASY_vs_PC_2021,24012,高遠球,bottom
ASY_vs_PC_2021,24064,切球,top
ASY_vs_PC_2021,24088,平快球,bottom
ASY_vs_PC_2021,24117,殺球,top
ASY_vs_PC_2021,24132,小球,bottom
ASY_vs_PC_2021,24161,平快球,top
ASY_vs_PC_2021,26364,發球,bottom
ASY_vs_PC_2021,26393,小球,top
ASY_vs_PC_2021,26418,高遠球,bottom
ASY_vs_PC_2021,26470,殺球,top
ASY_vs_PC_2021,26487,小球,bottom
ASY_vs_PC_2021,27149,發球,top
ASY_vs_PC_2021,27204,高遠球,bottom
ASY_vs_PC_2021,27243,高遠球,top
ASY_vs_PC_2021,27274,切球,bottom
ASY_vs_PC_2021,27301,小球,top
ASY_vs_PC_2021,27331,高遠球,bottom
ASY_vs_PC_2021,27373,殺球,top
ASY_vs_PC_2021,27393,勾球,bottom
ASY_vs_PC_2021,27423,高遠球,top
ASY_vs_PC_2021,27452,高遠球,bottom
ASY_vs_PC_2021,27483,高遠球,top
ASY_vs_PC_2021,27509,切球,bottom
ASY_vs_PC_2021,27548,高遠球,top
ASY_vs_PC_2021,27587,高遠球,bottom
ASY_vs_PC_2021,27621,殺球,top
ASY_vs_PC_2021,27639,小球,bottom
ASY_vs_PC_2021,28570,發球,top
ASY_vs_PC_2021,28632,切球,bottom
ASY_vs_PC_2021,28660,小球,top
ASY_vs_PC_2021,28686,小球,bottom
ASY_vs_PC_2021,28710,撲球,top
ASY_vs_PC_2021,29352,未知球種,
ASY_vs_PC_2021,29380,高遠球,bottom
ASY_vs_PC_2021,29415,殺球,top
ASY_vs_PC_2021,29433,小球,bottom
ASY_vs_PC_2021,29454,平快球,top
ASY_vs_PC_2021,30646,發球,bottom
ASY_vs_PC_2021,30673,殺球,top
ASY_vs_PC_2021,30686,小球,bottom
ASY_vs_PC_2021,30715,高遠球,top
ASY_vs_PC_2021,30746,切球,bottom
ASY_vs_PC_2021,30776,高遠球,top
ASY_vs_PC_2021,30810,殺球,bottom
ASY_vs_PC_2021,30830,小球,top
ASY_vs_PC_2021,30853,高遠球,bottom
ASY_vs_PC_2021,30885,切球,top
ASY_vs_PC_2021,30906,平快球,bottom
ASY_vs_PC_2021,30942,切球,top
ASY_vs_PC_2021,30971,小球,bottom
ASY_vs_PC_2021,31003,高遠球,top
ASY_vs_PC_2021,31059,切球,bottom
ASY_vs_PC_2021,31093,小球,top
ASY_vs_PC_2021,31124,平快球,bottom
ASY_vs_PC_2021,31158,切球,top
ASY_vs_PC_2021,31183,小球,bottom
ASY_vs_PC_2021,31214,平快球,top
ASY_vs_PC_2021,31241,高遠球,bottom
ASY_vs_PC_2021,31271,切球,top
ASY_vs_PC_2021,31298,小球,bottom
ASY_vs_PC_2021,31327,小球,top
ASY_vs_PC_2021,31358,平快球,bottom
ASY_vs_PC_2021,31393,高遠球,top
ASY_vs_PC_2021,31439,高遠球,bottom
ASY_vs_PC_2021,31471,高遠球,top
ASY_vs_PC_2021,31497,高遠球,bottom
ASY_vs_PC_2021,31534,切球,top
ASY_vs_PC_2021,32378,小球,top
ASY_vs_PC_2021,32403,平快球,bottom
ASY_vs_PC_2021,32442,高遠球,top
ASY_vs_PC_2021,32470,殺球,bottom
ASY_vs_PC_2021,32488,高遠球,top
ASY_vs_PC_2021,32506,高遠球,bottom
ASY_vs_PC_2021,32526,切球,top
ASY_vs_PC_2021,32547,高遠球,bottom
ASY_vs_PC_2021,32573,高遠球,top
ASY_vs_PC_2021,32605,高遠球,bottom
ASY_vs_PC_2021,32639,殺球,top
ASY_vs_PC_2021,32659,小球,bottom
ASY_vs_PC_2021,32691,小球,top
ASY_vs_PC_2021,32717,高遠球,bottom
ASY_vs_PC_2021,32771,切球,top
ASY_vs_PC_2021,32793,高遠球,bottom
ASY_vs_PC_2021,32828,平快球,top
ASY_vs_PC_2021,32846,小球,bottom
ASY_vs_PC_2021,32872,撲球,top
ASY_vs_PC_2021,32887,平快球,bottom
ASY_vs_PC_2021,32917,殺球,top
ASY_vs_PC_2021,33970,發球,top
ASY_vs_PC_2021,34029,切球,bottom
ASY_vs_PC_2021,34055,勾球,top
ASY_vs_PC_2021,34088,小球,bottom
ASY_vs_PC_2021,34114,平快球,top
ASY_vs_PC_2021,34145,切球,bottom
ASY_vs_PC_2021,34832,平快球,top
ASY_vs_PC_2021,34857,平快球,bottom
ASY_vs_PC_2021,34868,小球,top
ASY_vs_PC_2021,34884,高遠球,bottom
ASY_vs_PC_2021,34926,切球,top
ASY_vs_PC_2021,34945,平快球,bottom
ASY_vs_PC_2021,34977,平快球,top
ASY_vs_PC_2021,35000,切球,bottom
ASY_vs_PC_2021,35029,高遠球,top
ASY_vs_PC_2021,35686,平快球,top
ASY_vs_PC_2021,35721,高遠球,bottom
ASY_vs_PC_2021,35758,切球,top
ASY_vs_PC_2021,36312,發球,bottom
ASY_vs_PC_2021,36335,平快球,top
ASY_vs_PC_2021,36370,殺球,bottom
ASY_vs_PC_2021,36387,勾球,top
ASY_vs_PC_2021,36411,小球,bottom
ASY_vs_PC_2021,36439,小球,top
ASY_vs_PC_2021,36463,平快球,bottom
ASY_vs_PC_2021,37704,高遠球,bottom
ASY_vs_PC_2021,37739,高遠球,top
ASY_vs_PC_2021,38265,發球,bottom
ASY_vs_PC_2021,38286,平快球,top
ASY_vs_PC_2021,38310,殺球,bottom
ASY_vs_PC_2021,38856,高遠球,bottom
ASY_vs_PC_2021,38918,高遠球,top
ASY_vs_PC_2021,38967,切球,bottom
ASY_vs_PC_2021,38991,平快球,top
ASY_vs_PC_2021,39021,高遠球,bottom
ASY_vs_PC_2021,39056,高遠球,top
ASY_vs_PC_2021,39085,高遠球,bottom
ASY_vs_PC_2021,39125,殺球,top
ASY_vs_PC_2021,39144,小球,bottom
ASY_vs_PC_2021,39171,切球,top
ASY_vs_PC_2021,39202,高遠球,bottom
ASY_vs_PC_2021,39249,切球,top
ASY_vs_PC_2021,39271,勾球,bottom
ASY_vs_PC_2021,39297,小球,top
ASY_vs_PC_2021,39329,高遠球,bottom
ASY_vs_PC_2021,39379,殺球,top
ASY_vs_PC_2021,39397,小球,bottom
ASY_vs_PC_2021,39425,高遠球,top
ASY_vs_PC_2021,39450,高遠球,bottom
ASY_vs_PC_2021,39485,殺球,top
ASY_vs_PC_2021,39504,小球,bottom
ASY_vs_PC_2021,39535,小球,top
ASY_vs_PC_2021,39564,高遠球,bottom
ASY_vs_PC_2021,39618,切球,top
ASY_vs_PC_2021,40366,發球,bottom
ASY_vs_PC_2021,40911,發球,top
ASY_vs_PC_2021,40969,切球,bottom
ASY_vs_PC_2021,41002,小球,top
ASY_vs_PC_2021,41033,平快球,bottom
ASY_vs_PC_2021,41075,切球,top
ASY_vs_PC_2021,41594,發球,bottom
ASY_vs_PC_2021,41620,平快球,top
ASY_vs_PC_2021,41657,切球,bottom
ASY_vs_PC_2021,41694,小球,top
ASY_vs_PC_2021,41716,高遠球,bottom
ASY_vs_PC_2021,41775,高遠球,top
ASY_vs_PC_2021,41807,殺球,bottom
ASY_vs_PC_2021,42381,發球,top
ASY_vs_PC_2021,42437,高遠球,bottom
ASY_vs_PC_2021,42475,高遠球,top
ASY_vs_PC_2021,43213,發球,top
ASY_vs_PC_2021,43270,殺球,bottom
ASY_vs_PC_2021,43289,小球,top
ASY_vs_PC_2021,43309,平快球,bottom
ASY_vs_PC_2021,43342,切球,top
ASY_vs_PC_2021,43363,平快球,bottom
ASY_vs_PC_2021,43383,高遠球,top
ASY_vs_PC_2021,43416,切球,bottom
ASY_vs_PC_2021,43440,小球,top
ASY_vs_PC_2021,43470,高遠球,bottom
ASY_vs_PC_2021,43525,高遠球,top
ASY_vs_PC_2021,43563,高遠球,bottom
ASY_vs_PC_2021,43603,殺球,top
ASY_vs_PC_2021,43622,小球,bottom
ASY_vs_PC_2021,43652,撲球,top
ASY_vs_PC_2021,43660,平快球,bottom
ASY_vs_PC_2021,43675,殺球,top
ASY_vs_PC_2021,43691,高遠球,bottom
ASY_vs_PC_2021,43723,殺球,top
ASY_vs_PC_2021,43738,小球,bottom
ASY_vs_PC_2021,43758,撲球,top
ASY_vs_PC_2021,44951,切球,bottom
ASY_vs_PC_2021,45001,高遠球,top
ASY_vs_PC_2021,45041,高遠球,bottom
ASY_vs_PC_2021,45071,高遠球,top
ASY_vs_PC_2021,49204,發球,top
ASY_vs_PC_2021,49232,平快球,bottom
ASY_vs_PC_2021,49260,切球,top
ASY_vs_PC_2021,49285,平快球,bottom
ASY_vs_PC_2021,49731,發球,top
ASY_vs_PC_2021,49754,高遠球,bottom
ASY_vs_PC_2021,49801,高遠球,top
ASY_vs_PC_2021,49811,高遠球,bottom
ASY_vs_PC_2021,49839,切球,top
ASY_vs_PC_2021,49861,平快球,bottom
ASY_vs_PC_2021,49893,殺球,top
ASY_vs_PC_2021,49912,平快球,bottom
ASY_vs_PC_2021,49946,切球,top
ASY_vs_PC_2021,49977,小球,bottom
ASY_vs_PC_2021,50001,小球,top
ASY_vs_PC_2021,50031,高遠球,bottom
ASY_vs_PC_2021,50067,高遠球,top
ASY_vs_PC_2021,50104,切球,bottom
ASY_vs_PC_2021,50132,小球,top
ASY_vs_PC_2021,50161,平快球,bottom
ASY_vs_PC_2021,50197,切球,top
ASY_vs_PC_2021,50223,高遠球,bottom
ASY_vs_PC_2021,50255,切球,top
ASY_vs_PC_2021,50291,小球,bottom
ASY_vs_PC_2021,51001,高遠球,bottom
ASY_vs_PC_2021,51036,殺球,top
ASY_vs_PC_2021,51058,小球,bottom
ASY_vs_PC_2021,51663,小球,bottom
ASY_vs_PC_2021,51688,小球,top
ASY_vs_PC_2021,51714,平快球,bottom
ASY_vs_PC_2021,51739,高遠球,top
ASY_vs_PC_2021,51776,殺球,bottom
ASY_vs_PC_2021,51793,小球,top
ASY_vs_PC_2021,52420,小球,top
ASY_vs_PC_2021,52448,高遠球,bottom
ASY_vs_PC_2021,52501,殺球,top
ASY_vs_PC_2021,53075,未知球種,
ASY_vs_PC_2021,53089,平快球,bottom
ASY_vs_PC_2021,53117,平快球,top
ASY_vs_PC_2021,53132,切球,bottom
ASY_vs_PC_2021,53153,小球,top
ASY_vs_PC_2021,53187,高遠球,bottom
ASY_vs_PC_2021,53221,切球,top
ASY_vs_PC_2021,53247,小球,bottom
ASY_vs_PC_2021,53274,小球,top
ASY_vs_PC_2021,53305,高遠球,bottom
ASY_vs_PC_2021,53356,切球,top
ASY_vs_PC_2021,53382,平快球,bottom
ASY_vs_PC_2021,53415,高遠球,top
ASY_vs_PC_2021,53454,殺球,bottom
ASY_vs_PC_2021,54129,發球,bottom
ASY_vs_PC_2021,54156,平快球,top
ASY_vs_PC_2021,54655,殺球,top
ASY_vs_PC_2021,54685,小球,bottom
ASY_vs_PC_2021,54717,小球,top
ASY_vs_PC_2021,54742,平快球,bottom
ASY_vs_PC_2021,54781,高遠球,top
ASY_vs_PC_2021,54818,切球,bottom
ASY_vs_PC_2021,54842,小球,top
ASY_vs_PC_2021,54870,平快球,bottom
ASY_vs_PC_2021,54908,切球,top
ASY_vs_PC_2021,54937,高遠球,bottom
ASY_vs_PC_2021,54980,切球,top
ASY_vs_PC_2021,55002,勾球,bottom
ASY_vs_PC_2021,55031,小球,top
ASY_vs_PC_2021,55059,高遠球,bottom
ASY_vs_PC_2021,55098,殺球,top
ASY_vs_PC_2021,56019,發球,top
ASY_vs_PC_2021,56047,平快球,bottom
ASY_vs_PC_2021,56077,切球,top
ASY_vs_PC_2021,56099,小球,bottom
ASY_vs_PC_2021,56127,小球,top
ASY_vs_PC_2021,56151,高遠球,bottom
ASY_vs_PC_2021,56190,切球,top
ASY_vs_PC_2021,56218,小球,bottom
ASY_vs_PC_2021,56244,高遠球,top
ASY_vs_PC_2021,56298,殺球,bottom
ASY_vs_PC_2021,56315,小球,top
ASY_vs_PC_2021,56336,撲球,bottom
ASY_vs_PC_2021,57042,發球,top
ASY_vs_PC_2021,57070,平快球,bottom
ASY_vs_PC_2021,57102,殺球,top
ASY_vs_PC_2021,57126,高遠球,bottom
ASY_vs_PC_2021,57146,殺球,top
ASY_vs_PC_2021,57159,小球,bottom
ASY_vs_PC_2021,57186,小球,top
ASY_vs_PC_2021,57216,小球,bottom
ASY_vs_PC_2021,57867,發球,top
ASY_vs_PC_2021,57894,平快球,bottom
ASY_vs_PC_2021,57938,高遠球,top
ASY_vs_PC_2021,57952,平快球,bottom
ASY_vs_PC_2021,57978,平快球,top
ASY_vs_PC_2021,57991,小球,bottom
ASY_vs_PC_2021,58011,小球,top
ASY_vs_PC_2021,58038,平快球,bottom
ASY_vs_PC_2021,58067,高遠球,top
ASY_vs_PC_2021,58087,切球,bottom
ASY_vs_PC_2021,58112,勾球,top
ASY_vs_PC_2021,58141,平快球,bottom
ASY_vs_PC_2021,58770,高遠球,bottom
ASY_vs_PC_2021,58811,切球,top
ASY_vs_PC_2021,58842,平快球,bottom
ASY_vs_PC_2021,58871,平快球,top
ASY_vs_PC_2021,58890,切球,bottom
ASY_vs_PC_2021,58913,小球,top
ASY_vs_PC_2021,58944,高遠球,bottom
ASY_vs_PC_2021,59001,切球,top
ASY_vs_PC_2021,59770,切球,top
ASY_vs_PC_2021,59795,高遠球,bottom
ASY_vs_PC_2021,59829,高遠球,top
ASY_vs_PC_2021,59857,高遠球,bottom
ASY_vs_PC_2021,59880,殺球,top
ASY_vs_PC_2021,59897,小球,bottom
ASY_vs_PC_2021,59917,小球,top
ASY_vs_PC_2021,59945,小球,bottom
ASY_vs_PC_2021,60609,未知球種,
ASY_vs_PC_2021,60621,小球,bottom
ASY_vs_PC_2021,60646,小球,top
ASY_vs_PC_2021,60674,高遠球,bottom
ASY_vs_PC_2021,61227,發球,top
ASY_vs_PC_2021,61250,平快球,bottom
ASY_vs_PC_2021,61284,平快球,top
ASY_vs_PC_2021,61300,切球,bottom
ASY_vs_PC_2021,61323,小球,top
ASY_vs_PC_2021,61352,平快球,bottom
ASY_vs_PC_2021,61371,殺球,top
ASY_vs_PC_2021,61382,小球,bottom
ASY_vs_PC_2021,61405,高遠球,top
ASY_vs_PC_2021,61449,殺球,bottom
ASY_vs_PC_2021,61467,小球,top
ASY_vs_PC_2021,61492,小球,bottom
ASY_vs_PC_2021,61518,高遠球,top
ASY_vs_PC_2021,61570,殺球,bottom
ASY_vs_PC_2021,61590,小球,top
ASY_vs_PC_2021,61607,平快球,bottom
ASY_vs_PC_2021,61629,切球,top
ASY_vs_PC_2021,61654,高遠球,bottom
ASY_vs_PC_2021,61693,切球,top
ASY_vs_PC_2021,61721,小球,bottom
ASY_vs_PC_2021,61755,小球,top
ASY_vs_PC_2021,61779,高遠球,bottom
ASY_vs_PC_2021,61830,切球,top
ASY_vs_PC_2021,62823,小球,top
ASY_vs_PC_2021,62849,平快球,bottom
ASY_vs_PC_2021,62893,切球,top
ASY_vs_PC_2021,62920,平快球,bottom
ASY_vs_PC_2021,62952,切球,top
ASY_vs_PC_2021,62999,勾球,bottom
ASY_vs_PC_2021,63018,撲球,top
ASY_vs_PC_2021,65217,發球,top
ASY_vs_PC_2021,65241,高遠球,bottom
ASY_vs_PC_2021,65267,高遠球,top
ASY_vs_PC_2021,65290,小球,bottom
ASY_vs_PC_2021,65316,小球,top
ASY_vs_PC_2021,65340,平快球,bottom
ASY_vs_PC_2021,65381,高遠球,top
ASY_vs_PC_2021,65922,發球,bottom
ASY_vs_PC_2021,65947,小球,top
ASY_vs_PC_2021,65970,高遠球,bottom
ASY_vs_PC_2021,66005,殺球,top
ASY_vs_PC_2021,66024,小球,bottom
ASY_vs_PC_2021,66054,小球,top
ASY_vs_PC_2021,66080,平快球,bottom
ASY_vs_PC_2021,66120,切球,top
ASY_vs_PC_2021,66146,平快球,bottom
ASY_vs_PC_2021,66185,殺球,top
ASY_vs_PC_2021,66202,小球,bottom
ASY_vs_PC_2021,66232,小球,top
ASY_vs_PC_2021,66256,小球,bottom
ASY_vs_PC_2021,66282,小球,top
ASY_vs_PC_2021,66302,撲球,bottom
ASY_vs_PC_2021,66329,高遠球,top
ASY_vs_PC_2021,67035,小球,top
ASY_vs_PC_2021,67060,小球,bottom
ASY_vs_PC_2021,67501,發球,top
ASY_vs_PC_2021,67532,平快球,bottom
ASY_vs_PC_2021,67563,高遠球,top
ASY_vs_PC_2021,67590,殺球,bottom
ASY_vs_PC_2021,67611,小球,top
ASY_vs_PC_2021,68897,小球,bottom
ASY_vs_PC_2021,68954,平快球,bottom
ASY_vs_PC_2021,68992,高遠球,top
ASY_vs_PC_2021,69027,殺球,bottom
ASY_vs_PC_2021,69044,小球,top
ASY_vs_PC_2021,69072,平快球,bottom
ASY_vs_PC_2021,69098,切球,top
ASY_vs_PC_2021,69131,高遠球,bottom
ASY_vs_PC_2021,69186,切球,top
ASY_vs_PC_2021,69207,小球,bottom
ASY_vs_PC_2021,69245,平快球,top
ASY_vs_PC_2021,69264,殺球,bottom
ASY_vs_PC_2021,69278,平快球,top
ASY_vs_PC_2021,69297,平快球,bottom
ASY_vs_PC_2021,69334,切球,top
ASY_vs_PC_2021,69362,平快球,bottom
ASY_vs_PC_2021,69406,切球,top
ASY_vs_PC_2021,69436,平快球,bottom
ASY_vs_PC_2021,70109,發球,top
ASY_vs_PC_2021,70131,平快球,bottom
ASY_vs_PC_2021,70168,高遠球,top
ASY_vs_PC_2021,70182,勾球,bottom
ASY_vs_PC_2021,70211,小球,top
ASY_vs_PC_2021,70235,平快球,bottom
ASY_vs_PC_2021,70266,高遠球,top
ASY_vs_PC_2021,70320,殺球,bottom
ASY_vs_PC_2021,71455,發球,bottom
ASY_vs_PC_2021,71474,小球,top
ASY_vs_PC_2021,71501,平快球,bottom
ASY_vs_PC_2021,71533,殺球,top
ASY_vs_PC_2021,71546,小球,bottom
ASY_vs_PC_2021,71566,撲球,top
ASY_vs_PC_2021,72154,發球,bottom
ASY_vs_PC_2021,72182,小球,top
ASY_vs_PC_2021,72207,高遠球,bottom
ASY_vs_PC_2021,72252,高遠球,top
ASY_vs_PC_2021,72918,切球,top
ASY_vs_PC_2021,72948,小球,bottom
ASY_vs_PC_2021,72976,高遠球,top
ASY_vs_PC_2021,73038,殺球,bottom
ASY_vs_PC_2021,73056,小球,top
ASY_vs_PC_2021,73075,高遠球,bottom
ASY_vs_PC_2021,73109,殺球,top
ASY_vs_PC_2021,73136,平快球,bottom
ASY_vs_PC_2021,73158,切球,top
ASY_vs_PC_2021,73173,小球,bottom
ASY_vs_PC_2021,73189,小球,top
ASY_vs_PC_2021,73220,平快球,bottom
ASY_vs_PC_2021,73246,殺球,top
ASY_vs_PC_2021,73269,小球,bottom
ASY_vs_PC_2021,73300,小球,top
ASY_vs_PC_2021,73325,高遠球,bottom
ASY_vs_PC_2021,73385,切球,top
ASY_vs_PC_2021,73413,高遠球,bottom
ASY_vs_PC_2021,73463,切球,top
ASY_vs_PC_2021,73492,高遠球,bottom
ASY_vs_PC_2021,73548,切球,top
ASY_vs_PC_2021,73576,小球,bottom
ASY_vs_PC_2021,73606,小球,top
ASY_vs_PC_2021,73630,高遠球,bottom
ASY_vs_PC_2021,73692,切球,top
ASY_vs_PC_2021,73718,小球,bottom
ASY_vs_PC_2021,73748,小球,top
ASY_vs_PC_2021,73776,高遠球,bottom
ASY_vs_PC_2021,73826,切球,top
ASY_vs_PC_2021,73849,撲球,bottom
ASY_vs_PC_2021,73865,小球,top
ASY_vs_PC_2021,74784,平快球,top
ASY_vs_PC_2021,74805,切球,bottom
ASY_vs_PC_2021,74829,小球,top
ASY_vs_PC_2021,74854,高遠球,bottom
ASY_vs_PC_2021,74914,殺球,top
ASY_vs_PC_2021,74931,小球,bottom
ASY_vs_PC_2021,74961,小球,top
ASY_vs_PC_2021,74988,高遠球,bottom
ASY_vs_PC_2021,75042,切球,top
ASY_vs_PC_2021,75063,平快球,bottom
ASY_vs_PC_2021,75100,切球,top
ASY_vs_PC_2021,75133,平快球,bottom
ASY_vs_PC_2021,75167,高遠球,top
ASY_vs_PC_2021,75189,高遠球,bottom
ASY_vs_PC_2021,75242,高遠球,top
ASY_vs_PC_2021,75275,高遠球,bottom
ASY_vs_PC_2021,75309,切球,top
ASY_vs_PC_2021,75336,高遠球,bottom
ASY_vs_PC_2021,75384,高遠球,top
ASY_vs_PC_2021,75412,切球,bottom
ASY_vs_PC_2021,76429,高遠球,bottom
ASY_vs_PC_2021,76472,高遠球,top
ASY_vs_PC_2021,76508,切球,bottom
ASY_vs_PC_2021,76528,小球,top
ASY_vs_PC_2021,76549,高遠球,bottom
ASY_vs_PC_2021,76592,高遠球,top
ASY_vs_PC_2021,76624,切球,bottom
ASY_vs_PC_2021,76655,平快球,top
ASY_vs_PC_2021,76666,小球,bottom
ASY_vs_PC_2021,76687,小球,top
ASY_vs_PC_2021,76710,平快球,bottom
ASY_vs_PC_2021,76748,切球,top
ASY_vs_PC_2021,76782,平快球,bottom
ASY_vs_PC_2021,76816,切球,top
ASY_vs_PC_2021,76847,平快球,bottom
ASY_vs_PC_2021,77683,小球,bottom
ASY_vs_PC_2021,77712,小球,top
ASY_vs_PC_2021,77737,高遠球,bottom
ASY_vs_PC_2021,78310,發球,top
ASY_vs_PC_2021,78332,高遠球,bottom
ASY_vs_PC_2021,78373,切球,top
ASY_vs_PC_2021,78399,平快球,bottom
ASY_vs_PC_2021,78422,高遠球,top
ASY_vs_PC_2021,78453,平快球,bottom
ASY_vs_PC_2021,78470,小球,top
ASY_vs_PC_2021,78487,平快球,bottom
ASY_vs_PC_2021,78514,殺球,top
ASY_vs_PC_2021,79324,發球,top
ASY_vs_PC_2021,79350,小球,bottom
ASY_vs_PC_2021,79375,小球,top
ASY_vs_PC_2021,79398,高遠球,bottom
ASY_vs_PC_2021,79459,切球,top
ASY_vs_PC_2021,79482,平快球,bottom
ASY_vs_PC_2021,79515,高遠球,top
ASY_vs_PC_2021,79543,殺球,bottom
ASY_vs_PC_2021,79564,小球,top
ASY_vs_PC_2021,79589,平快球,bottom
ASY_vs_PC_2021,79619,切球,top
ASY_vs_PC_2021,79643,平快球,bottom
ASY_vs_PC_2021,79679,切球,top
ASY_vs_PC_2021,79702,小球,bottom
ASY_vs_PC_2021,79729,高遠球,top
ASY_vs_PC_2021,79785,高遠球,bottom
ASY_vs_PC_2021,79816,切球,top
ASY_vs_PC_2021,79842,平快球,bottom
ASY_vs_PC_2021,79879,高遠球,top
ASY_vs_PC_2021,79907,切球,bottom
ASY_vs_PC_2021,80737,小球,bottom
ASY_vs_PC_2021,80762,小球,top
ASY_vs_PC_2021,80790,高遠球,bottom
ASY_vs_PC_2021,80839,切球,top
ASY_vs_PC_2021,80860,小球,bottom
ASY_vs_PC_2021,80888,小球,top
ASY_vs_PC_2021,80916,平快球,bottom
ASY_vs_PC_2021,80951,高遠球,top
ASY_vs_PC_2021,80984,切球,bottom
ASY_vs_PC_2021,81015,平快球,top
ASY_vs_PC_2021,81043,殺球,bottom
ASY_vs_PC_2021,81068,小球,top
ASY_vs_PC_2021,81094,平快球,bottom
ASY_vs_PC_2021,82348,發球,bottom
ASY_vs_PC_2021,82372,平快球,top
ASY_vs_PC_2021,82386,平快球,bottom
ASY_vs_PC_2021,82399,小球,top
ASY_vs_PC_2021,82425,平快球,bottom
ASY_vs_PC_2021,82454,切球,top
ASY_vs_PC_2021,82483,高遠球,bottom
ASY_vs_PC_2021,82515,殺球,top
ASY_vs_PC_2021,82532,小球,bottom
ASY_vs_PC_2021,82559,小球,top
ASY_vs_PC_2021,82585,高遠球,bottom
ASY_vs_PC_2021,83123,發球,top
ASY_vs_PC_2021,83139,平快球,bottom
ASY_vs_PC_2021,83170,高遠球,top
ASY_vs_PC_2021,83186,小球,bottom
ASY_vs_PC_2021,83211,平快球,top
ASY_vs_PC_2021,83227,切球,bottom
ASY_vs_PC_2021,83246,小球,top
ASY_vs_PC_2021,83277,高遠球,bottom
ASY_vs_PC_2021,83320,殺球,top
ASY_vs_PC_2021,83338,小球,bottom
ASY_vs_PC_2021,83369,小球,top
ASY_vs_PC_2021,83399,高遠球,bottom
ASY_vs_PC_2021,83450,殺球,top
ASY_vs_PC_2021,83469,高遠球,bottom
ASY_vs_PC_2021,83498,切球,top
ASY_vs_PC_2021,83522,高遠球,bottom
ASY_vs_PC_2021,83555,殺球,top
ASY_vs_PC_2021,83574,小球,bottom
ASY_vs_PC_2021,83605,小球,top
ASY_vs_PC_2021,83633,平快球,bottom
ASY_vs_PC_2021,83668,殺球,top
ASY_vs_PC_2021,83684,勾球,bottom
ASY_vs_PC_2021,83712,小球,top
ASY_vs_PC_2021,83736,高遠球,bottom
ASY_vs_PC_2021,83792,高遠球,top
ASY_vs_PC_2021,83831,殺球,bottom
ASY_vs_PC_2021,83851,小球,top
ASY_vs_PC_2021,83879,勾球,bottom
ASY_vs_PC_2021,83910,高遠球,top
ASY_vs_PC_2021,83939,殺球,bottom
ASY_vs_PC_2021,83960,小球,top
ASY_vs_PC_2021,83984,勾球,bottom
ASY_vs_PC_2021,84024,小球,top
ASY_vs_PC_2021,85360,小球,top
ASY_vs_PC_2021,85960,發球,top
ASY_vs_PC_2021,85984,平快球,bottom
ASY_vs_PC_2021,86030,切球,top
ASY_vs_PC_2021,86044,小球,bottom
ASY_vs_PC_2021,86067,小球,top
ASY_vs_PC_2021,86722,切球,top
ASY_vs_PC_2021,86745,勾球,bottom
ASY_vs_PC_2021,86768,小球,top
ASY_vs_PC_2021,86797,高遠球,bottom
ASY_vs_PC_2021,86840,殺球,top
ASY_vs_PC_2021,86860,勾球,bottom
ASY_vs_PC_2021,86890,小球,top
ASY_vs_PC_2021,86916,平快球,bottom
ASY_vs_PC_2021,86946,切球,top
ASY_vs_PC_2021,86969,小球,bottom
ASY_vs_PC_2021,86994,小球,top
ASY_vs_PC_2021,87832,平快球,top
ASY_vs_PC_2021,87864,殺球,bottom
ASY_vs_PC_2021,87882,小球,top
ASY_vs_PC_2021,87913,平快球,bottom
ASY_vs_PC_2021,87951,高遠球,top
ASY_vs_PC_2021,87988,殺球,bottom
ASY_vs_PC_2021,88848,高遠球,bottom
ASY_vs_PC_2021,88897,小球,bottom
ASY_vs_PC_2021,88932,小球,top
ASY_vs_PC_2021,88957,平快球,bottom
ASY_vs_PC_2021,88994,切球,top
ASY_vs_PC_2021,89664,高遠球,bottom
ASY_vs_PC_2021,89729,高遠球,bottom
ASY_vs_PC_2021,89742,小球,bottom
ASY_vs_PC_2021,89769,小球,top
ASY_vs_PC_2021,89793,高遠球,bottom
ASY_vs_PC_2021,89825,殺球,top
ASY_vs_PC_2021,89841,小球,bottom
ASY_vs_PC_2021,89874,小球,top
ASY_vs_PC_2021,89899,小球,bottom
ASY_vs_PC_2021,89924,小球,top
ASY_vs_PC_2021,89945,撲球,bottom
ASY_vs_PC_2021,89974,切球,top
ASY_vs_PC_2021,89996,小球,bottom
ASY_vs_PC_2021,90010,平快球,top
ASY_vs_PC_2021,90022,殺球,bottom
ASY_vs_PC_2021,90034,小球,top
CTC_vs_CL_2019,11710,發球,top
CTC_vs_CL_2019,11729,勾球,bottom
CTC_vs_CL_2019,11751,高遠球,top
CTC_vs_CL_2019,11783,殺球,bottom
CTC_vs_CL_2019,11794,勾球,top
CTC_vs_CL_2019,11819,平快球,bottom
CTC_vs_CL_2019,11842,殺球,top
CTC_vs_CL_2019,11861,小球,bottom
CTC_vs_CL_2019,11883,勾球,top
CTC_vs_CL_2019,11910,高遠球,bottom
CTC_vs_CL_2019,11943,殺球,top
CTC_vs_CL_2019,11958,小球,bottom
CTC_vs_CL_2019,11984,高遠球,top
CTC_vs_CL_2019,12016,高遠球,bottom
CTC_vs_CL_2019,12047,高遠球,top
CTC_vs_CL_2019,12078,高遠球,bottom
CTC_vs_CL_2019,12105,切球,top
CTC_vs_CL_2019,12129,小球,bottom
CTC_vs_CL_2019,12154,平快球,top
CTC_vs_CL_2019,12179,高遠球,bottom
CTC_vs_CL_2019,12204,切球,top
CTC_vs_CL_2019,12225,勾球,bottom
CTC_vs_CL_2019,12703,發球,bottom
CTC_vs_CL_2019,12723,平快球,top
CTC_vs_CL_2019,12753,殺球,bottom
CTC_vs_CL_2019,12769,小球,top
CTC_vs_CL_2019,12795,平快球,bottom
CTC_vs_CL_2019,12824,殺球,top
CTC_vs_CL_2019,12837,小球,bottom
CTC_vs_CL_2019,12861,高遠球,top
CTC_vs_CL_2019,12896,高遠球,bottom
CTC_vs_CL_2019,12918,殺球,top
CTC_vs_CL_2019,12933,小球,bottom
CTC_vs_CL_2019,12956,平快球,top
CTC_vs_CL_2019,12967,小球,bottom
CTC_vs_CL_2019,12985,平快球,top
CTC_vs_CL_2019,13012,高遠球,bottom
CTC_vs_CL_2019,13050,切球,top
CTC_vs_CL_2019,13526,發球,bottom
CTC_vs_CL_2019,13549,平快球,top
CTC_vs_CL_2019,13574,切球,bottom
CTC_vs_CL_2019,13593,小球,top
CTC_vs_CL_2019,13620,平快球,bottom
CTC_vs_CL_2019,13644,小球,top
CTC_vs_CL_2019,13661,平快球,bottom
CTC_vs_CL_2019,13683,高遠球,top
CTC_vs_CL_2019,13721,切球,bottom
CTC_vs_CL_2019,13738,小球,top
CTC_vs_CL_2019,13765,勾球,bottom
CTC_vs_CL_2019,13791,小球,top
CTC_vs_CL_2019,13829,小球,bottom
CTC_vs_CL_2019,14384,未知球種,
CTC_vs_CL_2019,14397,小球,bottom
CTC_vs_CL_2019,14420,高遠球,top
CTC_vs_CL_2019,14853,未知球種,
CTC_vs_CL_2019,14853,平快球,bottom
CTC_vs_CL_2019,14872,小球,top
CTC_vs_CL_2019,14897,平快球,bottom
CTC_vs_CL_2019,14917,殺球,top
CTC_vs_CL_2019,14927,小球,bottom
CTC_vs_CL_2019,14947,小球,top
CTC_vs_CL_2019,14967,小球,bottom
CTC_vs_CL_2019,14994,高遠球,top
CTC_vs_CL_2019,15042,切球,bottom
CTC_vs_CL_2019,15058,小球,top
CTC_vs_CL_2019,15084,平快球,bottom
CTC_vs_CL_2019,15112,切球,top
CTC_vs_CL_2019,15136,平快球,bottom
CTC_vs_CL_2019,15166,切球,top
CTC_vs_CL_2019,15192,平快球,bottom
CTC_vs_CL_2019,15223,切球,top
CTC_vs_CL_2019,15245,勾球,bottom
CTC_vs_CL_2019,16025,未知球種,
CTC_vs_CL_2019,16034,小球,bottom
CTC_vs_CL_2019,16055,高遠球,top
CTC_vs_CL_2019,16086,切球,bottom
CTC_vs_CL_2019,16104,小球,top
CTC_vs_CL_2019,16124,小球,bottom
CTC_vs_CL_2019,16148,高遠球,top
CTC_vs_CL_2019,16186,殺球,bottom
CTC_vs_CL_2019,16198,小球,top
CTC_vs_CL_2019,16613,發球,bottom
CTC_vs_CL_2019,16634,高遠球,top
CTC_vs_CL_2019,16667,切球,bottom
CTC_vs_CL_2019,16689,高遠球,top
CTC_vs_CL_2019,16719,高遠球,bottom
CTC_vs_CL_2019,16749,殺球,top
CTC_vs_CL_2019,17247,發球,top
CTC_vs_CL_2019,17264,小球,bottom
CTC_vs_CL_2019,17286,高遠球,top
CTC_vs_CL_2019,17319,高遠球,bottom
CTC_vs_CL_2019,17355,高遠球,top
CTC_vs_CL_2019,17385,高遠球,bottom
CTC_vs_CL_2019,17411,殺球,top
CTC_vs_CL_2019,17423,平快球,bottom
CTC_vs_CL_2019,17447,切球,top
CTC_vs_CL_2019,17470,小球,bottom
CTC_vs_CL_2019,17496,高遠球,top
CTC_vs_CL_2019,17526,殺球,bottom
CTC_vs_CL_2019,17537,小球,top
CTC_vs_CL_2019,18212,發球,bottom
CTC_vs_CL_2019,18230,平快球,top
CTC_vs_CL_2019,18260,切球,bottom
CTC_vs_CL_2019,18278,小球,top
CTC_vs_CL_2019,18302,平快球,bottom
CTC_vs_CL_2019,18330,切球,top
CTC_vs_CL_2019,18350,平快球,bottom
CTC_vs_CL_2019,18375,殺球,top
CTC_vs_CL_2019,18955,未知球種,
CTC_vs_CL_2019,18959,小球,bottom
CTC_vs_CL_2019,18982,高遠球,top
CTC_vs_CL_2019,19036,殺球,bottom
CTC_vs_CL_2019,19046,小球,top
CTC_vs_CL_2019,19067,平快球,bottom
CTC_vs_CL_2019,19079,平快球,top
CTC_vs_CL_2019,19088,平快球,bottom
CTC_vs_CL_2019,19109,高遠球,top
CTC_vs_CL_2019,19143,殺球,bottom
CTC_vs_CL_2019,19157,小球,top
CTC_vs_CL_2019,19184,勾球,bottom
CTC_vs_CL_2019,19205,撲球,top
CTC_vs_CL_2019,19787,發球,top
CTC_vs_CL_2019,19806,平快球,bottom
CTC_vs_CL_2019,19825,殺球,top
CTC_vs_CL_2019,19835,平快球,bottom
CTC_vs_CL_2019,19849,小球,top
CTC_vs_CL_2019,19870,平快球,bottom
CTC_vs_CL_2019,19897,高遠球,top
CTC_vs_CL_2019,19922,殺球,bottom
CTC_vs_CL_2019,20624,發球,top
CTC_vs_CL_2019,20644,小球,bottom
CTC_vs_CL_2019,20667,高遠球,top
CTC_vs_CL_2019,20700,切球,bottom
CTC_vs_CL_2019,20714,小球,top
CTC_vs_CL_2019,20739,高遠球,bottom
CTC_vs_CL_2019,20767,殺球,top
CTC_vs_CL_2019,20779,小球,bottom
CTC_vs_CL_2019,20799,撲球,top
CTC_vs_CL_2019,20807,平快球,bottom
CTC_vs_CL_2019,20819,小球,top
CTC_vs_CL_2019,20840,平快球,bottom
CTC_vs_CL_2019,20870,切球,top
CTC_vs_CL_2019,20891,勾球,bottom
CTC_vs_CL_2019,20918,高遠球,top
CTC_vs_CL_2019,20961,切球,bottom
CTC_vs_CL_2019,20977,平快球,top
CTC_vs_CL_2019,21006,切球,bottom
CTC_vs_CL_2019,21024,勾球,top
CTC_vs_CL_2019,21049,小球,bottom
CTC_vs_CL_2019,21073,小球,top
CTC_vs_CL_2019,21094,高遠球,bottom
CTC_vs_CL_2019,21147,殺球,top
CTC_vs_CL_2019,21157,小球,bottom
CTC_vs_CL_2019,21174,殺球,top
CTC_vs_CL_2019,21183,小球,bottom
CTC_vs_CL_2019,21199,殺球,top
CTC_vs_CL_2019,21206,小球,bottom
CTC_vs_CL_2019,21881,發球,top
CTC_vs_CL_2019,21902,高遠球,bottom
CTC_vs_CL_2019,21935,高遠球,top
CTC_vs_CL_2019,21964,切球,bottom
CTC_vs_CL_2019,21983,平快球,top
CTC_vs_CL_2019,22003,殺球,bottom
CTC_vs_CL_2019,22013,小球,top
CTC_vs_CL_2019,22519,發球,bottom
CTC_vs_CL_2019,22535,小球,top
CTC_vs_CL_2019,22558,小球,bottom
CTC_vs_CL_2019,23055,未知球種,
CTC_vs_CL_2019,23066,高遠球,bottom
CTC_vs_CL_2019,23087,高遠球,top
CTC_vs_CL_2019,23116,切球,bottom
CTC_vs_CL_2019,23136,小球,top
CTC_vs_CL_2019,23161,平快球,bottom
CTC_vs_CL_2019,23191,切球,top
CTC_vs_CL_2019,23208,小球,bottom
CTC_vs_CL_2019,23233,高遠球,top
CTC_vs_CL_2019,23267,高遠球,bottom
CTC_vs_CL_2019,23301,切球,top
CTC_vs_CL_2019,23323,勾球,bottom
CTC_vs_CL_2019,23348,高遠球,top
CTC_vs_CL_2019,24877,發球,top
CTC_vs_CL_2019,24893,平快球,bottom
CTC_vs_CL_2019,24904,平快球,top
CTC_vs_CL_2019,24914,平快球,bottom
CTC_vs_CL_2019,24926,小球,top
CTC_vs_CL_2019,24945,平快球,bottom
CTC_vs_CL_2019,24969,切球,top
CTC_vs_CL_2019,24986,平快球,bottom
CTC_vs_CL_2019,25006,平快球,top
CTC_vs_CL_2019,25029,殺球,bottom
CTC_vs_CL_2019,25044,小球,top
CTC_vs_CL_2019,25074,小球,bottom
CTC_vs_CL_2019,25097,平快球,top
CTC_vs_CL_2019,25126,高遠球,bottom
CTC_vs_CL_2019,25162,高遠球,top
CTC_vs_CL_2019,25190,高遠球,bottom
CTC_vs_CL_2019,25221,殺球,top
CTC_vs_CL_2019,25234,小球,bottom
CTC_vs_CL_2019,25255,平快球,top
CTC_vs_CL_2019,25270,小球,bottom
CTC_vs_CL_2019,25858,發球,top
CTC_vs_CL_2019,25877,平快球,bottom
CTC_vs_CL_2019,25901,高遠球,top
CTC_vs_CL_2019,25929,平快球,bottom
CTC_vs_CL_2019,25940,小球,top
CTC_vs_CL_2019,25964,小球,bottom
CTC_vs_CL_2019,25987,小球,top
CTC_vs_CL_2019,26009,小球,bottom
CTC_vs_CL_2019,26030,高遠球,top
CTC_vs_CL_2019,26080,殺球,bottom
CTC_vs_CL_2019,26091,小球,top
CTC_vs_CL_2019,26112,撲球,bottom
CTC_vs_CL_2019,26840,未知球種,
CTC_vs_CL_2019,26849,平快球,top
CTC_vs_CL_2019,26878,切球,bottom
CTC_vs_CL_2019,26895,小球,top
CTC_vs_CL_2019,26915,小球,bottom
CTC_vs_CL_2019,26936,高遠球,top
CTC_vs_CL_2019,26985,殺球,bottom
CTC_vs_CL_2019,26998,小球,top
CTC_vs_CL_2019,27019,平快球,bottom
CTC_vs_CL_2019,27033,小球,top
CTC_vs_CL_2019,27053,平快球,bottom
CTC_vs_CL_2019,27062,平快球,top
CTC_vs_CL_2019,27075,平快球,bottom
CTC_vs_CL_2019,27085,小球,top
CTC_vs_CL_2019,27110,勾球,bottom
CTC_vs_CL_2019,27136,高遠球,top
CTC_vs_CL_2019,27173,切球,bottom
CTC_vs_CL_2019,27193,小球,top
CTC_vs_CL_2019,27219,小球,bottom
CTC_vs_CL_2019,27243,高遠球,top
CTC_vs_CL_2019,27291,殺球,bottom
CTC_vs_CL_2019,27303,小球,top
CTC_vs_CL_2019,27325,小球,bottom
CTC_vs_CL_2019,27346,高遠球,top
CTC_vs_CL_2019,27381,切球,bottom
CTC_vs_CL_2019,27407,小球,top
CTC_vs_CL_2019,27432,小球,bottom
CTC_vs_CL_2019,27453,高遠球,top
CTC_vs_CL_2019,27501,切球,bottom
CTC_vs_CL_2019,27527,高遠球,top
CTC_vs_CL_2019,27561,切球,bottom
CTC_vs_CL_2019,27581,小球,top
CTC_vs_CL_2019,27608,小球,bottom
CTC_vs_CL_2019,27630,高遠球,top
CTC_vs_CL_2019,27667,高遠球,bottom
CTC_vs_CL_2019,27702,切球,top
CTC_vs_CL_2019,27728,平快球,bottom
CTC_vs_CL_2019,27755,高遠球,top
CTC_vs_CL_2019,27779,殺球,bottom
CTC_vs_CL_2019,27792,小球,top
CTC_vs_CL_2019,29269,未知球種,
CTC_vs_CL_2019,29280,平快球,top
CTC_vs_CL_2019,29308,殺球,bottom
CTC_vs_CL_2019,29318,小球,top
CTC_vs_CL_2019,29342,小球,bottom
CTC_vs_CL_2019,29363,平快球,top
CTC_vs_CL_2019,31405,未知球種,
CTC_vs_CL_2019,31418,小球,bottom
CTC_vs_CL_2019,31441,小球,top
CTC_vs_CL_2019,31464,小球,bottom
CTC_vs_CL_2019,31484,高遠球,top
CTC_vs_CL_2019,31518,平快球,bottom
CTC_vs_CL_2019,31526,平快球,top
CTC_vs_CL_2019,31541,平快球,bottom
CTC_vs_CL_2019,31557,小球,top
CTC_vs_CL_2019,31575,平快球,bottom
CTC_vs_CL_2019,31603,切球,top
CTC_vs_CL_2019,31619,小球,bottom
CTC_vs_CL_2019,31636,撲球,top
CTC_vs_CL_2019,31645,小球,bottom
CTC_vs_CL_2019,31658,撲球,top
CTC_vs_CL_2019,32265,發球,top
CTC_vs_CL_2019,32281,平快球,bottom
CTC_vs_CL_2019,32290,平快球,top
CTC_vs_CL_2019,32304,平快球,bottom
CTC_vs_CL_2019,32826,發球,top
CTC_vs_CL_2019,32845,平快球,bottom
CTC_vs_CL_2019,32871,殺球,top
CTC_vs_CL_2019,33411,發球,top
CTC_vs_CL_2019,33428,小球,bottom
CTC_vs_CL_2019,33449,高遠球,top
CTC_vs_CL_2019,33497,高遠球,bottom
CTC_vs_CL_2019,33527,切球,top
CTC_vs_CL_2019,33551,平快球,bottom
CTC_vs_CL_2019,33567,小球,top
CTC_vs_CL_2019,34161,發球,top
CTC_vs_CL_2019,34543,發球,bottom
CTC_vs_CL_2019,34572,高遠球,top
CTC_vs_CL_2019,34605,殺球,bottom
CTC_vs_CL_2019,35062,發球,top
CTC_vs_CL_2019,35076,平快球,bottom
CTC_vs_CL_2019,35102,切球,top
CTC_vs_CL_2019,35115,平快球,bottom
CTC_vs_CL_2019,35129,小球,top
CTC_vs_CL_2019,35147,平快球,bottom
CTC_vs_CL_2019,35158,平快球,top
CTC_vs_CL_2019,35167,平快球,bottom
CTC_vs_CL_2019,35975,發球,top
CTC_vs_CL_2019,35993,平快球,bottom
CTC_vs_CL_2019,36012,切球,top
CTC_vs_CL_2019,36032,平快球,bottom
CTC_vs_CL_2019,36053,殺球,top
CTC_vs_CL_2019,36063,平快球,bottom
CTC_vs_CL_2019,36094,切球,top
CTC_vs_CL_2019,36117,平快球,bottom
CTC_vs_CL_2019,36142,殺球,top
CTC_vs_CL_2019,36153,勾球,bottom
CTC_vs_CL_2019,36179,小球,top
CTC_vs_CL_2019,36203,小球,bottom
CTC_vs_CL_2019,36224,高遠球,top
CTC_vs_CL_2019,36270,切球,bottom
CTC_vs_CL_2019,36290,高遠球,top
CTC_vs_CL_2019,36316,殺球,bottom
CTC_vs_CL_2019,36329,小球,top
CTC_vs_CL_2019,36357,平快球,bottom
CTC_vs_CL_2019,36381,高遠球,top
CTC_vs_CL_2019,36398,高遠球,bottom
CTC_vs_CL_2019,37004,未知球種,
CTC_vs_CL_2019,37010,平快球,top
CTC_vs_CL_2019,37032,切球,bottom
CTC_vs_CL_2019,37047,小球,top
CTC_vs_CL_2019,37069,平快球,bottom
CTC_vs_CL_2019,37090,高遠球,top
CTC_vs_CL_2019,37118,殺球,bottom
CTC_vs_CL_2019,37135,小球,top
CTC_vs_CL_2019,37162,小球,bottom
CTC_vs_CL_2019,37187,高遠球,top
CTC_vs_CL_2019,37220,高遠球,bottom
CTC_vs_CL_2019,37254,殺球,top
CTC_vs_CL_2019,37266,小球,bottom
CTC_vs_CL_2019,37291,高遠球,top
CTC_vs_CL_2019,37317,殺球,bottom
CTC_vs_CL_2019,38120,發球,bottom
CTC_vs_CL_2019,38140,小球,top
CTC_vs_CL_2019,38157,小球,bottom
CTC_vs_CL_2019,38178,高遠球,top
CTC_vs_CL_2019,38208,殺球,bottom
CTC_vs_CL_2019,38223,小球,top
CTC_vs_CL_2019,38248,小球,bottom
CTC_vs_CL_2019,38275,小球,top
CTC_vs_CL_2019,38301,平快球,bottom
CTC_vs_CL_2019,38331,高遠球,top
CTC_vs_CL_2019,38360,殺球,bottom
CTC_vs_CL_2019,38898,發球,top
CTC_vs_CL_2019,38918,平快球,bottom
CTC_vs_CL_2019,38942,切球,top
CTC_vs_CL_2019,38962,平快球,bottom
CTC_vs_CL_2019,38982,殺球,top
CTC_vs_CL_2019,38992,小球,bottom
CTC_vs_CL_2019,39013,高遠球,top
CTC_vs_CL_2019,39044,切球,bottom
CTC_vs_CL_2019,39067,小球,top
CTC_vs_CL_2019,39092,小球,bottom
CTC_vs_CL_2019,40135,發球,top
CTC_vs_CL_2019,40154,小球,bottom
CTC_vs_CL_2019,40596,未知球種,
CTC_vs_CL_2019,40596,未知球種,
CTC_vs_CL_2019,40606,平快球,bottom
CTC_vs_CL_2019,40628,切球,top
CTC_vs_CL_2019,40638,平快球,bottom
CTC_vs_CL_2019,40651,高遠球,top
CTC_vs_CL_2019,41097,未知球種,
CTC_vs_CL_2019,41111,平快球,top
CTC_vs_CL_2019,41139,高遠球,bottom
CTC_vs_CL_2019,41173,切球,top
CTC_vs_CL_2019,41188,平快球,bottom
CTC_vs_CL_2019,41202,平快球,top
CTC_vs_CL_2019,41214,平快球,bottom
CTC_vs_CL_2019,41225,小球,top
CTC_vs_CL_2019,41245,小球,bottom
CTC_vs_CL_2019,41269,高遠球,top
CTC_vs_CL_2019,41304,高遠球,bottom
CTC_vs_CL_2019,41331,高遠球,top
CTC_vs_CL_2019,41370,切球,bottom
CTC_vs_CL_2019,41392,勾球,top
CTC_vs_CL_2019,41417,平快球,bottom
CTC_vs_CL_2019,41442,切球,top
CTC_vs_CL_2019,41464,小球,bottom
CTC_vs_CL_2019,41491,高遠球,top
CTC_vs_CL_2019,41542,切球,bottom
CTC_vs_CL_2019,41557,小球,top
CTC_vs_CL_2019,41579,平快球,bottom
CTC_vs_CL_2019,41606,高遠球,top
CTC_vs_CL_2019,41639,切球,bottom
CTC_vs_CL_2019,41658,小球,top
CTC_vs_CL_2019,41682,小球,bottom
CTC_vs_CL_2019,41707,高遠球,top
CTC_vs_CL_2019,41752,殺球,bottom
CTC_vs_CL_2019,41768,小球,top
CTC_vs_CL_2019,41795,小球,bottom
CTC_vs_CL_2019,41819,高遠球,top
CTC_vs_CL_2019,41856,殺球,bottom
CTC_vs_CL_2019,41871,小球,top
CTC_vs_CL_2019,42518,未知球種,
CTC_vs_CL_2019,42538,殺球,top
CTC_vs_CL_2019,42554,小球,bottom
CTC_vs_CL_2019,42578,撲球,top
CTC_vs_CL_2019,43938,發球,top
CTC_vs_CL_2019,43955,平快球,bottom
CTC_vs_CL_2019,43979,切球,top
CTC_vs_CL_2019,43992,平快球,bottom
CTC_vs_CL_2019,44006,平快球,top
CTC_vs_CL_2019,44016,平快球,bottom
CTC_vs_CL_2019,44417,未知球種,
CTC_vs_CL_2019,44429,平快球,top
CTC_vs_CL_2019,44455,切球,bottom
CTC_vs_CL_2019,44480,小球,top
CTC_vs_CL_2019,44504,小球,bottom
CTC_vs_CL_2019,44525,高遠球,top
CTC_vs_CL_2019,44570,切球,bottom
CTC_vs_CL_2019,44585,高遠球,top
CTC_vs_CL_2019,44618,高遠球,bottom
CTC_vs_CL_2019,44646,殺球,top
CTC_vs_CL_2019,44657,小球,bottom
CTC_vs_CL_2019,48447,發球,bottom
CTC_vs_CL_2019,48467,小球,top
CTC_vs_CL_2019,48489,小球,bottom
CTC_vs_CL_2019,48510,平快球,top
CTC_vs_CL_2019,48534,平快球,bottom
CTC_vs_CL_2019,48545,小球,top
CTC_vs_CL_2019,48563,高遠球,bottom
CTC_vs_CL_2019,48597,高遠球,top
CTC_vs_CL_2019,48624,殺球,bottom
CTC_vs_CL_2019,49601,發球,bottom
CTC_vs_CL_2019,49616,小球,top
CTC_vs_CL_2019,49635,小球,bottom
CTC_vs_CL_2019,49657,高遠球,top
CTC_vs_CL_2019,49705,切球,bottom
CTC_vs_CL_2019,49719,勾球,top
CTC_vs_CL_2019,49742,高遠球,bottom
CTC_vs_CL_2019,49775,切球,top
CTC_vs_CL_2019,49796,勾球,bottom
CTC_vs_CL_2019,49820,平快球,top
CTC_vs_CL_2019,49846,切球,bottom
CTC_vs_CL_2019,49858,平快球,top
CTC_vs_CL_2019,49869,小球,bottom
CTC_vs_CL_2019,49886,平快球,top
CTC_vs_CL_2019,49914,切球,bottom
CTC_vs_CL_2019,49933,平快球,top
CTC_vs_CL_2019,49964,平快球,bottom
CTC_vs_CL_2019,49981,切球,top
CTC_vs_CL_2019,49999,小球,bottom
CTC_vs_CL_2019,50024,小球,top
CTC_vs_CL_2019,50049,高遠球,bottom
CTC_vs_CL_2019,50090,高遠球,top
CTC_vs_CL_2019,50119,高遠球,bottom
CTC_vs_CL_2019,50151,高遠球,top
CTC_vs_CL_2019,50180,高遠球,bottom
CTC_vs_CL_2019,50214,切球,top
CTC_vs_CL_2019,50235,小球,bottom
CTC_vs_CL_2019,50262,小球,top
CTC_vs_CL_2019,50286,高遠球,bottom
CTC_vs_CL_2019,50334,高遠球,top
CTC_vs_CL_2019,50362,殺球,bottom
CTC_vs_CL_2019,50373,小球,top
CTC_vs_CL_2019,50401,平快球,bottom
CTC_vs_CL_2019,50436,切球,top
CTC_vs_CL_2019,50453,平快球,bottom
CTC_vs_CL_2019,50465,高遠球,top
CTC_vs_CL_2019,50494,殺球,bottom
CTC_vs_CL_2019,50504,小球,top
CTC_vs_CL_2019,51208,未知球種,
CTC_vs_CL_2019,51208,未知球種,
CTC_vs_CL_2019,51221,小球,bottom
CTC_vs_CL_2019,51611,發球,top
CTC_vs_CL_2019,51631,小球,bottom
CTC_vs_CL_2019,51646,平快球,top
CTC_vs_CL_2019,51667,殺球,bottom
CTC_vs_CL_2019,51678,勾球,top
CTC_vs_CL_2019,51703,小球,bottom
CTC_vs_CL_2019,51721,小球,top
CTC_vs_CL_2019,51743,高遠球,bottom
CTC_vs_CL_2019,51785,切球,top
CTC_vs_CL_2019,51805,小球,bottom
CTC_vs_CL_2019,51829,高遠球,top
CTC_vs_CL_2019,51863,殺球,bottom
CTC_vs_CL_2019,51877,勾球,top
CTC_vs_CL_2019,51904,高遠球,bottom
CTC_vs_CL_2019,51937,高遠球,top
CTC_vs_CL_2019,51963,殺球,bottom
CTC_vs_CL_2019,51976,勾球,top
CTC_vs_CL_2019,52001,小球,bottom
CTC_vs_CL_2019,52027,高遠球,top
CTC_vs_CL_2019,52061,切球,bottom
CTC_vs_CL_2019,52080,小球,top
CTC_vs_CL_2019,52108,高遠球,bottom
CTC_vs_CL_2019,52153,高遠球,top
CTC_vs_CL_2019,52176,殺球,bottom
CTC_vs_CL_2019,52192,小球,top
CTC_vs_CL_2019,52222,勾球,bottom
CTC_vs_CL_2019,52248,高遠球,top
CTC_vs_CL_2019,52277,切球,bottom
CTC_vs_CL_2019,52301,平快球,top
CTC_vs_CL_2019,52328,平快球,bottom
CTC_vs_CL_2019,52341,勾球,top
CTC_vs_CL_2019,52367,小球,bottom
CTC_vs_CL_2019,53058,發球,top
CTC_vs_CL_2019,53077,小球,bottom
CTC_vs_CL_2019,53098,平快球,top
CTC_vs_CL_2019,53121,切球,bottom
CTC_vs_CL_2019,53131,平快球,top
CTC_vs_CL_2019,53148,小球,bottom
CTC_vs_CL_2019,53631,平快球,bottom
CTC_vs_CL_2019,54069,發球,bottom
CTC_vs_CL_2019,54086,小球,top
CTC_vs_CL_2019,54111,小球,bottom
CTC_vs_CL_2019,54497,發球,top
CTC_vs_CL_2019,54513,平快球,bottom
CTC_vs_CL_2019,54522,平快球,top
CTC_vs_CL_2019,54531,平快球,bottom
CTC_vs_CL_2019,54889,發球,top
CTC_vs_CL_2019,54918,小球,bottom
CTC_vs_CL_2019,54944,平快球,top
CTC_vs_CL_2019,54964,殺球,bottom
CTC_vs_CL_2019,54974,小球,top
CTC_vs_CL_2019,54997,平快球,bottom
CTC_vs_CL_2019,55025,高遠球,top
CTC_vs_CL_2019,55052,高遠球,bottom
CTC_vs_CL_2019,55084,殺球,top
CTC_vs_CL_2019,55100,小球,bottom
CTC_vs_CL_2019,55129,高遠球,top
CTC_vs_CL_2019,55157,殺球,bottom
CTC_vs_CL_2019,55170,勾球,top
CTC_vs_CL_2019,55196,平快球,bottom
CTC_vs_CL_2019,55229,高遠球,top
CTC_vs_CL_2019,55255,殺球,bottom
CTC_vs_CL_2019,55269,小球,top
CTC_vs_CL_2019,55296,勾球,bottom
CTC_vs_CL_2019,55318,小球,top
CTC_vs_CL_2019,55341,高遠球,bottom
CTC_vs_CL_2019,55376,殺球,top
CTC_vs_CL_2019,57241,發球,top
CTC_vs_CL_2019,57266,小球,bottom
CTC_vs_CL_2019,57289,小球,top
CTC_vs_CL_2019,57312,高遠球,bottom
CTC_vs_CL_2019,57353,切球,top
CTC_vs_CL_2019,57374,小球,bottom
CTC_vs_CL_2019,57398,高遠球,top
CTC_vs_CL_2019,57430,切球,bottom
CTC_vs_CL_2019,57445,勾球,top
CTC_vs_CL_2019,57468,小球,bottom
CTC_vs_CL_2019,57484,平快球,top
CTC_vs_CL_2019,57498,平快球,bottom
CTC_vs_CL_2019,57982,未知球種,
CTC_vs_CL_2019,57982,小球,bottom
CTC_vs_CL_2019,58000,平快球,top
CTC_vs_CL_2019,58027,切球,bottom
CTC_vs_CL_2019,58050,小球,top
CTC_vs_CL_2019,58077,小球,bottom
CTC_vs_CL_2019,58100,高遠球,top
CTC_vs_CL_2019,58147,切球,bottom
CTC_vs_CL_2019,58169,小球,top
CTC_vs_CL_2019,58195,小球,bottom
CTC_vs_CL_2019,58218,小球,top
CTC_vs_CL_2019,58240,小球,bottom
CTC_vs_CL_2019,58667,發球,top
CTC_vs_CL_2019,58684,平快球,bottom
CTC_vs_CL_2019,58717,切球,top
CTC_vs_CL_2019,58742,平快球,bottom
CTC_vs_CL_2019,58773,高遠球,top
CTC_vs_CL_2019,58798,殺球,bottom
CTC_vs_CL_2019,58812,小球,top
CTC_vs_CL_2019,58836,平快球,bottom
CTC_vs_CL_2019,60027,發球,bottom
CTC_vs_CL_2019,60049,小球,top
CTC_vs_CL_2019,60072,平快球,bottom
CTC_vs_CL_2019,60104,高遠球,top
CTC_vs_CL_2019,60132,切球,bottom
CTC_vs_CL_2019,60153,勾球,top
CTC_vs_CL_2019,60177,平快球,bottom
CTC_vs_CL_2019,60210,高遠球,top
CTC_vs_CL_2019,60234,切球,bottom
CTC_vs_CL_2019,60254,小球,top
CTC_vs_CL_2019,60277,高遠球,bottom
CTC_vs_CL_2019,60314,切球,top
CTC_vs_CL_2019,60333,小球,bottom
CTC_vs_CL_2019,60358,小球,top
CTC_vs_CL_2019,61033,發球,bottom
CTC_vs_CL_2019,61051,平快球,top
CTC_vs_CL_2019,61075,切球,bottom
CTC_vs_CL_2019,61095,小球,top
CTC_vs_CL_2019,61117,小球,bottom
CTC_vs_CL_2019,61140,小球,top
CTC_vs_CL_2019,61153,未知球種,
CTC_vs_CL_2019,61777,發球,bottom
CTC_vs_CL_2019,61797,平快球,top
CTC_vs_CL_2019,61818,殺球,bottom
CTC_vs_CL_2019,61827,小球,top
CTC_vs_CL_2019,61844,平快球,bottom
CTC_vs_CL_2019,61873,高遠球,top
CTC_vs_CL_2019,61898,殺球,bottom
CTC_vs_CL_2019,61909,小球,top
CTC_vs_CL_2019,61933,小球,bottom
CTC_vs_CL_2019,61958,高遠球,top
CTC_vs_CL_2019,61993,切球,bottom
CTC_vs_CL_2019,62008,勾球,top
CTC_vs_CL_2019,62034,高遠球,bottom
CTC_vs_CL_2019,62062,殺球,top
CTC_vs_CL_2019,62568,發球,top
CTC_vs_CL_2019,62588,小球,bottom
CTC_vs_CL_2019,62609,高遠球,top
CTC_vs_CL_2019,63188,發球,bottom
CTC_vs_CL_2019,63206,平快球,top
CTC_vs_CL_2019,63231,殺球,bottom
CTC_vs_CL_2019,64097,發球,bottom
CTC_vs_CL_2019,64114,小球,top
CTC_vs_CL_2019,64134,小球,bottom
CTC_vs_CL_2019,64156,高遠球,top
CTC_vs_CL_2019,64192,殺球,bottom
CTC_vs_CL_2019,64202,小球,top
CTC_vs_CL_2019,64222,小球,bottom
CTC_vs_CL_2019,64240,平快球,top
CTC_vs_CL_2019,64266,殺球,bottom
CTC_vs_CL_2019,64277,小球,top
CTC_vs_CL_2019,65022,發球,bottom
CTC_vs_CL_2019,65037,小球,top
CTC_vs_CL_2019,65058,小球,bottom
CTC_vs_CL_2019,65081,高遠球,top
CTC_vs_CL_2019,65114,切球,bottom
CTC_vs_CL_2019,65127,平快球,top
CTC_vs_CL_2019,65138,平快球,bottom
CTC_vs_CL_2019,65585,發球,top
CTC_vs_CL_2019,65605,小球,bottom
CTC_vs_CL_2019,65625,小球,top
CTC_vs_CL_2019,65646,高遠球,bottom
CTC_vs_CL_2019,65680,殺球,top
CTC_vs_CL_2019,65693,小球,bottom
CTC_vs_CL_2019,67712,發球,top
CTC_vs_CL_2019,67730,小球,bottom
CTC_vs_CL_2019,67752,高遠球,top
CTC_vs_CL_2019,67796,切球,bottom
CTC_vs_CL_2019,67816,勾球,top
CTC_vs_CL_2019,67842,平快球,bottom
CTC_vs_CL_2019,67868,切球,top
CTC_vs_CL_2019,67890,小球,bottom
CTC_vs_CL_2019,67910,小球,top
CTC_vs_CL_2019,67930,高遠球,bottom
CTC_vs_CL_2019,67970,殺球,top
CTC_vs_CL_2019,69456,發球,top
CTC_vs_CL_2019,69481,小球,bottom
CTC_vs_CL_2019,69501,小球,top
CTC_vs_CL_2019,69525,高遠球,bottom
CTC_vs_CL_2019,69561,切球,top
CTC_vs_CL_2019,69578,小球,bottom
CTC_vs_CL_2019,69603,高遠球,top
CTC_vs_CL_2019,69641,殺球,bottom
CTC_vs_CL_2019,69653,小球,top
CTC_vs_CL_2019,69670,撲球,bottom
CTC_vs_CL_2019,70505,發球,bottom
CTC_vs_CL_2019,70525,小球,top
CTC_vs_CL_2019,70545,小球,bottom
CTC_vs_CL_2019,70567,小球,top
CTC_vs_CL_2019,70590,小球,bottom
CTC_vs_CL_2019,70965,發球,top
CTC_vs_CL_2019,71001,小球,bottom
CTC_vs_CL_2019,71023,小球,top
CTC_vs_CL_2019,71046,高遠球,bottom
CTC_vs_CL_2019,71097,切球,top
CTC_vs_CL_2019,71111,平快球,bottom
CTC_vs_CL_2019,71123,平快球,top
CTC_vs_CL_2019,72042,發球,bottom
CTC_vs_CL_2019,72059,勾球,top
CTC_vs_CL_2019,72079,高遠球,bottom
CTC_vs_CL_2019,72112,殺球,top
CTC_vs_CL_2019,72124,小球,bottom
CTC_vs_CL_2019,72153,高遠球,top
CTC_vs_CL_2019,72181,高遠球,bottom
CTC_vs_CL_2019,72207,高遠球,top
CTC_vs_CL_2019,72235,切球,bottom
CTC_vs_CL_2019,72250,平快球,top
CTC_vs_CL_2019,72278,切球,bottom
CTC_vs_CL_2019,72299,小球,top
CTC_vs_CL_2019,72325,小球,bottom
CTC_vs_CL_2019,72349,高遠球,top
CTC_vs_CL_2019,72384,高遠球,bottom
CTC_vs_CL_2019,72419,切球,top
CTC_vs_CL_2019,72442,小球,bottom
CTC_vs_CL_2019,72465,小球,top
CTC_vs_CL_2019,72488,高遠球,bottom
CTC_vs_CL_2019,72533,切球,top
CTC_vs_CL_2019,72556,小球,bottom
CTC_vs_CL_2019,72580,高遠球,top
CTC_vs_CL_2019,72616,高遠球,bottom
CTC_vs_CL_2019,72648,殺球,top
CTC_vs_CL_2019,72659,勾球,bottom
CTC_vs_CL_2019,72687,撲球,top
CTC_vs_CL_2019,72696,平快球,bottom
CTC_vs_CL_2019,73421,發球,top
CTC_vs_CL_2019,73442,小球,bottom
CTC_vs_CL_2019,73462,小球,top
CTC_vs_CL_2019,73484,高遠球,bottom
CTC_vs_CL_2019,73530,高遠球,top
CTC_vs_CL_2019,73556,切球,bottom
CTC_vs_CL_2019,73576,小球,top
CTC_vs_CL_2019,73600,小球,bottom
CTC_vs_CL_2019,73624,小球,top
CTC_vs_CL_2019,73650,小球,bottom
CTC_vs_CL_2019,74094,未知球種,
CTC_vs_CL_2019,74111,勾球,bottom
CTC_vs_CL_2019,74134,小球,top
CTC_vs_CL_2019,74677,發球,bottom
CTC_vs_CL_2019,74699,平快球,top
CTC_vs_CL_2019,74722,切球,bottom
CTC_vs_CL_2019,74743,小球,top
CTC_vs_CL_2019,74766,平快球,bottom
CTC_vs_CL_2019,74804,切球,top
CTC_vs_CL_2019,74818,小球,bottom
CTC_vs_CL_2019,74842,小球,top
CTC_vs_CL_2019,75474,發球,bottom
CTC_vs_CL_2019,75500,高遠球,top
CTC_vs_CL_2019,75542,切球,bottom
CTC_vs_CL_2019,75563,平快球,top
CTC_vs_CL_2019,75586,切球,bottom
CTC_vs_CL_2019,75602,小球,top
CTC_vs_CL_2019,75626,小球,bottom
CTC_vs_CL_2019,75650,平快球,top
CTC_vs_CL_2019,75677,切球,bottom
CTC_vs_CL_2019,75699,小球,top
CTC_vs_CL_2019,75724,高遠球,bottom
CTC_vs_CL_2019,75760,高遠球,top
CTC_vs_CL_2019,75785,殺球,bottom
CTC_vs_CL_2019,75796,小球,top
CTC_vs_CL_2019,75820,勾球,bottom
CTC_vs_CL_2019,76370,發球,top
CTC_vs_CL_2019,76398,平快球,bottom
CTC_vs_CL_2019,76429,切球,top
CTC_vs_CL_2019,76447,小球,bottom
CTC_vs_CL_2019,76473,平快球,top
CTC_vs_CL_2019,76502,高遠球,bottom
CTC_vs_CL_2019,76527,殺球,top
CTC_vs_CL_2019,76540,小球,bottom
CTC_vs_CL_2019,76567,平快球,top
CTC_vs_CL_2019,76597,切球,bottom
CTC_vs_CL_2019,76619,高遠球,top
CTC_vs_CL_2019,76644,殺球,bottom
CTC_vs_CL_2019,76656,小球,top
CTC_vs_CL_2019,76682,小球,bottom
CTC_vs_CL_2019,76704,小球,top
CTC_vs_CL_2019,76727,小球,bottom
CTC_vs_CL_2019,76738,平快球,top
CTC_vs_CL_2019,76761,殺球,bottom
CTC_vs_CL_2019,77692,發球,bottom
CTC_vs_CL_2019,77712,小球,top
CTC_vs_CL_2019,77733,小球,bottom
CTC_vs_CL_2019,77752,勾球,top
CTC_vs_CL_2019,78478,發球,bottom
CTC_vs_CL_2019,78495,小球,top
CTC_vs_CL_2019,78514,小球,bottom
CTC_vs_CL_2019,78530,小球,top
CTC_vs_CL_2019,78550,高遠球,bottom
CTC_vs_CL_2019,78595,切球,top
CTC_vs_CL_2019,78610,小球,bottom
CTC_vs_CL_2019,78628,小球,top
CTC_vs_CL_2019,78647,小球,bottom
CTC_vs_CL_2019,78673,小球,top
CTC_vs_CL_2019,78687,小球,bottom
CTC_vs_CL_2019,79495,發球,bottom
CTC_vs_CL_2019,79513,小球,top
CTC_vs_CL_2019,79536,小球,bottom
CTC_vs_CL_2019,79552,平快球,top
CTC_vs_CL_2019,79560,平快球,bottom
CTC_vs_CL_2019,79568,平快球,top
CTC_vs_CL_2019,79583,平快球,bottom
CTC_vs_CL_2019,79591,高遠球,top
CTC_vs_CL_2019,79617,殺球,bottom
CTC_vs_CL_2019,80630,發球,bottom
CTC_vs_CL_2019,80645,小球,top
CTC_vs_CL_2019,80663,小球,bottom
CTC_vs_CL_2019,80681,平快球,top
CTC_vs_CL_2019,80708,高遠球,bottom
CTC_vs_CL_2019,80745,殺球,top
CTC_vs_CL_2019,80762,小球,bottom
CTC_vs_CL_2019,80787,小球,top
CTC_vs_CL_2019,80810,高遠球,bottom
CTC_vs_CL_2019,80837,殺球,top
CTC_vs_CL_2019,80847,小球,bottom
CTC_vs_CL_2019,80876,平快球,top
CTC_vs_CL_2019,80884,平快球,bottom
CTC_vs_CL_2019,81924,發球,top
CTC_vs_CL_2019,81945,小球,bottom
CTC_vs_CL_2019,81966,小球,top
CTC_vs_CL_2019,81988,高遠球,bottom
CTC_vs_CL_2019,82025,平快球,top
CTC_vs_CL_2019,82037,小球,bottom
CTC_vs_CL_2019,82052,勾球,top
CTC_vs_CL_2019,82070,撲球,bottom
CTC_vs_CL_2019,82948,發球,bottom
CTC_vs_CL_2019,82966,小球,top
CTC_vs_CL_2019,82983,小球,bottom
CTC_vs_CL_2019,83003,小球,top
CTC_vs_CL_2019,83022,平快球,bottom
CTC_vs_CL_2019,83051,殺球,top
CTC_vs_CL_2019,83060,小球,bottom
CTC_vs_CL_2019,83086,小球,top
CTC_vs_CL_2019,83109,高遠球,bottom
CTC_vs_CL_2019,83144,殺球,top
CTC_vs_CL_2019,83154,小球,bottom
CTC_vs_CL_2019,83179,小球,top
CTC_vs_CL_2019,83203,高遠球,bottom
CTC_vs_CL_2019,83242,切球,top
CTC_vs_CL_2019,83264,小球,bottom
CTC_vs_CL_2019,83284,小球,top
CTC_vs_CL_2019,83305,高遠球,bottom
CTC_vs_CL_2019,83354,殺球,top
CTC_vs_CL_2019,83364,小球,bottom
CTC_vs_CL_2019,83385,平快球,top
CTC_vs_CL_2019,83394,平快球,bottom
CTC_vs_CL_2019,83403,平快球,top
CTC_vs_CL_2019,83417,小球,bottom
CTC_vs_CL_2019,83437,小球,top
CTC_vs_CL_2019,83460,小球,bottom
CTC_vs_CL_2019,83482,小球,top
CTC_vs_CL_2019,83502,高遠球,bottom
CTC_vs_CL_2019,83550,切球,top
CTC_vs_CL_2019,83572,小球,bottom
CTC_vs_CL_2019,83594,高遠球,top
CTC_vs_CL_2019,83639,切球,bottom
CTC_vs_CL_2019,83658,小球,top
CTC_vs_CL_2019,83681,平快球,bottom
CTC_vs_CL_2019,83710,殺球,top
CTC_vs_CL_2019,85689,發球,top
CTC_vs_CL_2019,85709,平快球,bottom
CTC_vs_CL_2019,85732,殺球,top
CTC_vs_CL_2019,85744,小球,bottom
CTC_vs_CL_2019,85762,小球,top
CTC_vs_CL_2019,85786,高遠球,bottom
CTC_vs_CL_2019,85818,高遠球,top
CTC_vs_CL_2019,85841,殺球,bottom
CTC_vs_CL_2019,85853,小球,top
CTC_vs_CL_2019,85877,高遠球,bottom
CTC_vs_CL_2019,85907,殺球,top
CTC_vs_CL_2019,85916,小球,bottom
CTC_vs_CL_2019,85938,平快球,top
CTC_vs_CL_2019,87416,發球,bottom
CTC_vs_CL_2019,87431,小球,top
CTC_vs_CL_2019,87450,高遠球,bottom
CTC_vs_CL_2019,87483,切球,top
CTC_vs_CL_2019,87503,小球,bottom
CTC_vs_CL_2019,87523,小球,top
CTC_vs_CL_2019,87535,撲球,bottom
CTC_vs_CL_2019,88414,發球,bottom
CTC_vs_CL_2019,88430,小球,top
CTC_vs_CL_2019,88448,平快球,bottom
CTC_vs_CL_2019,88479,切球,top
CTC_vs_CL_2019,88500,小球,bottom
CTC_vs_CL_2019,88518,平快球,top
CTC_vs_CL_2019,88531,小球,bottom
CTC_vs_CL_2019,88552,小球,top
CTC_vs_CL_2019,88573,平快球,bottom
CTC_vs_CL_2019,88608,高遠球,top
CTC_vs_CL_2019,88636,殺球,bottom
CTC_vs_CL_2019,88648,小球,top
CTC_vs_CL_2019,88674,平快球,bottom
CTC_vs_CL_2019,88704,切球,top
CTC_vs_CL_2019,88725,小球,bottom
CTC_vs_CL_2019,88747,小球,top
CTC_vs_CL_2019,88766,平快球,bottom
CTC_vs_CL_2019,88793,高遠球,top
MK_vs_CT_2019,11496,發球,top
MK_vs_CT_2019,11582,發球,bottom
MK_vs_CT_2019,11881,平快球,top
MK_vs_CT_2019,11900,平快球,top
MK_vs_CT_2019,11921,殺球,bottom
MK_vs_CT_2019,11934,小球,top
MK_vs_CT_2019,11952,撲球,bottom
MK_vs_CT_2019,11965,平快球,top
MK_vs_CT_2019,12298,發球,bottom
MK_vs_CT_2019,12313,小球,top
MK_vs_CT_2019,12331,高遠球,bottom
MK_vs_CT_2019,12362,切球,top
MK_vs_CT_2019,12372,小球,bottom
MK_vs_CT_2019,12400,高遠球,top
MK_vs_CT_2019,12429,切球,bottom
MK_vs_CT_2019,12446,小球,top
MK_vs_CT_2019,12465,勾球,bottom
MK_vs_CT_2019,12492,小球,top
MK_vs_CT_2019,12516,高遠球,bottom
MK_vs_CT_2019,12560,切球,top
MK_vs_CT_2019,12577,小球,bottom
MK_vs_CT_2019,12602,平快球,top
MK_vs_CT_2019,12631,切球,bottom
MK_vs_CT_2019,12655,平快球,top
MK_vs_CT_2019,12670,高遠球,bottom
MK_vs_CT_2019,12702,高遠球,top
MK_vs_CT_2019,12735,高遠球,bottom
MK_vs_CT_2019,12766,切球,top
MK_vs_CT_2019,12783,小球,bottom
MK_vs_CT_2019,12810,高遠球,top
MK_vs_CT_2019,12847,高遠球,bottom
MK_vs_CT_2019,12875,殺球,top
MK_vs_CT_2019,12886,小球,bottom
MK_vs_CT_2019,12913,平快球,top
MK_vs_CT_2019,12942,切球,bottom
MK_vs_CT_2019,13434,發球,top
MK_vs_CT_2019,13456,小球,bottom
MK_vs_CT_2019,13478,小球,top
MK_vs_CT_2019,13502,小球,bottom
MK_vs_CT_2019,13516,撲球,top
MK_vs_CT_2019,13523,小球,bottom
MK_vs_CT_2019,13923,發球,bottom
MK_vs_CT_2019,13947,平快球,top
MK_vs_CT_2019,13970,殺球,bottom
MK_vs_CT_2019,13979,平快球,top
MK_vs_CT_2019,14001,殺球,bottom
MK_vs_CT_2019,14016,高遠球,top
MK_vs_CT_2019,14044,高遠球,bottom
MK_vs_CT_2019,14070,殺球,top
MK_vs_CT_2019,14083,小球,bottom
MK_vs_CT_2019,14107,高遠球,top
MK_vs_CT_2019,14136,高遠球,bottom
MK_vs_CT_2019,14170,切球,top
MK_vs_CT_2019,14188,平快球,bottom
MK_vs_CT_2019,14208,殺球,top
MK_vs_CT_2019,14224,小球,bottom
MK_vs_CT_2019,14245,撲球,top
MK_vs_CT_2019,14943,殺球,bottom
MK_vs_CT_2019,14969,殺球,bottom
MK_vs_CT_2019,14982,高遠球,top
MK_vs_CT_2019,15015,切球,bottom
MK_vs_CT_2019,15035,小球,top
MK_vs_CT_2019,15374,發球,bottom
MK_vs_CT_2019,15387,平快球,top
MK_vs_CT_2019,15416,切球,bottom
MK_vs_CT_2019,15433,勾球,top
MK_vs_CT_2019,15804,發球,bottom
MK_vs_CT_2019,15827,平快球,top
MK_vs_CT_2019,15840,平快球,bottom
MK_vs_CT_2019,15850,平快球,top
MK_vs_CT_2019,15861,小球,bottom
MK_vs_CT_2019,15881,平快球,top
MK_vs_CT_2019,16253,發球,bottom
MK_vs_CT_2019,16270,小球,top
MK_vs_CT_2019,16292,小球,bottom
MK_vs_CT_2019,16313,高遠球,top
MK_vs_CT_2019,16359,切球,bottom
MK_vs_CT_2019,16373,小球,top
MK_vs_CT_2019,16394,平快球,bottom
MK_vs_CT_2019,16427,高遠球,top
MK_vs_CT_2019,16461,殺球,bottom
MK_vs_CT_2019,16477,小球,top
MK_vs_CT_2019,16500,高遠球,bottom
MK_vs_CT_2019,16535,高遠球,top
MK_vs_CT_2019,16571,切球,bottom
MK_vs_CT_2019,16588,平快球,top
MK_vs_CT_2019,16616,切球,bottom
MK_vs_CT_2019,16637,勾球,top
MK_vs_CT_2019,16657,高遠球,bottom
MK_vs_CT_2019,16690,高遠球,top
MK_vs_CT_2019,16726,切球,bottom
MK_vs_CT_2019,16744,小球,top
MK_vs_CT_2019,16772,高遠球,bottom
MK_vs_CT_2019,16799,殺球,top
MK_vs_CT_2019,17423,發球,top
MK_vs_CT_2019,17447,高遠球,bottom
MK_vs_CT_2019,17477,切球,top
MK_vs_CT_2019,17497,小球,bottom
MK_vs_CT_2019,17518,平快球,top
MK_vs_CT_2019,17548,切球,bottom
MK_vs_CT_2019,17558,平快球,top
MK_vs_CT_2019,17573,小球,bottom
MK_vs_CT_2019,17596,小球,top
MK_vs_CT_2019,17990,發球,bottom
MK_vs_CT_2019,18001,平快球,top
MK_vs_CT_2019,18032,切球,bottom
MK_vs_CT_2019,18048,小球,top
MK_vs_CT_2019,18075,小球,bottom
MK_vs_CT_2019,18100,小球,top
MK_vs_CT_2019,18121,高遠球,bottom
MK_vs_CT_2019,18197,平快球,bottom
MK_vs_CT_2019,18213,平快球,top
MK_vs_CT_2019,18246,切球,bottom
MK_vs_CT_2019,18266,小球,top
MK_vs_CT_2019,18286,小球,bottom
MK_vs_CT_2019,18308,平快球,top
MK_vs_CT_2019,18331,切球,bottom
MK_vs_CT_2019,18350,平快球,top
MK_vs_CT_2019,18364,小球,bottom
MK_vs_CT_2019,18382,高遠球,top
MK_vs_CT_2019,18415,高遠球,bottom
MK_vs_CT_2019,18442,高遠球,top
MK_vs_CT_2019,18468,切球,bottom
MK_vs_CT_2019,18486,勾球,top
MK_vs_CT_2019,18508,小球,bottom
MK_vs_CT_2019,18528,高遠球,top
MK_vs_CT_2019,18560,高遠球,bottom
MK_vs_CT_2019,18592,高遠球,top
MK_vs_CT_2019,18629,切球,bottom
MK_vs_CT_2019,18651,小球,top
MK_vs_CT_2019,18676,高遠球,bottom
MK_vs_CT_2019,18716,高遠球,top
MK_vs_CT_2019,18746,高遠球,bottom
MK_vs_CT_2019,18777,殺球,top
MK_vs_CT_2019,18797,小球,bottom
MK_vs_CT_2019,18823,高遠球,top
MK_vs_CT_2019,18854,高遠球,bottom
MK_vs_CT_2019,18888,高遠球,top
MK_vs_CT_2019,18925,高遠球,bottom
MK_vs_CT_2019,18962,高遠球,top
MK_vs_CT_2019,18990,高遠球,bottom
MK_vs_CT_2019,19025,高遠球,top
MK_vs_CT_2019,19062,切球,bottom
MK_vs_CT_2019,19583,未知球種,
MK_vs_CT_2019,19589,高遠球,bottom
MK_vs_CT_2019,19619,高遠球,top
MK_vs_CT_2019,19654,殺球,bottom
MK_vs_CT_2019,19668,小球,top
MK_vs_CT_2019,19692,平快球,bottom
MK_vs_CT_2019,19724,高遠球,top
MK_vs_CT_2019,19751,切球,bottom
MK_vs_CT_2019,19768,平快球,top
MK_vs_CT_2019,19780,小球,bottom
MK_vs_CT_2019,19800,高遠球,top
MK_vs_CT_2019,19834,切球,bottom
MK_vs_CT_2019,19858,小球,top
MK_vs_CT_2019,19885,高遠球,bottom
MK_vs_CT_2019,19930,高遠球,top
MK_vs_CT_2019,19969,高遠球,bottom
MK_vs_CT_2019,19999,殺球,top
MK_vs_CT_2019,20016,勾球,bottom
MK_vs_CT_2019,20042,高遠球,top
MK_vs_CT_2019,20069,高遠球,bottom
MK_vs_CT_2019,20100,高遠球,top
MK_vs_CT_2019,20131,高遠球,bottom
MK_vs_CT_2019,20169,殺球,top
MK_vs_CT_2019,20187,勾球,bottom
MK_vs_CT_2019,20212,高遠球,top
MK_vs_CT_2019,20248,切球,bottom
MK_vs_CT_2019,20271,平快球,top
MK_vs_CT_2019,20298,切球,bottom
MK_vs_CT_2019,20320,平快球,top
MK_vs_CT_2019,20349,切球,bottom
MK_vs_CT_2019,20373,高遠球,top
MK_vs_CT_2019,20406,切球,bottom
MK_vs_CT_2019,20427,平快球,top
MK_vs_CT_2019,20460,切球,bottom
MK_vs_CT_2019,21006,發球,top
MK_vs_CT_2019,21024,平快球,bottom
MK_vs_CT_2019,21054,高遠球,top
MK_vs_CT_2019,21084,切球,bottom
MK_vs_CT_2019,21108,高遠球,top
MK_vs_CT_2019,21135,殺球,bottom
MK_vs_CT_2019,21145,小球,top
MK_vs_CT_2019,21169,高遠球,bottom
MK_vs_CT_2019,21202,高遠球,top
MK_vs_CT_2019,21241,切球,bottom
MK_vs_CT_2019,21258,平快球,top
MK_vs_CT_2019,21290,切球,bottom
MK_vs_CT_2019,21316,高遠球,top
MK_vs_CT_2019,21344,切球,bottom
MK_vs_CT_2019,21368,平快球,top
MK_vs_CT_2019,21394,高遠球,bottom
MK_vs_CT_2019,21427,切球,top
MK_vs_CT_2019,21454,平快球,bottom
MK_vs_CT_2019,21484,高遠球,top
MK_vs_CT_2019,21515,高遠球,bottom
MK_vs_CT_2019,21550,高遠球,top
MK_vs_CT_2019,21585,高遠球,bottom
MK_vs_CT_2019,21622,切球,top
MK_vs_CT_2019,21647,勾球,bottom
MK_vs_CT_2019,21672,平快球,top
MK_vs_CT_2019,21700,切球,bottom
MK_vs_CT_2019,21724,小球,top
MK_vs_CT_2019,21752,高遠球,bottom
MK_vs_CT_2019,21784,切球,top
MK_vs_CT_2019,21809,小球,bottom
MK_vs_CT_2019,21833,小球,top
MK_vs_CT_2019,21859,高遠球,bottom
MK_vs_CT_2019,21926,小球,bottom
MK_vs_CT_2019,21951,高遠球,top
MK_vs_CT_2019,21983,高遠球,bottom
MK_vs_CT_2019,22017,高遠球,top
MK_vs_CT_2019,22048,高遠球,bottom
MK_vs_CT_2019,22080,殺球,top
MK_vs_CT_2019,23058,未知球種,
MK_vs_CT_2019,23071,小球,bottom
MK_vs_CT_2019,23095,小球,top
MK_vs_CT_2019,23118,高遠球,bottom
MK_vs_CT_2019,23166,殺球,top
MK_vs_CT_2019,23178,小球,bottom
MK_vs_CT_2019,23206,平快球,top
MK_vs_CT_2019,23224,高遠球,bottom
MK_vs_CT_2019,23254,高遠球,top
MK_vs_CT_2019,23288,切球,bottom
MK_vs_CT_2019,23314,小球,top
MK_vs_CT_2019,23337,高遠球,bottom
MK_vs_CT_2019,23378,高遠球,top
MK_vs_CT_2019,23412,殺球,bottom
MK_vs_CT_2019,23852,發球,bottom
MK_vs_CT_2019,23864,平快球,top
MK_vs_CT_2019,23890,高遠球,bottom
MK_vs_CT_2019,23917,高遠球,top
MK_vs_CT_2019,23955,切球,bottom
MK_vs_CT_2019,23977,小球,top
MK_vs_CT_2019,24005,高遠球,bottom
MK_vs_CT_2019,24043,高遠球,top
MK_vs_CT_2019,24071,切球,bottom
MK_vs_CT_2019,24089,小球,top
MK_vs_CT_2019,24112,小球,bottom
MK_vs_CT_2019,24137,小球,top
MK_vs_CT_2019,24160,高遠球,bottom
MK_vs_CT_2019,24197,殺球,top
MK_vs_CT_2019,24210,小球,bottom
MK_vs_CT_2019,24235,小球,top
MK_vs_CT_2019,24257,高遠球,bottom
MK_vs_CT_2019,24312,殺球,top
MK_vs_CT_2019,24978,未知球種,
MK_vs_CT_2019,24990,平快球,top
MK_vs_CT_2019,25017,切球,bottom
MK_vs_CT_2019,25042,小球,top
MK_vs_CT_2019,25070,小球,bottom
MK_vs_CT_2019,25093,小球,top
MK_vs_CT_2019,25116,高遠球,bottom
MK_vs_CT_2019,25154,高遠球,top
MK_vs_CT_2019,25187,切球,bottom
MK_vs_CT_2019,25213,小球,top
MK_vs_CT_2019,25239,高遠球,bottom
MK_vs_CT_2019,25280,高遠球,top
MK_vs_CT_2019,25320,高遠球,bottom
MK_vs_CT_2019,25352,高遠球,top
MK_vs_CT_2019,25382,切球,bottom
MK_vs_CT_2019,25403,平快球,top
MK_vs_CT_2019,25424,高遠球,bottom
MK_vs_CT_2019,25449,殺球,top
MK_vs_CT_2019,25467,小球,bottom
MK_vs_CT_2019,25490,小球,top
MK_vs_CT_2019,25512,高遠球,bottom
MK_vs_CT_2019,25570,殺球,top
MK_vs_CT_2019,25581,小球,bottom
MK_vs_CT_2019,25599,小球,top
MK_vs_CT_2019,25620,小球,bottom
MK_vs_CT_2019,25643,平快球,top
MK_vs_CT_2019,25668,高遠球,bottom
MK_vs_CT_2019,25695,殺球,top
MK_vs_CT_2019,25712,小球,bottom
MK_vs_CT_2019,25737,小球,top
MK_vs_CT_2019,25763,高遠球,bottom
MK_vs_CT_2019,25804,高遠球,top
MK_vs_CT_2019,25836,切球,bottom
MK_vs_CT_2019,25860,勾球,top
MK_vs_CT_2019,25889,高遠球,bottom
MK_vs_CT_2019,25928,切球,top
MK_vs_CT_2019,25949,小球,bottom
MK_vs_CT_2019,25969,高遠球,top
MK_vs_CT_2019,26007,切球,bottom
MK_vs_CT_2019,26031,小球,top
MK_vs_CT_2019,27399,發球,bottom
MK_vs_CT_2019,27415,平快球,top
MK_vs_CT_2019,27440,高遠球,bottom
MK_vs_CT_2019,27465,殺球,top
MK_vs_CT_2019,27482,小球,bottom
MK_vs_CT_2019,27505,小球,top
MK_vs_CT_2019,27526,高遠球,bottom
MK_vs_CT_2019,27560,高遠球,top
MK_vs_CT_2019,27589,殺球,bottom
MK_vs_CT_2019,27601,小球,top
MK_vs_CT_2019,27630,高遠球,bottom
MK_vs_CT_2019,27660,切球,top
MK_vs_CT_2019,27678,勾球,bottom
MK_vs_CT_2019,27701,高遠球,top
MK_vs_CT_2019,27728,殺球,bottom
MK_vs_CT_2019,28235,發球,top
MK_vs_CT_2019,28259,高遠球,bottom
MK_vs_CT_2019,28288,高遠球,top
MK_vs_CT_2019,28314,切球,bottom
MK_vs_CT_2019,28335,平快球,top
MK_vs_CT_2019,28355,切球,bottom
MK_vs_CT_2019,28375,平快球,top
MK_vs_CT_2019,28392,殺球,bottom
MK_vs_CT_2019,28402,小球,top
MK_vs_CT_2019,28417,平快球,bottom
MK_vs_CT_2019,28446,高遠球,top
MK_vs_CT_2019,28471,高遠球,bottom
MK_vs_CT_2019,28498,高遠球,top
MK_vs_CT_2019,28525,切球,bottom
MK_vs_CT_2019,28549,小球,top
MK_vs_CT_2019,28577,高遠球,bottom
MK_vs_CT_2019,28621,高遠球,top
MK_vs_CT_2019,28659,切球,bottom
MK_vs_CT_2019,28677,勾球,top
MK_vs_CT_2019,29123,發球,top
MK_vs_CT_2019,29167,殺球,bottom
MK_vs_CT_2019,29180,高遠球,top
MK_vs_CT_2019,29208,高遠球,bottom
MK_vs_CT_2019,29239,高遠球,top
MK_vs_CT_2019,29266,高遠球,bottom
MK_vs_CT_2019,29296,高遠球,top
MK_vs_CT_2019,31396,高遠球,top
MK_vs_CT_2019,31420,高遠球,top
MK_vs_CT_2019,31450,殺球,bottom
MK_vs_CT_2019,31753,未知球種,
MK_vs_CT_2019,31759,高遠球,bottom
MK_vs_CT_2019,31789,切球,top
MK_vs_CT_2019,31808,平快球,bottom
MK_vs_CT_2019,31828,殺球,top
MK_vs_CT_2019,32365,發球,bottom
MK_vs_CT_2019,32379,平快球,top
MK_vs_CT_2019,32389,平快球,bottom
MK_vs_CT_2019,32407,殺球,top
MK_vs_CT_2019,32416,平快球,bottom
MK_vs_CT_2019,32446,平快球,top
MK_vs_CT_2019,32461,小球,bottom
MK_vs_CT_2019,32480,小球,top
MK_vs_CT_2019,32503,高遠球,bottom
MK_vs_CT_2019,32533,高遠球,top
MK_vs_CT_2019,32556,殺球,bottom
MK_vs_CT_2019,32568,勾球,top
MK_vs_CT_2019,33026,發球,bottom
MK_vs_CT_2019,33036,平快球,top
MK_vs_CT_2019,33047,平快球,bottom
MK_vs_CT_2019,33074,高遠球,top
MK_vs_CT_2019,33113,殺球,bottom
MK_vs_CT_2019,33127,高遠球,top
MK_vs_CT_2019,33154,切球,bottom
MK_vs_CT_2019,33176,小球,top
MK_vs_CT_2019,33608,未知球種,
MK_vs_CT_2019,33622,平快球,top
MK_vs_CT_2019,33646,高遠球,bottom
MK_vs_CT_2019,33672,殺球,top
MK_vs_CT_2019,33685,小球,bottom
MK_vs_CT_2019,33712,平快球,top
MK_vs_CT_2019,33737,高遠球,bottom
MK_vs_CT_2019,33760,殺球,top
MK_vs_CT_2019,33776,小球,bottom
MK_vs_CT_2019,33804,平快球,top
MK_vs_CT_2019,33831,高遠球,bottom
MK_vs_CT_2019,33861,高遠球,top
MK_vs_CT_2019,33887,高遠球,bottom
MK_vs_CT_2019,33919,高遠球,top
MK_vs_CT_2019,33948,切球,bottom
MK_vs_CT_2019,33970,高遠球,top
MK_vs_CT_2019,33998,高遠球,bottom
MK_vs_CT_2019,34026,切球,top
MK_vs_CT_2019,34053,小球,bottom
MK_vs_CT_2019,34896,發球,top
MK_vs_CT_2019,34924,切球,bottom
MK_vs_CT_2019,34939,平快球,top
MK_vs_CT_2019,34953,小球,bottom
MK_vs_CT_2019,34970,平快球,top
MK_vs_CT_2019,34999,切球,bottom
MK_vs_CT_2019,35019,小球,top
MK_vs_CT_2019,35045,小球,bottom
MK_vs_CT_2019,35068,小球,top
MK_vs_CT_2019,35091,高遠球,bottom
MK_vs_CT_2019,35145,小球,bottom
MK_vs_CT_2019,35156,勾球,bottom
MK_vs_CT_2019,35182,平快球,top
MK_vs_CT_2019,35204,殺球,bottom
MK_vs_CT_2019,35219,平快球,top
MK_vs_CT_2019,35231,平快球,bottom
MK_vs_CT_2019,35242,小球,top
MK_vs_CT_2019,35812,發球,bottom
MK_vs_CT_2019,35829,平快球,top
MK_vs_CT_2019,35859,切球,bottom
MK_vs_CT_2019,35882,高遠球,top
MK_vs_CT_2019,35911,切球,bottom
MK_vs_CT_2019,35933,平快球,top
MK_vs_CT_2019,35966,切球,bottom
MK_vs_CT_2019,35988,小球,top
MK_vs_CT_2019,36009,高遠球,bottom
MK_vs_CT_2019,36048,切球,top
MK_vs_CT_2019,36562,發球,bottom
MK_vs_CT_2019,36577,小球,top
MK_vs_CT_2019,36599,小球,bottom
MK_vs_CT_2019,36623,高遠球,top
MK_vs_CT_2019,36666,殺球,bottom
MK_vs_CT_2019,36677,高遠球,top
MK_vs_CT_2019,36701,殺球,bottom
MK_vs_CT_2019,36714,小球,top
MK_vs_CT_2019,36735,高遠球,bottom
MK_vs_CT_2019,36764,高遠球,top
MK_vs_CT_2019,36789,切球,bottom
MK_vs_CT_2019,36811,小球,top
MK_vs_CT_2019,36838,高遠球,bottom
MK_vs_CT_2019,36872,高遠球,top
MK_vs_CT_2019,36899,高遠球,bottom
MK_vs_CT_2019,36933,高遠球,top
MK_vs_CT_2019,36960,切球,bottom
MK_vs_CT_2019,36980,勾球,top
MK_vs_CT_2019,37014,小球,bottom
MK_vs_CT_2019,37037,高遠球,top
MK_vs_CT_2019,37070,高遠球,bottom
MK_vs_CT_2019,37107,殺球,top
MK_vs_CT_2019,37126,小球,bottom
MK_vs_CT_2019,37151,小球,top
MK_vs_CT_2019,37175,高遠球,bottom
MK_vs_CT_2019,37222,切球,top
MK_vs_CT_2019,37246,小球,bottom
MK_vs_CT_2019,37271,小球,top
MK_vs_CT_2019,37294,高遠球,bottom
MK_vs_CT_2019,37345,高遠球,top
MK_vs_CT_2019,37379,切球,bottom
MK_vs_CT_2019,37403,小球,top
MK_vs_CT_2019,37429,平快球,bottom
MK_vs_CT_2019,37462,高遠球,top
MK_vs_CT_2019,37489,高遠球,bottom
MK_vs_CT_2019,37520,高遠球,top
MK_vs_CT_2019,37546,切球,bottom
MK_vs_CT_2019,37568,平快球,top
MK_vs_CT_2019,37585,高遠球,bottom
MK_vs_CT_2019,37615,殺球,top
MK_vs_CT_2019,37632,小球,bottom
MK_vs_CT_2019,37660,勾球,top
MK_vs_CT_2019,37688,高遠球,bottom
MK_vs_CT_2019,37723,高遠球,top
MK_vs_CT_2019,38386,發球,bottom
MK_vs_CT_2019,38406,小球,top
MK_vs_CT_2019,38428,高遠球,bottom
MK_vs_CT_2019,38465,高遠球,top
MK_vs_CT_2019,38494,殺球,bottom
MK_vs_CT_2019,38511,小球,top
MK_vs_CT_2019,39814,發球,bottom
MK_vs_CT_2019,39828,平快球,top
MK_vs_CT_2019,39838,平快球,bottom
MK_vs_CT_2019,39869,切球,top
MK_vs_CT_2019,39888,小球,bottom
MK_vs_CT_2019,39915,高遠球,top
MK_vs_CT_2019,39966,平快球,top
MK_vs_CT_2019,39986,切球,bottom
MK_vs_CT_2019,40004,平快球,top
MK_vs_CT_2019,40023,平快球,bottom
MK_vs_CT_2019,40054,切球,top
MK_vs_CT_2019,40075,小球,bottom
MK_vs_CT_2019,40097,平快球,top
MK_vs_CT_2019,40126,高遠球,bottom
MK_vs_CT_2019,40151,殺球,top
MK_vs_CT_2019,40621,未知球種,
MK_vs_CT_2019,40638,平快球,bottom
MK_vs_CT_2019,40674,切球,top
MK_vs_CT_2019,40692,小球,bottom
MK_vs_CT_2019,40714,平快球,top
MK_vs_CT_2019,40739,切球,bottom
MK_vs_CT_2019,40764,高遠球,top
MK_vs_CT_2019,40789,切球,bottom
MK_vs_CT_2019,40814,小球,top
MK_vs_CT_2019,40840,高遠球,bottom
MK_vs_CT_2019,40879,切球,top
MK_vs_CT_2019,40903,小球,bottom
MK_vs_CT_2019,40929,小球,top
MK_vs_CT_2019,40950,高遠球,bottom
MK_vs_CT_2019,40984,高遠球,top
MK_vs_CT_2019,41016,高遠球,bottom
MK_vs_CT_2019,41045,殺球,top
MK_vs_CT_2019,41063,小球,bottom
MK_vs_CT_2019,41091,高遠球,top
MK_vs_CT_2019,41123,高遠球,bottom
MK_vs_CT_2019,41162,高遠球,top
MK_vs_CT_2019,41190,切球,bottom
MK_vs_CT_2019,41214,撲球,top
MK_vs_CT_2019,41775,殺球,bottom
MK_vs_CT_2019,41788,小球,top
MK_vs_CT_2019,42221,發球,bottom
MK_vs_CT_2019,42240,平快球,top
MK_vs_CT_2019,42267,高遠球,bottom
MK_vs_CT_2019,42303,殺球,top
MK_vs_CT_2019,42319,小球,bottom
MK_vs_CT_2019,42346,高遠球,top
MK_vs_CT_2019,42381,高遠球,bottom
MK_vs_CT_2019,42412,殺球,top
MK_vs_CT_2019,42423,小球,bottom
MK_vs_CT_2019,42797,未知球種,
MK_vs_CT_2019,42813,平快球,top
MK_vs_CT_2019,42841,高遠球,bottom
MK_vs_CT_2019,42868,殺球,top
MK_vs_CT_2019,42887,小球,bottom
MK_vs_CT_2019,42915,平快球,top
MK_vs_CT_2019,42941,切球,bottom
MK_vs_CT_2019,42960,平快球,top
MK_vs_CT_2019,42976,切球,bottom
MK_vs_CT_2019,42997,小球,top
MK_vs_CT_2019,43022,高遠球,bottom
MK_vs_CT_2019,43079,殺球,top
MK_vs_CT_2019,43701,發球,top
MK_vs_CT_2019,43722,高遠球,bottom
MK_vs_CT_2019,43753,高遠球,top
MK_vs_CT_2019,43783,殺球,bottom
MK_vs_CT_2019,44111,高遠球,bottom
MK_vs_CT_2019,44137,高遠球,bottom
MK_vs_CT_2019,44411,發球,top
MK_vs_CT_2019,44440,切球,bottom
MK_vs_CT_2019,44458,高遠球,top
MK_vs_CT_2019,44489,切球,bottom
MK_vs_CT_2019,44507,高遠球,top
MK_vs_CT_2019,44534,高遠球,bottom
MK_vs_CT_2019,44561,高遠球,top
MK_vs_CT_2019,44582,殺球,bottom
MK_vs_CT_2019,44597,平快球,top
MK_vs_CT_2019,44612,平快球,bottom
MK_vs_CT_2019,44623,平快球,top
MK_vs_CT_2019,44640,小球,bottom
MK_vs_CT_2019,44662,高遠球,top
MK_vs_CT_2019,44694,高遠球,bottom
MK_vs_CT_2019,44726,切球,top
MK_vs_CT_2019,44745,小球,bottom
MK_vs_CT_2019,44774,小球,top
MK_vs_CT_2019,48521,發球,top
MK_vs_CT_2019,48529,平快球,bottom
MK_vs_CT_2019,48555,高遠球,top
MK_vs_CT_2019,48587,殺球,bottom
MK_vs_CT_2019,48966,發球,top
MK_vs_CT_2019,49013,小球,bottom
MK_vs_CT_2019,49032,高遠球,top
MK_vs_CT_2019,49083,殺球,bottom
MK_vs_CT_2019,49590,發球,bottom
MK_vs_CT_2019,49605,小球,top
MK_vs_CT_2019,49623,小球,bottom
MK_vs_CT_2019,49643,高遠球,top
MK_vs_CT_2019,49676,平快球,bottom
MK_vs_CT_2019,50030,發球,bottom
MK_vs_CT_2019,50046,平快球,top
MK_vs_CT_2019,50322,發球,bottom
MK_vs_CT_2019,50338,平快球,top
MK_vs_CT_2019,50362,殺球,bottom
MK_vs_CT_2019,50752,發球,bottom
MK_vs_CT_2019,50767,小球,top
MK_vs_CT_2019,50786,小球,bottom
MK_vs_CT_2019,50809,高遠球,top
MK_vs_CT_2019,50867,小球,top
MK_vs_CT_2019,50883,平快球,bottom
MK_vs_CT_2019,51285,發球,top
MK_vs_CT_2019,51298,小球,bottom
MK_vs_CT_2019,51320,小球,top
MK_vs_CT_2019,51341,高遠球,bottom
MK_vs_CT_2019,51381,切球,top
MK_vs_CT_2019,51392,平快球,bottom
MK_vs_CT_2019,51406,小球,top
MK_vs_CT_2019,51429,小球,bottom
MK_vs_CT_2019,51453,小球,top
MK_vs_CT_2019,51471,小球,bottom
MK_vs_CT_2019,51498,高遠球,top
MK_vs_CT_2019,51543,殺球,bottom
MK_vs_CT_2019,51557,小球,top
MK_vs_CT_2019,51579,小球,bottom
MK_vs_CT_2019,51604,小球,top
MK_vs_CT_2019,51630,小球,bottom
MK_vs_CT_2019,51652,高遠球,top
MK_vs_CT_2019,51690,殺球,bottom
MK_vs_CT_2019,52449,發球,bottom
MK_vs_CT_2019,52842,發球,top
MK_vs_CT_2019,52852,小球,bottom
MK_vs_CT_2019,52875,高遠球,top
MK_vs_CT_2019,52912,高遠球,bottom
MK_vs_CT_2019,52943,殺球,top
MK_vs_CT_2019,52958,小球,bottom
MK_vs_CT_2019,52987,平快球,top
MK_vs_CT_2019,52999,平快球,bottom
MK_vs_CT_2019,53012,小球,top
MK_vs_CT_2019,53034,小球,bottom
MK_vs_CT_2019,53057,高遠球,top
MK_vs_CT_2019,53091,高遠球,bottom
MK_vs_CT_2019,53124,切球,top
MK_vs_CT_2019,53150,小球,bottom
MK_vs_CT_2019,53172,高遠球,top
MK_vs_CT_2019,53207,高遠球,bottom
MK_vs_CT_2019,53236,切球,top
MK_vs_CT_2019,53256,平快球,bottom
MK_vs_CT_2019,53274,小球,top
MK_vs_CT_2019,53293,小球,bottom
MK_vs_CT_2019,53317,高遠球,top
MK_vs_CT_2019,53350,高遠球,bottom
MK_vs_CT_2019,53377,殺球,top
MK_vs_CT_2019,53391,高遠球,bottom
MK_vs_CT_2019,53423,切球,top
MK_vs_CT_2019,53448,小球,bottom
MK_vs_CT_2019,53475,高遠球,top
MK_vs_CT_2019,53518,高遠球,bottom
MK_vs_CT_2019,53559,殺球,top
MK_vs_CT_2019,53574,高遠球,bottom
MK_vs_CT_2019,53599,切球,top
MK_vs_CT_2019,53618,平快球,bottom
MK_vs_CT_2019,53648,高遠球,top
MK_vs_CT_2019,53674,殺球,bottom
MK_vs_CT_2019,55100,發球,top
MK_vs_CT_2019,55118,平快球,bottom
MK_vs_CT_2019,55134,殺球,top
MK_vs_CT_2019,55146,平快球,bottom
MK_vs_CT_2019,55160,高遠球,top
MK_vs_CT_2019,55179,高遠球,bottom
MK_vs_CT_2019,55216,高遠球,top
MK_vs_CT_2019,55249,切球,bottom
MK_vs_CT_2019,55268,小球,top
MK_vs_CT_2019,55287,平快球,bottom
MK_vs_CT_2019,55321,高遠球,top
MK_vs_CT_2019,55349,殺球,bottom
MK_vs_CT_2019,55361,小球,top
MK_vs_CT_2019,55384,撲球,bottom
MK_vs_CT_2019,55391,高遠球,top
MK_vs_CT_2019,55912,發球,bottom
MK_vs_CT_2019,55940,殺球,top
MK_vs_CT_2019,55955,小球,bottom
MK_vs_CT_2019,55974,小球,top
MK_vs_CT_2019,55995,小球,bottom
MK_vs_CT_2019,56015,高遠球,top
MK_vs_CT_2019,56051,切球,bottom
MK_vs_CT_2019,56076,小球,top
MK_vs_CT_2019,56099,平快球,bottom
MK_vs_CT_2019,56122,高遠球,top
MK_vs_CT_2019,56159,切球,bottom
MK_vs_CT_2019,56176,小球,top
MK_vs_CT_2019,56201,平快球,bottom
MK_vs_CT_2019,56224,殺球,top
MK_vs_CT_2019,56233,平快球,bottom
MK_vs_CT_2019,56249,勾球,top
MK_vs_CT_2019,56272,小球,bottom
MK_vs_CT_2019,56299,高遠球,top
MK_vs_CT_2019,56333,切球,bottom
MK_vs_CT_2019,56351,平快球,top
MK_vs_CT_2019,56790,高遠球,top
MK_vs_CT_2019,56808,高遠球,top
MK_vs_CT_2019,56840,殺球,bottom
MK_vs_CT_2019,56855,小球,top
MK_vs_CT_2019,56882,高遠球,bottom
MK_vs_CT_2019,56916,切球,top
MK_vs_CT_2019,56935,平快球,bottom
MK_vs_CT_2019,56948,高遠球,top
MK_vs_CT_2019,56983,切球,bottom
MK_vs_CT_2019,57006,小球,top
MK_vs_CT_2019,57029,小球,bottom
MK_vs_CT_2019,57054,高遠球,top
MK_vs_CT_2019,57107,小球,top
MK_vs_CT_2019,57129,小球,top
MK_vs_CT_2019,57155,小球,bottom
MK_vs_CT_2019,57990,發球,top
MK_vs_CT_2019,58008,小球,bottom
MK_vs_CT_2019,58032,小球,top
MK_vs_CT_2019,58052,高遠球,bottom
MK_vs_CT_2019,58107,殺球,top
MK_vs_CT_2019,58820,發球,top
MK_vs_CT_2019,58831,平快球,bottom
MK_vs_CT_2019,58855,高遠球,top
MK_vs_CT_2019,58886,切球,bottom
MK_vs_CT_2019,58908,勾球,top
MK_vs_CT_2019,58930,平快球,bottom
MK_vs_CT_2019,58960,切球,top
MK_vs_CT_2019,58976,撲球,bottom
MK_vs_CT_2019,59395,未知球種,
MK_vs_CT_2019,59395,未知球種,
MK_vs_CT_2019,59410,切球,bottom
MK_vs_CT_2019,59427,小球,top
MK_vs_CT_2019,59451,高遠球,bottom
MK_vs_CT_2019,59482,殺球,top
MK_vs_CT_2019,59495,勾球,bottom
MK_vs_CT_2019,59522,小球,top
MK_vs_CT_2019,59541,平快球,bottom
MK_vs_CT_2019,59565,高遠球,top
MK_vs_CT_2019,59963,高遠球,top
MK_vs_CT_2019,59988,切球,top
MK_vs_CT_2019,60009,小球,bottom
MK_vs_CT_2019,60033,高遠球,top
MK_vs_CT_2019,60069,高遠球,bottom
MK_vs_CT_2019,60104,殺球,top
MK_vs_CT_2019,60118,小球,bottom
MK_vs_CT_2019,60140,平快球,top
MK_vs_CT_2019,60164,高遠球,bottom
MK_vs_CT_2019,60200,高遠球,top
MK_vs_CT_2019,60235,殺球,bottom
MK_vs_CT_2019,60652,未知球種,
MK_vs_CT_2019,60663,小球,top
MK_vs_CT_2019,60683,高遠球,bottom
MK_vs_CT_2019,60715,殺球,top
MK_vs_CT_2019,60727,小球,bottom
MK_vs_CT_2019,60752,小球,top
MK_vs_CT_2019,60773,平快球,bottom
MK_vs_CT_2019,60803,殺球,top
MK_vs_CT_2019,62748,發球,bottom
MK_vs_CT_2019,62768,小球,top
MK_vs_CT_2019,62790,平快球,bottom
MK_vs_CT_2019,62818,殺球,top
MK_vs_CT_2019,62828,小球,bottom
MK_vs_CT_2019,62851,高遠球,top
MK_vs_CT_2019,62885,切球,bottom
MK_vs_CT_2019,62904,小球,top
MK_vs_CT_2019,62923,小球,bottom
MK_vs_CT_2019,62949,高遠球,top
MK_vs_CT_2019,62987,切球,bottom
MK_vs_CT_2019,63007,小球,top
MK_vs_CT_2019,63027,平快球,bottom
MK_vs_CT_2019,63753,發球,top
MK_vs_CT_2019,63770,平快球,bottom
MK_vs_CT_2019,63802,高遠球,top
MK_vs_CT_2019,63830,殺球,bottom
MK_vs_CT_2019,63839,小球,top
MK_vs_CT_2019,63861,平快球,bottom
MK_vs_CT_2019,63874,小球,top
MK_vs_CT_2019,63895,平快球,bottom
MK_vs_CT_2019,63927,高遠球,top
MK_vs_CT_2019,63956,切球,bottom
MK_vs_CT_2019,63979,小球,top
MK_vs_CT_2019,64002,高遠球,bottom
MK_vs_CT_2019,64030,高遠球,top
MK_vs_CT_2019,64062,高遠球,bottom
MK_vs_CT_2019,64098,高遠球,top
MK_vs_CT_2019,64133,切球,bottom
MK_vs_CT_2019,64154,勾球,top
MK_vs_CT_2019,64174,高遠球,bottom
MK_vs_CT_2019,64207,殺球,top
MK_vs_CT_2019,64221,小球,bottom
MK_vs_CT_2019,64711,發球,top
MK_vs_CT_2019,64745,切球,bottom
MK_vs_CT_2019,64759,撲球,top
MK_vs_CT_2019,65242,發球,top
MK_vs_CT_2019,65256,平快球,bottom
MK_vs_CT_2019,65284,高遠球,top
MK_vs_CT_2019,65311,高遠球,bottom
MK_vs_CT_2019,65342,切球,top
MK_vs_CT_2019,65363,小球,bottom
MK_vs_CT_2019,65389,小球,top
MK_vs_CT_2019,65410,小球,bottom
MK_vs_CT_2019,65431,小球,top
MK_vs_CT_2019,65456,小球,bottom
MK_vs_CT_2019,65464,撲球,top
MK_vs_CT_2019,66019,發球,top
MK_vs_CT_2019,66035,高遠球,bottom
MK_vs_CT_2019,66065,切球,top
MK_vs_CT_2019,66083,勾球,bottom
MK_vs_CT_2019,66106,高遠球,top
MK_vs_CT_2019,66137,切球,bottom
MK_vs_CT_2019,66160,小球,top
MK_vs_CT_2019,66178,小球,bottom
MK_vs_CT_2019,66199,高遠球,top
MK_vs_CT_2019,66256,未知球種,
MK_vs_CT_2019,66724,發球,bottom
MK_vs_CT_2019,66740,小球,top
MK_vs_CT_2019,66758,小球,bottom
MK_vs_CT_2019,66779,高遠球,top
MK_vs_CT_2019,66820,切球,bottom
MK_vs_CT_2019,66837,勾球,top
MK_vs_CT_2019,66857,小球,bottom
MK_vs_CT_2019,66880,高遠球,top
MK_vs_CT_2019,66917,殺球,bottom
MK_vs_CT_2019,67619,發球,bottom
MK_vs_CT_2019,67634,小球,top
MK_vs_CT_2019,67654,高遠球,bottom
MK_vs_CT_2019,67682,切球,top
MK_vs_CT_2019,67696,小球,bottom
MK_vs_CT_2019,67717,平快球,top
MK_vs_CT_2019,67747,切球,bottom
MK_vs_CT_2019,67759,小球,top
MK_vs_CT_2019,67778,小球,bottom
MK_vs_CT_2019,67803,平快球,top
MK_vs_CT_2019,67835,高遠球,bottom
MK_vs_CT_2019,67866,切球,top
MK_vs_CT_2019,67884,小球,bottom
MK_vs_CT_2019,67909,高遠球,top
MK_vs_CT_2019,67949,切球,bottom
MK_vs_CT_2019,67968,高遠球,top
MK_vs_CT_2019,68000,切球,bottom
MK_vs_CT_2019,68021,小球,top
MK_vs_CT_2019,68045,高遠球,bottom
MK_vs_CT_2019,68069,高遠球,top
MK_vs_CT_2019,68094,高遠球,bottom
MK_vs_CT_2019,68138,切球,top
MK_vs_CT_2019,68163,小球,bottom
MK_vs_CT_2019,68189,高遠球,top
MK_vs_CT_2019,68223,切球,bottom
MK_vs_CT_2019,68240,小球,top
MK_vs_CT_2019,68261,高遠球,bottom
MK_vs_CT_2019,68295,殺球,top
MK_vs_CT_2019,68305,小球,bottom
MK_vs_CT_2019,68330,高遠球,top
MK_vs_CT_2019,68366,切球,bottom
MK_vs_CT_2019,68391,高遠球,top
MK_vs_CT_2019,68426,高遠球,bottom
MK_vs_CT_2019,68460,高遠球,top
MK_vs_CT_2019,68492,切球,bottom
MK_vs_CT_2019,68513,小球,top
MK_vs_CT_2019,68536,平快球,bottom
MK_vs_CT_2019,68558,高遠球,top
MK_vs_CT_2019,68580,高遠球,bottom
MK_vs_CT_2019,68619,切球,top
MK_vs_CT_2019,68638,小球,bottom
MK_vs_CT_2019,68667,撲球,top
MK_vs_CT_2019,70177,發球,top
MK_vs_CT_2019,70244,小球,bottom
MK_vs_CT_2019,70266,小球,top
MK_vs_CT_2019,70288,小球,bottom
MK_vs_CT_2019,70306,高遠球,top
MK_vs_CT_2019,70341,切球,bottom
MK_vs_CT_2019,70359,小球,top
MK_vs_CT_2019,70377,小球,bottom
MK_vs_CT_2019,70400,平快球,top
MK_vs_CT_2019,70435,切球,bottom
MK_vs_CT_2019,70456,小球,top
MK_vs_CT_2019,70478,平快球,bottom
MK_vs_CT_2019,70511,小球,top
MK_vs_CT_2019,70527,小球,top
MK_vs_CT_2019,70548,小球,bottom
MK_vs_CT_2019,70573,高遠球,top
MK_vs_CT_2019,70606,高遠球,bottom
MK_vs_CT_2019,70642,高遠球,top
MK_vs_CT_2019,70668,高遠球,bottom
MK_vs_CT_2019,70713,殺球,top
MK_vs_CT_2019,70730,小球,bottom
MK_vs_CT_2019,70754,小球,top
MK_vs_CT_2019,70773,高遠球,bottom
MK_vs_CT_2019,70803,切球,top
MK_vs_CT_2019,70828,小球,bottom
MK_vs_CT_2019,70854,小球,top
MK_vs_CT_2019,70877,小球,bottom
MK_vs_CT_2019,70892,撲球,top
MK_vs_CT_2019,70901,平快球,bottom
MK_vs_CT_2019,70935,高遠球,top
MK_vs_CT_2019,70951,小球,bottom
MK_vs_CT_2019,71547,未知球種,
MK_vs_CT_2019,71547,殺球,bottom
MK_vs_CT_2019,71575,切球,bottom
MK_vs_CT_2019,71593,平快球,top
MK_vs_CT_2019,71622,高遠球,bottom
MK_vs_CT_2019,71649,高遠球,top
MK_vs_CT_2019,72066,發球,bottom
MK_vs_CT_2019,72094,高遠球,top
MK_vs_CT_2019,72123,高遠球,bottom
MK_vs_CT_2019,72144,殺球,top
MK_vs_CT_2019,72159,小球,bottom
MK_vs_CT_2019,72183,平快球,top
MK_vs_CT_2019,72206,高遠球,bottom
MK_vs_CT_2019,72885,發球,top
MK_vs_CT_2019,72904,高遠球,bottom
MK_vs_CT_2019,72930,殺球,top
MK_vs_CT_2019,72945,小球,bottom
MK_vs_CT_2019,72969,小球,top
MK_vs_CT_2019,72988,高遠球,bottom
MK_vs_CT_2019,73021,切球,top
MK_vs_CT_2019,73036,高遠球,bottom
MK_vs_CT_2019,73062,切球,top
MK_vs_CT_2019,73078,平快球,bottom
MK_vs_CT_2019,73093,小球,top
MK_vs_CT_2019,73114,高遠球,bottom
MK_vs_CT_2019,73145,切球,top
MK_vs_CT_2019,73165,平快球,bottom
MK_vs_CT_2019,73194,高遠球,top
MK_vs_CT_2019,73224,切球,bottom
MK_vs_CT_2019,73252,小球,top
MK_vs_CT_2019,73267,平快球,bottom
MK_vs_CT_2019,73293,高遠球,top
MK_vs_CT_2019,73317,高遠球,bottom
MK_vs_CT_2019,73349,切球,top
MK_vs_CT_2019,73375,平快球,bottom
MK_vs_CT_2019,73406,高遠球,top
MK_vs_CT_2019,73434,切球,bottom
MK_vs_CT_2019,73454,小球,top
MK_vs_CT_2019,73477,小球,bottom
MK_vs_CT_2019,73502,高遠球,top
MK_vs_CT_2019,73545,高遠球,bottom
MK_vs_CT_2019,73573,殺球,top
MK_vs_CT_2019,73585,小球,bottom
MK_vs_CT_2019,73609,小球,top
MK_vs_CT_2019,73632,高遠球,bottom
MK_vs_CT_2019,73663,高遠球,top
MK_vs_CT_2019,73697,高遠球,bottom
MK_vs_CT_2019,73729,高遠球,top
MK_vs_CT_2019,73758,高遠球,bottom
MK_vs_CT_2019,73796,高遠球,top
MK_vs_CT_2019,73832,切球,bottom
MK_vs_CT_2019,74519,發球,top
MK_vs_CT_2019,74536,高遠球,bottom
MK_vs_CT_2019,74569,高遠球,top
MK_vs_CT_2019,74599,殺球,bottom
MK_vs_CT_2019,75080,殺球,top
MK_vs_CT_2019,75094,小球,bottom
MK_vs_CT_2019,75117,勾球,top
MK_vs_CT_2019,75139,平快球,bottom
MK_vs_CT_2019,75160,切球,top
MK_vs_CT_2019,75185,高遠球,bottom
MK_vs_CT_2019,75214,切球,top
MK_vs_CT_2019,75235,勾球,bottom
MK_vs_CT_2019,75264,高遠球,top
MK_vs_CT_2019,75292,殺球,bottom
MK_vs_CT_2019,75304,小球,top
MK_vs_CT_2019,75327,小球,bottom
MK_vs_CT_2019,75353,高遠球,top
MK_vs_CT_2019,75389,高遠球,bottom
MK_vs_CT_2019,75420,切球,top
MK_vs_CT_2019,75445,小球,bottom
MK_vs_CT_2019,75473,高遠球,top
MK_vs_CT_2019,75504,高遠球,bottom
MK_vs_CT_2019,75537,高遠球,top
MK_vs_CT_2019,75568,殺球,bottom
MK_vs_CT_2019,75587,小球,top
MK_vs_CT_2019,76925,平快球,top
MK_vs_CT_2019,76938,高遠球,top
MK_vs_CT_2019,76966,高遠球,bottom
MK_vs_CT_2019,76989,殺球,top
MK_vs_CT_2019,77002,小球,bottom
MK_vs_CT_2019,77026,平快球,top
MK_vs_CT_2019,77057,切球,bottom
MK_vs_CT_2019,77075,小球,top
MK_vs_CT_2019,77788,發球,top
MK_vs_CT_2019,77803,小球,bottom
MK_vs_CT_2019,77827,高遠球,top
MK_vs_CT_2019,77859,殺球,bottom
MK_vs_CT_2019,77874,小球,top
MK_vs_CT_2019,78226,發球,bottom
MK_vs_CT_2019,78247,平快球,top
MK_vs_CT_2019,78277,切球,bottom
MK_vs_CT_2019,78295,平快球,top
MK_vs_CT_2019,78325,高遠球,bottom
MK_vs_CT_2019,78358,殺球,top
MK_vs_CT_2019,78375,小球,bottom
MK_vs_CT_2019,78404,平快球,top
MK_vs_CT_2019,78433,高遠球,bottom
MK_vs_CT_2019,78471,殺球,top
MK_vs_CT_2019,78485,小球,bottom
MK_vs_CT_2019,78513,小球,top
MK_vs_CT_2019,78534,平快球,bottom
MK_vs_CT_2019,78567,切球,top
MK_vs_CT_2019,78589,小球,bottom
MK_vs_CT_2019,78614,高遠球,top
MK_vs_CT_2019,78654,高遠球,bottom
MK_vs_CT_2019,78689,殺球,top
MK_vs_CT_2019,78703,小球,bottom
MK_vs_CT_2019,79832,發球,top
MK_vs_CT_2019,79847,平快球,bottom
MK_vs_CT_2019,79872,高遠球,top
MK_vs_CT_2019,79902,切球,bottom
MK_vs_CT_2019,79921,平快球,top
MK_vs_CT_2019,79959,切球,bottom
MK_vs_CT_2019,79982,小球,top
MK_vs_CT_2019,80002,小球,bottom
MK_vs_CT_2019,80024,高遠球,top
MK_vs_CT_2019,80055,切球,bottom
MK_vs_CT_2019,80073,小球,top
MK_vs_CT_2019,80096,平快球,bottom
MK_vs_CT_2019,80121,切球,top
MK_vs_CT_2019,80140,平快球,bottom
MK_vs_CT_2019,80169,切球,top
MK_vs_CT_2019,80187,高遠球,bottom
MK_vs_CT_2019,80217,高遠球,top
MK_vs_CT_2019,80249,高遠球,bottom
MK_vs_CT_2019,80282,高遠球,top
MK_vs_CT_2019,80315,切球,bottom
MK_vs_CT_2019,80334,勾球,top
MK_vs_CT_2019,80354,高遠球,bottom
MK_vs_CT_2019,80382,殺球,top
MK_vs_CT_2019,80396,小球,bottom
MK_vs_CT_2019,80423,平快球,top
MK_vs_CT_2019,80458,高遠球,bottom
MK_vs_CT_2019,80486,切球,top
MK_vs_CT_2019,80504,小球,bottom
MK_vs_CT_2019,80536,勾球,top
MK_vs_CT_2019,82419,發球,top
MK_vs_CT_2019,82436,小球,bottom
MK_vs_CT_2019,82455,小球,top
MK_vs_CT_2019,82474,平快球,bottom
MK_vs_CT_2019,82490,殺球,top
MK_vs_CT_2019,83857,發球,top
MK_vs_CT_2019,83873,小球,bottom
MK_vs_CT_2019,83893,高遠球,top
MK_vs_CT_2019,83921,殺球,bottom
MK_vs_CT_2019,83936,小球,top
MK_vs_CT_2019,83958,小球,bottom
MK_vs_CT_2019,83980,小球,top
MK_vs_CT_2019,83997,小球,bottom
MK_vs_CT_2019,84015,平快球,top
MK_vs_CT_2019,84042,殺球,bottom
MK_vs_CT_2019,84052,小球,top
MK_vs_CT_2019,84076,小球,bottom
MK_vs_CT_2019,84102,小球,top
MK_vs_CT_2019,84125,小球,bottom
MK_vs_CT_2019,84144,高遠球,top
MK_vs_CT_2019,84190,殺球,bottom
MK_vs_CT_2019,84205,小球,top
MK_vs_CT_2019,84230,平快球,bottom
MK_vs_CT_2019,84256,切球,top
MK_vs_CT_2019,84273,小球,bottom
MK_vs_CT_2019,84294,小球,top
MK_vs_CT_2019,84317,高遠球,bottom
MK_vs_CT_2019,84347,切球,top
MK_vs_CT_2019,84369,小球,bottom
MK_vs_CT_2019,84397,高遠球,top
MK_vs_CT_2019,84434,高遠球,bottom
MK_vs_CT_2019,84467,切球,top
MK_vs_CT_2019,84488,小球,bottom
MK_vs_CT_2019,84516,小球,top
MK_vs_CT_2019,84541,高遠球,bottom
MK_vs_CT_2019,84579,切球,top
MK_vs_CT_2019,84600,小球,bottom
MK_vs_CT_2019,84625,高遠球,top
MK_vs_CT_2019,84660,殺球,bottom
MK_vs_CT_2019,85859,發球,bottom
MK_vs_CT_2019,85885,切球,top
MK_vs_CT_2019,85902,平快球,bottom
MK_vs_CT_2019,85916,小球,top
MK_vs_CT_2019,85934,小球,bottom
MK_vs_CT_2019,85954,小球,top
MK_vs_CT_2019,85971,高遠球,bottom
MK_vs_CT_2019,85999,切球,top
MK_vs_CT_2019,86013,平快球,bottom
MK_vs_CT_2019,86033,平快球,top
MK_vs_CT_2019,86065,切球,bottom
MK_vs_CT_2019,86083,平快球,top
MK_vs_CT_2019,86093,殺球,top
MK_vs_CT_2019,86115,殺球,top
MK_vs_CT_2019,86123,平快球,bottom
MK_vs_CT_2019,86141,平快球,top
MK_vs_CT_2019,86152,平快球,bottom
MK_vs_CT_2019,86167,平快球,top
MK_vs_CT_2019,87211,發球,bottom
MK_vs_CT_2019,87242,切球,top
MK_vs_CT_2019,87258,勾球,bottom
MK_vs_CT_2019,87281,小球,top
MK_vs_CT_2019,87304,小球,bottom
MK_vs_CT_2019,87328,高遠球,top
MK_vs_CT_2019,87356,殺球,bottom
MK_vs_CT_2019,87370,小球,top
MK_vs_CT_2019,87396,平快球,bottom
MK_vs_CT_2019,87424,殺球,top
MK_vs_CT_2019,87435,平快球,bottom
MK_vs_CT_2019,87454,平快球,top
MK_vs_CT_2019,87466,平快球,bottom
MK_vs_CT_2019,87481,小球,top
MK_vs_CT_2019,87493,平快球,bottom
MK_vs_CT_2019,87507,小球,top
MK_vs_CT_2019,91191,發球,top
MK_vs_CT_2019,91205,小球,bottom
MK_vs_CT_2019,91226,小球,top
MK_vs_CT_2019,91251,小球,bottom
MK_vs_CT_2019,91270,平快球,top
MK_vs_CT_2019,91658,未知球種,
MK_vs_CT_2019,91669,平快球,top
MK_vs_CT_2019,91697,切球,bottom
MK_vs_CT_2019,91716,小球,top
MK_vs_CT_2019,91733,小球,bottom
MK_vs_CT_2019,91754,小球,top
MK_vs_CT_2019,91778,高遠球,bottom
MK_vs_CT_2019,91813,切球,top
MK_vs_CT_2019,91830,勾球,bottom
MK_vs_CT_2019,91849,高遠球,top
MK_vs_CT_2019,91881,切球,bottom
MK_vs_CT_2019,91903,高遠球,top
MK_vs_CT_2019,91933,高遠球,bottom
MK_vs_CT_2019,91960,殺球,top
MK_vs_CT_2019,92752,發球,bottom
MK_vs_CT_2019,92769,小球,top
MK_vs_CT_2019,92790,高遠球,bottom
MK_vs_CT_2019,92820,切球,top
MK_vs_CT_2019,92836,勾球,bottom
MK_vs_CT_2019,92859,平快球,top
MK_vs_CT_2019,92887,切球,bottom
MK_vs_CT_2019,92904,平快球,top
MK_vs_CT_2019,92916,小球,bottom
MK_vs_CT_2019,92939,平快球,top
MK_vs_CT_2019,92966,切球,bottom
MK_vs_CT_2019,92987,小球,top
MK_vs_CT_2019,93011,高遠球,bottom
MK_vs_CT_2019,93046,殺球,top
MK_vs_CT_2019,93058,小球,bottom
MK_vs_CT_2019,93083,平快球,top
MK_vs_CT_2019,93607,發球,bottom
MK_vs_CT_2019,93627,平快球,top
MK_vs_CT_2019,93648,殺球,bottom
MK_vs_CT_2019,93658,小球,top
MK_vs_CT_2019,93680,小球,bottom
MK_vs_CT_2019,93700,小球,top
MK_vs_CT_2019,93716,高遠球,bottom
MK_vs_CT_2019,93748,殺球,top
MK_vs_CT_2019,93759,小球,bottom
MK_vs_CT_2019,93789,小球,top
MK_vs_CT_2019,93808,平快球,bottom
MK_vs_CT_2019,93849,高遠球,top
MK_vs_CT_2019,93874,殺球,bottom
MK_vs_CT_2019,93887,小球,top
MK_vs_CT_2019,94855,發球,bottom
MK_vs_CT_2019,94870,高遠球,top
MK_vs_CT_2019,94906,切球,bottom
MK_vs_CT_2019,94926,小球,top
MK_vs_CT_2019,94945,高遠球,bottom
MK_vs_CT_2019,94979,切球,top
MK_vs_CT_2019,94994,小球,bottom
MK_vs_CT_2019,95015,高遠球,top
MK_vs_CT_2019,95045,殺球,bottom
MK_vs_CT_2019,95062,小球,top
MK_vs_CT_2019,95807,發球,bottom
MK_vs_CT_2019,95822,平快球,top
MK_vs_CT_2019,95845,殺球,bottom
MK_vs_CT_2019,95858,小球,top
MK_vs_CT_2019,95876,小球,bottom
MK_vs_CT_2019,95896,小球,top
MK_vs_CT_2019,95918,高遠球,bottom
MK_vs_CT_2019,95953,切球,top
MK_vs_CT_2019,95977,小球,bottom
MK_vs_CT_2019,96001,小球,top
MK_vs_CT_2019,96023,高遠球,bottom
MK_vs_CT_2019,96059,殺球,top
MK_vs_CT_2019,96070,小球,bottom
MK_vs_CT_2019,96090,平快球,top
MK_vs_CT_2019,96108,小球,bottom
MK_vs_CT_2019,96123,高遠球,top
MK_vs_CT_2019,96154,切球,bottom
MK_vs_CT_2019,96174,平快球,top
MK_vs_CT_2019,96192,小球,bottom
MK_vs_CT_2019,96212,小球,top
MK_vs_CT_2019,96235,高遠球,bottom
MK_vs_CT_2019,96293,殺球,top
MK_vs_CT_2019,96305,小球,bottom
MK_vs_CT_2019,96333,高遠球,top
MK_vs_CT_2019,96362,高遠球,bottom
MK_vs_CT_2019,96392,高遠球,top
MK_vs_CT_2019,96424,高遠球,bottom
MK_vs_CT_2019,96454,高遠球,top
MK_vs_CT_2019,96493,高遠球,bottom
MK_vs_CT_2019,96525,切球,top
MK_vs_CT_2019,96549,小球,bottom
MK_vs_CT_2019,96574,小球,top
MK_vs_CT_2019,97194,發球,top
MK_vs_CT_2019,97215,高遠球,bottom
MK_vs_CT_2019,97250,高遠球,top
MK_vs_CT_2019,97283,殺球,bottom
MK_vs_CT_2019,97298,小球,top
MK_vs_CT_2019,97318,高遠球,bottom
MK_vs_CT_2019,97347,高遠球,top
MK_vs_CT_2019,97375,切球,bottom
MK_vs_CT_2019,97395,小球,top
MK_vs_CT_2019,97422,小球,bottom
MK_vs_CT_2019,97443,高遠球,top
MK_vs_CT_2019,97478,高遠球,bottom
MK_vs_CT_2019,97511,殺球,top
MK_vs_CT_2019,97530,小球,bottom
MK_vs_CT_2019,98066,殺球,bottom
MK_vs_CT_2019,98093,殺球,bottom
MK_vs_CT_2019,98104,小球,top
MK_vs_CT_2019,98125,高遠球,bottom
MK_vs_CT_2019,98158,切球,top
MK_vs_CT_2019,98184,平快球,bottom
MK_vs_CT_2019,98214,高遠球,top
MK_vs_CT_2019,98254,高遠球,bottom
MK_vs_CT_2019,98288,高遠球,top
MK_vs_CT_2019,98324,切球,bottom
MK_vs_CT_2019,98340,平快球,top
MK_vs_CT_2019,98366,高遠球,bottom
MK_vs_CT_2019,98394,高遠球,top
MK_vs_CT_2019,99927,小球,bottom
MK_vs_CT_2019,99942,小球,bottom
MK_vs_CT_2019,99960,小球,top
MK_vs_CT_2019,99981,高遠球,bottom
MK_vs_CT_2019,100017,切球,top
MK_vs_CT_2019,100030,小球,bottom
MK_vs_CT_2019,100050,平快球,top
MK_vs_CT_2019,100077,殺球,bottom
MK_vs_CT_2019,100089,小球,top
MK_vs_CT_2019,100113,小球,bottom
MK_vs_CT_2019,100137,小球,top
MK_vs_CT_2019,100160,高遠球,bottom
MK_vs_CT_2019,100199,殺球,top
MK_vs_CT_2019,100209,小球,bottom
MK_vs_CT_2019,100232,平快球,top
MK_vs_CT_2019,100245,平快球,bottom
MK_vs_CT_2019,100258,小球,top
MK_vs_CT_2019,100276,小球,bottom
MK_vs_CT_2019,100301,小球,top
MK_vs_CT_2019,100321,撲球,bottom
MK_vs_CT_2019,101556,發球,bottom
MK_vs_CT_2019,101576,平快球,top
MK_vs_CT_2019,101606,切球,bottom
MK_vs_CT_2019,101625,小球,top
MK_vs_CT_2019,101650,高遠球,bottom
MK_vs_CT_2019,101677,殺球,top
MK_vs_CT_2019,101693,小球,bottom
MK_vs_CT_2019,101719,小球,top
MK_vs_CT_2019,101740,高遠球,bottom
MK_vs_CT_2019,101774,切球,top
MK_vs_CT_2019,101796,小球,bottom
MK_vs_CT_2019,101816,高遠球,top
MK_vs_CT_2019,101856,殺球,bottom
MK_vs_CT_2019,101867,高遠球,top
MK_vs_CT_2019,101898,高遠球,bottom
MK_vs_CT_2019,101929,切球,top
MK_vs_CT_2019,101947,高遠球,bottom
MK_vs_CT_2019,101975,高遠球,top
MK_vs_CT_2019,102001,殺球,bottom
MK_vs_CT_2019,102016,小球,top
MK_vs_CT_2019,102045,小球,bottom
MK_vs_CT_2019,102070,平快球,top
MK_vs_CT_2019,103066,發球,bottom
MK_vs_CT_2019,103087,平快球,top
MK_vs_CT_2019,103115,切球,bottom
MK_vs_CT_2019,103137,小球,top
MK_vs_CT_2019,103163,高遠球,bottom
MK_vs_CT_2019,103193,高遠球,top
MK_vs_CT_2019,103216,殺球,bottom
MK_vs_CT_2019,103229,小球,top
MK_vs_CT_2019,103248,平快球,bottom
MK_vs_CT_2019,103272,高遠球,top
MK_vs_CT_2019,103299,切球,bottom
MK_vs_CT_2019,103316,小球,top
MK_vs_CT_2019,103335,高遠球,bottom
MK_vs_CT_2019,103366,高遠球,top
MK_vs_CT_2019,103933,高遠球,bottom
MK_vs_CT_2019,103951,高遠球,bottom
MK_vs_CT_2019,103982,切球,top
MK_vs_CT_2019,103999,小球,bottom
MK_vs_CT_2019,104023,小球,top
MK_vs_CT_2019,104050,小球,bottom
MK_vs_CT_2019,104518,高遠球,bottom
MK_vs_CT_2019,104543,高遠球,bottom
MK_vs_CT_2019,104566,殺球,top
MK_vs_CT_2019,104581,小球,bottom
MK_vs_CT_2019,104605,平快球,top
MK_vs_CT_2019,105331,發球,bottom
MK_vs_CT_2019,105348,平快球,top
MK_vs_CT_2019,105371,殺球,bottom
MK_vs_CT_2019,105383,小球,top
MK_vs_CT_2019,105407,小球,bottom
MK_vs_CT_2019,105428,小球,top
MK_vs_CT_2019,105447,小球,bottom
MK_vs_CT_2019,105470,高遠球,top
MK_vs_CT_2019,105530,平快球,top
MK_vs_CT_2019,105546,小球,bottom
MK_vs_CT_2019,105563,平快球,top
MK_vs_CT_2019,105583,殺球,bottom
MK_vs_CT_2019,105594,小球,top
MK_vs_CT_2019,106526,殺球,top
MK_vs_CT_2019,106548,殺球,top
MK_vs_CT_2019,106902,發球,top
MK_vs_CT_2019,106936,切球,bottom
MK_vs_CT_2019,106950,小球,top
MK_vs_CT_2019,106971,勾球,bottom
MK_vs_CT_2019,106995,小球,top
MK_vs_CT_2019,107017,小球,bottom
MK_vs_CT_2019,107044,高遠球,top
MK_vs_CT_2019,107079,殺球,bottom
MK_vs_CT_2019,107093,小球,top
MK_vs_CT_2019,107114,小球,bottom
MK_vs_CT_2019,107134,小球,top
MK_vs_CT_2019,107158,高遠球,bottom
MK_vs_CT_2019,107587,殺球,bottom
MK_vs_CT_2019,107609,殺球,bottom
MK_vs_CT_2019,107622,小球,top
MK_vs_CT_2019,107644,平快球,bottom
MK_vs_CT_2019,107654,平快球,top
MK_vs_CT_2019,107664,平快球,bottom
MK_vs_CT_2019,107676,小球,top
MK_vs_CT_2019,107695,小球,bottom
MK_vs_CT_2019,107716,高遠球,top
MK_vs_CT_2019,107754,高遠球,bottom
MK_vs_CT_2019,107785,切球,top
MK_vs_CT_2019,107804,小球,bottom
MK_vs_CT_2019,107831,小球,top
MK_vs_CT_2019,107852,高遠球,bottom
MK_vs_CT_2019,108317,發球,top
MK_vs_CT_2019,108337,切球,bottom
MK_vs_CT_2019,108888,發球,bottom
MK_vs_CT_2019,108907,小球,top
MK_vs_CT_2019,108925,小球,bottom
MK_vs_CT_2019,108944,高遠球,top
MK_vs_CT_2019,108990,切球,bottom
MK_vs_CT_2019,109006,勾球,top
MK_vs_CT_2019,109027,小球,bottom
MK_vs_CT_2019,109048,小球,top
MK_vs_CT_2019,109072,高遠球,bottom
MK_vs_CT_2019,109105,切球,top
MK_vs_CT_2019,109126,勾球,bottom
MK_vs_CT_2019,109147,小球,top
MK_vs_CT_2019,109172,小球,bottom
MK_vs_CT_2019,109195,小球,top
MK_vs_CT_2019,109216,高遠球,bottom
MK_vs_CT_2019,109251,殺球,top
MK_vs_CT_2019,109263,小球,bottom
MK_vs_CT_2019,109286,小球,top
MK_vs_CT_2019,109306,小球,bottom
MK_vs_CT_2019,109329,高遠球,top
MK_vs_CT_2019,109366,殺球,bottom
MK_vs_CT_2019,109378,平快球,top
MK_vs_CT_2019,109395,小球,bottom
MK_vs_CT_2019,109414,勾球,top
MK_vs_CT_2019,109432,小球,bottom
MK_vs_CT_2019,109457,平快球,top
MK_vs_CT_2019,109490,切球,bottom
MK_vs_CT_2019,109512,小球,top
MK_vs_CT_2019,109538,勾球,bottom
MK_vs_CT_2019,109564,高遠球,top
MK_vs_CT_2019,109599,切球,bottom
MK_vs_CT_2019,109619,小球,top
MK_vs_CT_2019,109644,高遠球,bottom
MK_vs_CT_2019,109689,切球,top
MK_vs_CT_2019,109709,勾球,bottom
MK_vs_CT_2019,109730,小球,top
MK_vs_CT_2019,109752,高遠球,bottom
MK_vs_CT_2019,109792,撲球,top
MK_vs_CT_2019,110483,高遠球,bottom
MK_vs_CT_2019,110506,高遠球,bottom
MK_vs_CT_2019,110542,殺球,top
MK_vs_CT_2019,110554,勾球,bottom
MK_vs_CT_2019,110578,高遠球,top
MK_vs_CT_2019,110606,殺球,bottom
MK_vs_CT_2019,110620,小球,top
MK_vs_CT_2019,110639,小球,bottom
MK_vs_CT_2019,110657,平快球,top
MK_vs_CT_2019,110683,殺球,bottom
MK_vs_CT_2019,110695,小球,top
MK_vs_CT_2019,110720,高遠球,bottom
MK_vs_CT_2019,110756,高遠球,top
MK_vs_CT_2019,110790,切球,bottom
MK_vs_CT_2019,113075,小球,bottom
MK_vs_CT_2019,113089,小球,bottom
MK_vs_CT_2019,113108,平快球,top
MK_vs_CT_2019,113136,切球,bottom
MK_vs_CT_2019,113152,勾球,top
MK_vs_CT_2019,113170,小球,bottom
MK_vs_CT_2019,113192,高遠球,top
MK_vs_CT_2019,113239,殺球,bottom
MK_vs_CT_2019,113249,小球,top
MK_vs_CT_2019,113272,小球,bottom
MK_vs_CT_2019,113296,高遠球,top
MK_vs_CT_2019,113328,殺球,bottom
MK_vs_CT_2019,113342,勾球,top
MK_vs_CT_2019,113365,平快球,bottom
MK_vs_CT_2019,113384,殺球,top
MK_vs_CT_2019,113397,小球,bottom
MK_vs_CT_2019,113940,發球,top
MK_vs_CT_2019,113958,高遠球,bottom
MK_vs_CT_2019,113988,高遠球,top
MK_vs_CT_2019,114023,高遠球,bottom
MK_vs_CT_2019,114049,殺球,top
MK_vs_CT_2019,114061,高遠球,bottom
MK_vs_CT_2019,114091,切球,top
MK_vs_CT_2019,114112,小球,bottom
MK_vs_CT_2019,114140,高遠球,top
MK_vs_CT_2019,114175,高遠球,bottom
MK_vs_CT_2019,114210,高遠球,top
MK_vs_CT_2019,114244,高遠球,bottom
MK_vs_CT_2019,114281,切球,top
MK_vs_CT_2019,114305,小球,bottom
MK_vs_CT_2019,114331,高遠球,top
MK_vs_CT_2019,114367,高遠球,bottom
MK_vs_CT_2019,114389,殺球,top
MK_vs_CT_2019,114408,小球,bottom
MK_vs_CT_2019,114993,發球,top
MK_vs_CT_2019,115009,勾球,bottom
MK_vs_CT_2019,115031,高遠球,top
MK_vs_CT_2019,115064,切球,bottom
MK_vs_CT_2019,115084,勾球,top
MK_vs_CT_2019,115105,高遠球,bottom
MK_vs_CT_2019,115133,切球,top
MK_vs_CT_2019,115153,小球,bottom
MK_vs_CT_2019,115183,高遠球,top
MK_vs_CT_2019,115215,高遠球,bottom
MK_vs_CT_2019,115247,殺球,top
MK_vs_CT_2019,115265,高遠球,bottom
MK_vs_CT_2019,115293,切球,top
MK_vs_CT_2019,115318,小球,bottom
MK_vs_CT_2019,115344,高遠球,top
MK_vs_CT_2019,115382,高遠球,bottom
MK_vs_CT_2019,115407,切球,top
MK_vs_CT_2019,115432,高遠球,bottom
MK_vs_CT_2019,115462,高遠球,top
MK_vs_CT_2019,115491,殺球,bottom
MK_vs_CT_2019,116220,發球,bottom
MK_vs_CT_2019,116245,平快球,top
MK_vs_CT_2019,116273,高遠球,bottom
MK_vs_CT_2019,116302,殺球,top
MK_vs_CT_2019,116775,發球,bottom
MK_vs_CT_2019,116790,小球,top
MK_vs_CT_2019,116813,小球,bottom
MK_vs_CT_2019,116835,高遠球,top
MK_vs_CT_2019,116875,殺球,bottom
MK_vs_CT_2019,116887,勾球,top
MK_vs_CT_2019,116909,勾球,bottom
MK_vs_CT_2019,116930,小球,top
MK_vs_CT_2019,116951,平快球,bottom
MK_vs_CT_2019,116977,高遠球,top
MK_vs_CT_2019,117000,切球,bottom
MK_vs_CT_2019,117023,小球,top
MK_vs_CT_2019,117044,勾球,bottom
MK_vs_CT_2019,117066,高遠球,top
MK_vs_CT_2019,117094,平快球,bottom
MK_vs_CT_2019,117109,小球,top
MK_vs_CT_2019,117127,平快球,bottom
MK_vs_CT_2019,117160,切球,top
MK_vs_CT_2019,117174,平快球,bottom
MK_vs_CT_2019,117202,切球,top
MK_vs_CT_2019,117224,小球,bottom
MK_vs_CT_2019,117251,高遠球,top
MK_vs_CT_2019,117287,高遠球,bottom
MK_vs_CT_2019,117308,殺球,top
MK_vs_CT_2019,117327,小球,bottom
MK_vs_CT_2019,118904,發球,top
MK_vs_CT_2019,118918,小球,bottom
MK_vs_CT_2019,118938,高遠球,top
MK_vs_CT_2019,118972,殺球,bottom
MK_vs_CT_2019,118987,小球,top
MK_vs_CT_2019,119014,小球,bottom
MK_vs_CT_2019,119042,小球,top
MK_vs_CT_2019,119062,高遠球,bottom
MK_vs_CT_2019,119099,殺球,top
MK_vs_CT_2019,119111,小球,bottom
MK_vs_CT_2019,119135,平快球,top
MK_vs_CT_2019,119170,切球,bottom
MK_vs_CT_2019,119184,小球,top
MK_vs_CT_2019,119204,高遠球,bottom
MK_vs_CT_2019,119237,殺球,top
MK_vs_CT_2019,119252,小球,bottom
MK_vs_CT_2019,119278,小球,top
MK_vs_CT_2019,119297,小球,bottom
MK_vs_CT_2019,119316,高遠球,top
MK_vs_CT_2019,119351,高遠球,bottom
MK_vs_CT_2019,119378,殺球,top
MK_vs_CT_2019,119396,勾球,bottom
MK_vs_CT_2019,119420,高遠球,top
MK_vs_CT_2019,119457,高遠球,bottom
MK_vs_CT_2019,119484,高遠球,top
MK_vs_CT_2019,119515,殺球,bottom
MK_vs_CT_2019,119531,小球,top
MK_vs_CT_2019,119558,勾球,bottom
MK_vs_CT_2019,119582,高遠球,top
MK_vs_CT_2019,119618,高遠球,bottom
MK_vs_CT_2019,119638,殺球,top
MK_vs_CT_2019,119649,高遠球,bottom
MK_vs_CT_2019,119672,殺球,top
MK_vs_CT_2019,119684,小球,bottom
MK_vs_CT_2019,119712,高遠球,top
MK_vs_CT_2019,119746,切球,bottom
MK_vs_CT_2019,119775,小球,top
MK_vs_CT_2019,119796,勾球,bottom
MK_vs_CT_2019,119815,高遠球,top
MK_vs_CT_2019,119863,高遠球,bottom
MK_vs_CT_2019,119891,高遠球,top
MK_vs_CT_2019,119934,切球,bottom
MK_vs_CT_2019,119953,撲球,top
MK_vs_CT_2019,121539,發球,top
MK_vs_CT_2019,121566,小球,bottom
MK_vs_CT_2019,121592,高遠球,top
MK_vs_CT_2019,121646,切球,bottom
MK_vs_CT_2019,121660,小球,top
MK_vs_CT_2019,121679,平快球,bottom
MK_vs_CT_2019,121698,小球,top
MK_vs_CT_2019,121717,小球,bottom
MK_vs_CT_2019,121742,平快球,top
MK_vs_CT_2019,122326,高遠球,top
MK_vs_CT_2019,122339,殺球,top
MK_vs_CT_2019,122350,小球,bottom
MK_vs_CT_2019,122375,平快球,top
MK_vs_CT_2019,122389,平快球,bottom
MK_vs_CT_2019,122403,小球,top
MK_vs_CT_2019,122422,平快球,bottom
MK_vs_CT_2019,122437,平快球,top
MK_vs_CT_2019,122447,平快球,bottom
MK_vs_CT_2019,122461,小球,top
MK_vs_CT_2019,122926,發球,bottom
MK_vs_CT_2019,122950,高遠球,top
MK_vs_CT_2019,122976,高遠球,bottom
MK_vs_CT_2019,123012,高遠球,top
MK_vs_CT_2019,123043,切球,bottom
MK_vs_CT_2019,123064,勾球,top
MK_vs_CT_2019,123085,平快球,bottom
MK_vs_CT_2019,123112,高遠球,top
MK_vs_CT_2019,123137,殺球,bottom
MK_vs_CT_2019,124755,發球,bottom
MK_vs_CT_2019,124779,切球,top
MK_vs_CT_2019,124794,勾球,bottom
MK_vs_CT_2019,124819,平快球,top
MK_vs_CT_2019,124835,小球,bottom
MK_vs_CT_2019,124855,平快球,top
MK_vs_CT_2019,124889,切球,bottom
MK_vs_CT_2019,124911,平快球,top
MK_vs_CT_2019,124936,高遠球,bottom
MK_vs_CT_2019,124967,切球,top
MK_vs_CT_2019,124992,小球,bottom
MK_vs_CT_2019,125017,小球,top
MK_vs_CT_2019,125036,小球,bottom
MK_vs_CT_2019,125060,高遠球,top
MK_vs_CT_2019,125113,殺球,bottom
MK_vs_CT_2019,125127,小球,top
MK_vs_CT_2019,125145,平快球,bottom
MK_vs_CT_2019,125173,高遠球,top
MK_vs_CT_2019,125197,殺球,bottom
MK_vs_CT_2019,125913,發球,bottom
MK_vs_CT_2019,125942,殺球,top
MK_vs_CT_2019,125956,小球,bottom
MK_vs_CT_2019,125980,高遠球,top
MK_vs_CT_2019,126007,高遠球,bottom
MK_vs_CT_2019,126029,切球,top
MK_vs_CT_2019,126047,勾球,bottom
MK_vs_CT_2019,126071,小球,top
MK_vs_CT_2019,126090,平快球,bottom
MK_vs_CT_2019,126103,高遠球,top
MK_vs_CT_2019,126128,切球,bottom
MK_vs_CT_2019,126148,高遠球,top
MK_vs_CT_2019,126183,切球,bottom
MK_vs_CT_2019,126203,高遠球,top
MK_vs_CT_2019,126226,高遠球,bottom
MK_vs_CT_2019,126266,殺球,top
MK_vs_CT_2019,126282,平快球,bottom
MK_vs_CT_2019,126300,小球,top
MK_vs_CT_2019,126320,平快球,bottom
MK_vs_CT_2019,126342,高遠球,top
MK_vs_CT_2019,126371,殺球,bottom
MK_vs_CT_2019,126387,小球,top
MK_vs_CT_2019,126410,平快球,bottom
MK_vs_CT_2019,126440,切球,top
MK_vs_CT_2019,126459,小球,bottom
MK_vs_CT_2019,126486,高遠球,top
MK_vs_CT_2019,126523,高遠球,bottom
MK_vs_CT_2019,126561,切球,top
MK_vs_CT_2019,126583,小球,bottom
MK_vs_CT_2019,126607,高遠球,top
MK_vs_CT_2019,126654,殺球,bottom
MK_vs_CT_2019,126665,小球,top
MK_vs_CT_2019,126685,平快球,bottom
MK_vs_CT_2019,126716,切球,top
MK_vs_CT_2019,126742,小球,bottom
MK_vs_CT_2019,126767,小球,top
MK_vs_CT_2019,126789,小球,bottom
MK_vs_CT_2019,126806,平快球,top
MK_vs_CT_2019,126816,平快球,bottom
MK_vs_CT_2019,127853,小球,bottom
MK_vs_CT_2019,127868,小球,bottom
MK_vs_CT_2019,127886,小球,top
MK_vs_CT_2019,127904,高遠球,bottom
MK_vs_CT_2019,127944,殺球,top
MK_vs_CT_2019,127956,小球,bottom
MK_vs_CT_2019,127979,小球,top
MK_vs_CT_2019,128003,小球,bottom
MK_vs_CT_2019,128026,高遠球,top
MK_vs_CT_2019,128066,切球,bottom
MK_vs_CT_2019,128083,高遠球,top
MK_vs_CT_2019,128771,發球,bottom
MK_vs_CT_2019,128800,殺球,top
MK_vs_CT_2019,128819,小球,bottom
MK_vs_CT_2019,128840,小球,top
MK_vs_CT_2019,128866,小球,bottom
MK_vs_CT_2019,128888,小球,top
MK_vs_CT_2019,128910,小球,bottom
MK_vs_CT_2019,129575,發球,top
MK_vs_CT_2019,129590,平快球,bottom
MK_vs_CT_2019,129616,殺球,top
MK_vs_CT_2019,129631,小球,bottom
MK_vs_CT_2019,129654,小球,top
MK_vs_CT_2019,129672,勾球,bottom
MK_vs_CT_2019,129683,平快球,top
MK_vs_CT_2019,131247,發球,bottom
MK_vs_CT_2019,131277,切球,top
MK_vs_CT_2019,131292,小球,bottom
MK_vs_CT_2019,131311,平快球,top
MK_vs_CT_2019,131329,殺球,bottom
MK_vs_CT_2019,131340,小球,top
MK_vs_CT_2019,131362,小球,bottom
MK_vs_CT_2019,131385,高遠球,top
MK_vs_CT_2019,131416,切球,bottom
MK_vs_CT_2019,131432,勾球,top
MK_vs_CT_2019,131451,小球,bottom
MK_vs_CT_2019,131473,小球,top
MK_vs_CT_2019,131496,高遠球,bottom
MK_vs_CT_2019,131532,切球,top
MK_vs_CT_2019,131555,勾球,bottom
MK_vs_CT_2019,131581,平快球,top
MK_vs_CT_2019,131617,高遠球,bottom
MK_vs_CT_2019,131645,殺球,top
MK_vs_CT_2019,131659,小球,bottom
MK_vs_CT_2019,131681,高遠球,top
MK_vs_CT_2019,131719,切球,bottom
MK_vs_CT_2019,131737,平快球,top
MK_vs_CT_2019,131750,撲球,top
MK_vs_CT_2019,131758,小球,bottom
MK_vs_CT_2019,132577,發球,top
MK_vs_CT_2019,132590,平快球,bottom
MK_vs_CT_2019,133265,發球,top
MK_vs_CT_2019,133276,小球,bottom
MK_vs_CT_2019,133295,小球,top
MK_vs_CT_2019,133316,高遠球,bottom
MK_vs_CT_2019,133346,殺球,top
MK_vs_CT_2019,133358,小球,bottom
MK_vs_CT_2019,134201,發球,top
MK_vs_CT_2019,134215,小球,bottom
MK_vs_CT_2019,134235,平快球,top
MK_vs_CT_2019,134262,殺球,bottom
MK_vs_CT_2019,134279,小球,top
MK_vs_CT_2019,134296,小球,bottom
MK_vs_CT_2019,134317,平快球,top
MK_vs_CT_2019,134338,殺球,bottom
MK_vs_CT_2019,134354,小球,top
MK_vs_CT_2019,134375,小球,bottom
MK_vs_CT_2019,134394,高遠球,top
MK_vs_CT_2019,134429,切球,bottom
MK_vs_CT_2019,134447,小球,top
MK_vs_CT_2019,134466,平快球,bottom
MK_vs_CT_2019,134478,平快球,bottom
MK_vs_CT_2019,134489,平快球,bottom
MK_vs_CT_2019,134498,平快球,top
MK_vs_CT_2019,135374,發球,bottom
MK_vs_CT_2019,135393,平快球,top
MK_vs_CT_2019,135416,切球,bottom
MK_vs_CT_2019,135432,小球,top
MK_vs_CT_2019,135450,平快球,bottom
MK_vs_CT_2019,135461,小球,top
MK_vs_CT_2019,135479,小球,bottom
MK_vs_CT_2019,135500,小球,top
MK_vs_CT_2019,135511,平快球,top
MK_vs_CT_2019,135521,小球,bottom
MK_vs_CT_2019,135537,小球,bottom
MK_vs_CT_2019,135557,小球,top
MK_vs_CT_2019,135576,小球,bottom
PC_vs_PVS_2020,14531,發球,top
PC_vs_PVS_2020,14590,切球,bottom
PC_vs_PVS_2020,14612,平快球,top
PC_vs_PVS_2020,14639,高遠球,bottom
PC_vs_PVS_2020,14666,切球,top
PC_vs_PVS_2020,14681,小球,bottom
PC_vs_PVS_2020,14705,高遠球,top
PC_vs_PVS_2020,14727,切球,bottom
PC_vs_PVS_2020,14749,平快球,top
PC_vs_PVS_2020,15142,高遠球,top
PC_vs_PVS_2020,15168,切球,bottom
PC_vs_PVS_2020,15191,高遠球,top
PC_vs_PVS_2020,15216,切球,bottom
PC_vs_PVS_2020,15616,發球,top
PC_vs_PVS_2020,15668,殺球,bottom
PC_vs_PVS_2020,15685,勾球,top
PC_vs_PVS_2020,15718,平快球,bottom
PC_vs_PVS_2020,15738,切球,top
PC_vs_PVS_2020,16158,高遠球,top
PC_vs_PVS_2020,16183,切球,bottom
PC_vs_PVS_2020,16202,勾球,top
PC_vs_PVS_2020,16231,勾球,bottom
PC_vs_PVS_2020,16265,平快球,top
PC_vs_PVS_2020,16303,切球,bottom
PC_vs_PVS_2020,16328,平快球,top
PC_vs_PVS_2020,16356,高遠球,bottom
PC_vs_PVS_2020,16383,切球,top
PC_vs_PVS_2020,16402,勾球,bottom
PC_vs_PVS_2020,16433,高遠球,top
PC_vs_PVS_2020,16466,切球,bottom
PC_vs_PVS_2020,16492,高遠球,top
PC_vs_PVS_2020,16531,切球,bottom
PC_vs_PVS_2020,16559,高遠球,top
PC_vs_PVS_2020,16595,切球,bottom
PC_vs_PVS_2020,16619,小球,top
PC_vs_PVS_2020,16650,高遠球,bottom
PC_vs_PVS_2020,16696,高遠球,top
PC_vs_PVS_2020,17789,切球,bottom
PC_vs_PVS_2020,17815,高遠球,top
PC_vs_PVS_2020,17850,平快球,bottom
PC_vs_PVS_2020,17863,小球,top
PC_vs_PVS_2020,18457,發球,top
PC_vs_PVS_2020,18513,高遠球,bottom
PC_vs_PVS_2020,18538,平快球,top
PC_vs_PVS_2020,18551,小球,bottom
PC_vs_PVS_2020,18577,高遠球,top
PC_vs_PVS_2020,18609,高遠球,bottom
PC_vs_PVS_2020,18637,切球,top
PC_vs_PVS_2020,18662,平快球,bottom
PC_vs_PVS_2020,18689,切球,top
PC_vs_PVS_2020,18719,平快球,bottom
PC_vs_PVS_2020,18749,高遠球,top
PC_vs_PVS_2020,18780,高遠球,bottom
PC_vs_PVS_2020,18816,切球,top
PC_vs_PVS_2020,18845,小球,bottom
PC_vs_PVS_2020,18880,高遠球,top
PC_vs_PVS_2020,18912,高遠球,bottom
PC_vs_PVS_2020,18940,高遠球,top
PC_vs_PVS_2020,18979,殺球,bottom
PC_vs_PVS_2020,18991,小球,top
PC_vs_PVS_2020,19018,撲球,bottom
PC_vs_PVS_2020,20037,平快球,top
PC_vs_PVS_2020,20067,高遠球,bottom
PC_vs_PVS_2020,20087,殺球,top
PC_vs_PVS_2020,20605,發球,top
PC_vs_PVS_2020,20661,高遠球,bottom
PC_vs_PVS_2020,20689,殺球,top
PC_vs_PVS_2020,21148,發球,bottom
PC_vs_PVS_2020,21206,高遠球,top
PC_vs_PVS_2020,21230,高遠球,bottom
PC_vs_PVS_2020,21259,高遠球,top
PC_vs_PVS_2020,21306,殺球,bottom
PC_vs_PVS_2020,21774,發球,bottom
PC_vs_PVS_2020,21827,切球,top
PC_vs_PVS_2020,21847,小球,bottom
PC_vs_PVS_2020,21875,高遠球,top
PC_vs_PVS_2020,21910,切球,bottom
PC_vs_PVS_2020,21932,勾球,top
PC_vs_PVS_2020,21961,平快球,bottom
PC_vs_PVS_2020,21994,切球,top
PC_vs_PVS_2020,22015,高遠球,bottom
PC_vs_PVS_2020,22050,高遠球,top
PC_vs_PVS_2020,22073,殺球,bottom
PC_vs_PVS_2020,22630,發球,bottom
PC_vs_PVS_2020,22678,切球,top
PC_vs_PVS_2020,22702,小球,bottom
PC_vs_PVS_2020,22730,高遠球,top
PC_vs_PVS_2020,22762,高遠球,bottom
PC_vs_PVS_2020,22789,切球,top
PC_vs_PVS_2020,22812,平快球,bottom
PC_vs_PVS_2020,22836,切球,top
PC_vs_PVS_2020,22867,高遠球,bottom
PC_vs_PVS_2020,22902,高遠球,top
PC_vs_PVS_2020,22932,高遠球,bottom
PC_vs_PVS_2020,22963,高遠球,top
PC_vs_PVS_2020,22993,高遠球,bottom
PC_vs_PVS_2020,23019,高遠球,top
PC_vs_PVS_2020,23046,高遠球,bottom
PC_vs_PVS_2020,23084,切球,top
PC_vs_PVS_2020,23844,發球,bottom
PC_vs_PVS_2020,23898,切球,top
PC_vs_PVS_2020,23921,小球,bottom
PC_vs_PVS_2020,24925,切球,bottom
PC_vs_PVS_2020,26165,切球,top
PC_vs_PVS_2020,26186,小球,bottom
PC_vs_PVS_2020,26220,高遠球,top
PC_vs_PVS_2020,26263,高遠球,bottom
PC_vs_PVS_2020,26286,高遠球,top
PC_vs_PVS_2020,26807,切球,top
PC_vs_PVS_2020,26831,小球,bottom
PC_vs_PVS_2020,27918,高遠球,bottom
PC_vs_PVS_2020,27944,殺球,top
PC_vs_PVS_2020,27956,平快球,bottom
PC_vs_PVS_2020,27978,平快球,top
PC_vs_PVS_2020,28523,發球,top
PC_vs_PVS_2020,28581,切球,bottom
PC_vs_PVS_2020,29076,小球,bottom
PC_vs_PVS_2020,29076,未知球種,
PC_vs_PVS_2020,29076,小球,top
PC_vs_PVS_2020,29099,平快球,top
PC_vs_PVS_2020,29123,高遠球,bottom
PC_vs_PVS_2020,29158,切球,top
PC_vs_PVS_2020,29187,平快球,bottom
PC_vs_PVS_2020,29208,高遠球,top
PC_vs_PVS_2020,29243,切球,bottom
PC_vs_PVS_2020,29269,平快球,top
PC_vs_PVS_2020,29294,切球,bottom
PC_vs_PVS_2020,29317,小球,top
PC_vs_PVS_2020,29348,高遠球,bottom
PC_vs_PVS_2020,29383,高遠球,top
PC_vs_PVS_2020,29419,高遠球,bottom
PC_vs_PVS_2020,29446,殺球,top
PC_vs_PVS_2020,29462,小球,bottom
PC_vs_PVS_2020,30226,發球,top
PC_vs_PVS_2020,30282,切球,bottom
PC_vs_PVS_2020,30300,勾球,top
PC_vs_PVS_2020,30329,高遠球,bottom
PC_vs_PVS_2020,30366,殺球,top
PC_vs_PVS_2020,30383,平快球,bottom
PC_vs_PVS_2020,30409,高遠球,top
PC_vs_PVS_2020,32646,發球,bottom
PC_vs_PVS_2020,32705,切球,top
PC_vs_PVS_2020,32726,小球,bottom
PC_vs_PVS_2020,32758,平快球,top
PC_vs_PVS_2020,32783,殺球,bottom
PC_vs_PVS_2020,32797,小球,top
PC_vs_PVS_2020,33248,高遠球,top
PC_vs_PVS_2020,33274,切球,bottom
PC_vs_PVS_2020,33293,勾球,top
PC_vs_PVS_2020,33323,勾球,bottom
PC_vs_PVS_2020,33353,高遠球,top
PC_vs_PVS_2020,33388,殺球,bottom
PC_vs_PVS_2020,33401,小球,top
PC_vs_PVS_2020,33420,平快球,bottom
PC_vs_PVS_2020,33446,切球,top
PC_vs_PVS_2020,33475,平快球,bottom
PC_vs_PVS_2020,33506,高遠球,top
PC_vs_PVS_2020,33543,切球,bottom
PC_vs_PVS_2020,33566,高遠球,top
PC_vs_PVS_2020,33599,高遠球,bottom
PC_vs_PVS_2020,34532,殺球,top
PC_vs_PVS_2020,34549,小球,bottom
PC_vs_PVS_2020,35199,發球,top
PC_vs_PVS_2020,35254,高遠球,bottom
PC_vs_PVS_2020,35276,殺球,top
PC_vs_PVS_2020,35293,小球,bottom
PC_vs_PVS_2020,35321,小球,top
PC_vs_PVS_2020,35348,高遠球,bottom
PC_vs_PVS_2020,35385,切球,top
PC_vs_PVS_2020,35408,小球,bottom
PC_vs_PVS_2020,35437,平快球,top
PC_vs_PVS_2020,36727,殺球,bottom
PC_vs_PVS_2020,37157,高遠球,bottom
PC_vs_PVS_2020,37183,高遠球,top
PC_vs_PVS_2020,37214,高遠球,bottom
PC_vs_PVS_2020,37243,高遠球,top
PC_vs_PVS_2020,37277,高遠球,bottom
PC_vs_PVS_2020,37320,高遠球,top
PC_vs_PVS_2020,37344,未知球種,
PC_vs_PVS_2020,37366,小球,top
PC_vs_PVS_2020,37397,高遠球,bottom
PC_vs_PVS_2020,37435,高遠球,top
PC_vs_PVS_2020,37464,殺球,bottom
PC_vs_PVS_2020,37481,小球,top
PC_vs_PVS_2020,38227,未知球種,
PC_vs_PVS_2020,38246,小球,bottom
PC_vs_PVS_2020,38276,平快球,top
PC_vs_PVS_2020,38306,切球,bottom
PC_vs_PVS_2020,38339,平快球,top
PC_vs_PVS_2020,38365,高遠球,bottom
PC_vs_PVS_2020,38409,殺球,top
PC_vs_PVS_2020,38424,小球,bottom
PC_vs_PVS_2020,38455,平快球,top
PC_vs_PVS_2020,38480,切球,bottom
PC_vs_PVS_2020,38504,小球,top
PC_vs_PVS_2020,38537,高遠球,bottom
PC_vs_PVS_2020,38579,切球,top
PC_vs_PVS_2020,38599,平快球,bottom
PC_vs_PVS_2020,38627,高遠球,top
PC_vs_PVS_2020,38659,高遠球,bottom
PC_vs_PVS_2020,38684,高遠球,top
PC_vs_PVS_2020,38733,高遠球,bottom
PC_vs_PVS_2020,38768,切球,top
PC_vs_PVS_2020,38796,勾球,bottom
PC_vs_PVS_2020,38825,小球,top
PC_vs_PVS_2020,38855,小球,bottom
PC_vs_PVS_2020,40314,發球,top
PC_vs_PVS_2020,40369,殺球,bottom
PC_vs_PVS_2020,40831,發球,top
PC_vs_PVS_2020,40885,殺球,bottom
PC_vs_PVS_2020,40902,小球,top
PC_vs_PVS_2020,40928,勾球,bottom
PC_vs_PVS_2020,40954,高遠球,top
PC_vs_PVS_2020,40999,切球,bottom
PC_vs_PVS_2020,41028,小球,top
PC_vs_PVS_2020,41059,高遠球,bottom
PC_vs_PVS_2020,41100,高遠球,top
PC_vs_PVS_2020,41144,切球,bottom
PC_vs_PVS_2020,41167,勾球,top
PC_vs_PVS_2020,41196,小球,bottom
PC_vs_PVS_2020,41929,殺球,bottom
PC_vs_PVS_2020,41941,小球,top
PC_vs_PVS_2020,41968,小球,bottom
PC_vs_PVS_2020,41997,高遠球,top
PC_vs_PVS_2020,42028,高遠球,bottom
PC_vs_PVS_2020,42058,切球,top
PC_vs_PVS_2020,42700,發球,bottom
PC_vs_PVS_2020,42724,高遠球,top
PC_vs_PVS_2020,42760,高遠球,bottom
PC_vs_PVS_2020,42790,切球,top
PC_vs_PVS_2020,43518,切球,bottom
PC_vs_PVS_2020,43537,平快球,top
PC_vs_PVS_2020,43557,殺球,bottom
PC_vs_PVS_2020,43574,小球,top
PC_vs_PVS_2020,43601,平快球,bottom
PC_vs_PVS_2020,43638,高遠球,top
PC_vs_PVS_2020,43673,殺球,bottom
PC_vs_PVS_2020,44548,平快球,top
PC_vs_PVS_2020,44578,切球,bottom
PC_vs_PVS_2020,44602,平快球,top
PC_vs_PVS_2020,44632,高遠球,bottom
PC_vs_PVS_2020,44680,切球,top
PC_vs_PVS_2020,45322,小球,top
PC_vs_PVS_2020,45348,平快球,bottom
PC_vs_PVS_2020,45378,高遠球,top
PC_vs_PVS_2020,45408,高遠球,bottom
PC_vs_PVS_2020,45437,高遠球,top
PC_vs_PVS_2020,45982,發球,bottom
PC_vs_PVS_2020,46006,高遠球,top
PC_vs_PVS_2020,46028,切球,bottom
PC_vs_PVS_2020,46049,高遠球,top
PC_vs_PVS_2020,46080,高遠球,bottom
PC_vs_PVS_2020,46743,發球,top
PC_vs_PVS_2020,46797,殺球,bottom
PC_vs_PVS_2020,46813,勾球,top
PC_vs_PVS_2020,46843,勾球,bottom
PC_vs_PVS_2020,46871,高遠球,top
PC_vs_PVS_2020,46914,切球,bottom
PC_vs_PVS_2020,46943,高遠球,top
PC_vs_PVS_2020,46982,高遠球,bottom
PC_vs_PVS_2020,47009,切球,top
PC_vs_PVS_2020,47035,小球,bottom
PC_vs_PVS_2020,47065,高遠球,top
PC_vs_PVS_2020,47093,切球,bottom
PC_vs_PVS_2020,48456,平快球,top
PC_vs_PVS_2020,48490,高遠球,bottom
PC_vs_PVS_2020,48531,殺球,top
PC_vs_PVS_2020,48547,小球,bottom
PC_vs_PVS_2020,49433,發球,top
PC_vs_PVS_2020,49488,切球,bottom
PC_vs_PVS_2020,49515,高遠球,top
PC_vs_PVS_2020,49547,殺球,bottom
PC_vs_PVS_2020,49564,平快球,top
PC_vs_PVS_2020,49595,高遠球,bottom
PC_vs_PVS_2020,49636,殺球,top
PC_vs_PVS_2020,49655,小球,bottom
PC_vs_PVS_2020,49683,平快球,top
PC_vs_PVS_2020,49697,小球,bottom
PC_vs_PVS_2020,49720,高遠球,top
PC_vs_PVS_2020,49759,切球,bottom
PC_vs_PVS_2020,49784,高遠球,top
PC_vs_PVS_2020,49817,高遠球,bottom
PC_vs_PVS_2020,49850,高遠球,top
PC_vs_PVS_2020,49890,殺球,bottom
PC_vs_PVS_2020,49907,小球,top
PC_vs_PVS_2020,49926,小球,bottom
PC_vs_PVS_2020,49950,高遠球,top
PC_vs_PVS_2020,49984,高遠球,bottom
PC_vs_PVS_2020,50012,高遠球,top
PC_vs_PVS_2020,50038,切球,bottom
PC_vs_PVS_2020,50064,小球,top
PC_vs_PVS_2020,50092,平快球,bottom
PC_vs_PVS_2020,50133,切球,top
PC_vs_PVS_2020,50158,平快球,bottom
PC_vs_PVS_2020,51601,發球,bottom
PC_vs_PVS_2020,51629,高遠球,top
PC_vs_PVS_2020,51668,殺球,bottom
PC_vs_PVS_2020,51686,小球,top
PC_vs_PVS_2020,51716,平快球,bottom
PC_vs_PVS_2020,51737,高遠球,top
PC_vs_PVS_2020,51762,高遠球,bottom
PC_vs_PVS_2020,51793,高遠球,top
PC_vs_PVS_2020,51837,高遠球,bottom
PC_vs_PVS_2020,51861,高遠球,top
PC_vs_PVS_2020,51899,切球,bottom
PC_vs_PVS_2020,51920,小球,top
PC_vs_PVS_2020,51952,高遠球,bottom
PC_vs_PVS_2020,51983,高遠球,top
PC_vs_PVS_2020,52019,切球,bottom
PC_vs_PVS_2020,52046,小球,top
PC_vs_PVS_2020,52075,小球,bottom
PC_vs_PVS_2020,52103,高遠球,top
PC_vs_PVS_2020,52156,切球,bottom
PC_vs_PVS_2020,56459,發球,top
PC_vs_PVS_2020,56516,殺球,bottom
PC_vs_PVS_2020,56536,小球,top
PC_vs_PVS_2020,56564,高遠球,bottom
PC_vs_PVS_2020,56591,殺球,top
PC_vs_PVS_2020,56603,小球,bottom
PC_vs_PVS_2020,56633,小球,top
PC_vs_PVS_2020,56660,勾球,bottom
PC_vs_PVS_2020,56687,高遠球,top
PC_vs_PVS_2020,56725,切球,bottom
PC_vs_PVS_2020,56748,平快球,top
PC_vs_PVS_2020,56770,切球,bottom
PC_vs_PVS_2020,56796,平快球,top
PC_vs_PVS_2020,56819,殺球,bottom
PC_vs_PVS_2020,56831,小球,top
PC_vs_PVS_2020,56855,殺球,bottom
PC_vs_PVS_2020,57396,發球,top
PC_vs_PVS_2020,57450,殺球,bottom
PC_vs_PVS_2020,57464,小球,top
PC_vs_PVS_2020,57494,平快球,bottom
PC_vs_PVS_2020,57530,切球,top
PC_vs_PVS_2020,57552,勾球,bottom
PC_vs_PVS_2020,57578,高遠球,top
PC_vs_PVS_2020,57618,高遠球,bottom
PC_vs_PVS_2020,57647,殺球,top
PC_vs_PVS_2020,57659,平快球,bottom
PC_vs_PVS_2020,58397,切球,bottom
PC_vs_PVS_2020,59188,發球,top
PC_vs_PVS_2020,59246,殺球,bottom
PC_vs_PVS_2020,59262,小球,top
PC_vs_PVS_2020,59293,平快球,bottom
PC_vs_PVS_2020,59328,切球,top
PC_vs_PVS_2020,59356,高遠球,bottom
PC_vs_PVS_2020,59388,殺球,top
PC_vs_PVS_2020,60026,殺球,bottom
PC_vs_PVS_2020,60040,小球,top
PC_vs_PVS_2020,60064,平快球,bottom
PC_vs_PVS_2020,60100,高遠球,top
PC_vs_PVS_2020,60133,平快球,bottom
PC_vs_PVS_2020,60149,小球,top
PC_vs_PVS_2020,60175,高遠球,bottom
PC_vs_PVS_2020,60211,切球,top
PC_vs_PVS_2020,60239,高遠球,bottom
PC_vs_PVS_2020,60272,切球,top
PC_vs_PVS_2020,60984,未知球種,
PC_vs_PVS_2020,61445,發球,top
PC_vs_PVS_2020,61498,切球,bottom
PC_vs_PVS_2020,61520,小球,top
PC_vs_PVS_2020,61548,平快球,bottom
PC_vs_PVS_2020,61580,高遠球,top
PC_vs_PVS_2020,62249,發球,top
PC_vs_PVS_2020,62305,切球,bottom
PC_vs_PVS_2020,62329,小球,top
PC_vs_PVS_2020,62356,高遠球,bottom
PC_vs_PVS_2020,62402,高遠球,top
PC_vs_PVS_2020,62428,殺球,bottom
PC_vs_PVS_2020,62448,小球,top
PC_vs_PVS_2020,62474,平快球,bottom
PC_vs_PVS_2020,62485,平快球,top
PC_vs_PVS_2020,62496,小球,bottom
PC_vs_PVS_2020,62519,小球,top
PC_vs_PVS_2020,62545,高遠球,bottom
PC_vs_PVS_2020,63266,發球,bottom
PC_vs_PVS_2020,63323,高遠球,top
PC_vs_PVS_2020,63353,殺球,bottom
PC_vs_PVS_2020,63773,發球,top
PC_vs_PVS_2020,63828,切球,bottom
PC_vs_PVS_2020,63851,小球,top
PC_vs_PVS_2020,63878,平快球,bottom
PC_vs_PVS_2020,63912,切球,top
PC_vs_PVS_2020,64575,發球,bottom
PC_vs_PVS_2020,64634,殺球,top
PC_vs_PVS_2020,64651,小球,bottom
PC_vs_PVS_2020,64677,撲球,top
PC_vs_PVS_2020,65207,未知球種,
PC_vs_PVS_2020,65207,未知球種,
PC_vs_PVS_2020,65207,未知球種,
PC_vs_PVS_2020,65223,小球,bottom
PC_vs_PVS_2020,65745,高遠球,top
PC_vs_PVS_2020,65786,切球,top
PC_vs_PVS_2020,65812,小球,bottom
PC_vs_PVS_2020,65840,高遠球,top
PC_vs_PVS_2020,65867,殺球,bottom
PC_vs_PVS_2020,65876,高遠球,top
PC_vs_PVS_2020,65910,殺球,bottom
PC_vs_PVS_2020,65923,小球,top
PC_vs_PVS_2020,65945,小球,bottom
PC_vs_PVS_2020,65958,小球,top
PC_vs_PVS_2020,65977,小球,bottom
PC_vs_PVS_2020,66004,高遠球,top
PC_vs_PVS_2020,66035,殺球,bottom
PC_vs_PVS_2020,66049,小球,top
PC_vs_PVS_2020,66077,高遠球,bottom
PC_vs_PVS_2020,66115,高遠球,top
PC_vs_PVS_2020,66144,殺球,bottom
PC_vs_PVS_2020,66165,小球,top
PC_vs_PVS_2020,66192,勾球,bottom
PC_vs_PVS_2020,66796,殺球,bottom
PC_vs_PVS_2020,66810,高遠球,top
PC_vs_PVS_2020,66846,殺球,bottom
PC_vs_PVS_2020,66863,小球,top
PC_vs_PVS_2020,66891,平快球,bottom
PC_vs_PVS_2020,66922,切球,top
PC_vs_PVS_2020,66943,小球,bottom
PC_vs_PVS_2020,66971,小球,top
PC_vs_PVS_2020,66995,撲球,bottom
PC_vs_PVS_2020,67894,未知球種,
PC_vs_PVS_2020,67950,高遠球,top
PC_vs_PVS_2020,67975,殺球,bottom
PC_vs_PVS_2020,67993,小球,top
PC_vs_PVS_2020,68022,平快球,bottom
PC_vs_PVS_2020,70176,發球,top
PC_vs_PVS_2020,70204,高遠球,bottom
PC_vs_PVS_2020,70237,切球,top
PC_vs_PVS_2020,70261,小球,bottom
PC_vs_PVS_2020,70291,小球,top
PC_vs_PVS_2020,70318,高遠球,bottom
PC_vs_PVS_2020,70381,殺球,top
PC_vs_PVS_2020,71441,發球,top
PC_vs_PVS_2020,71495,殺球,bottom
PC_vs_PVS_2020,71512,小球,top
PC_vs_PVS_2020,71537,高遠球,bottom
PC_vs_PVS_2020,71569,高遠球,top
PC_vs_PVS_2020,71593,切球,bottom
PC_vs_PVS_2020,71618,小球,top
PC_vs_PVS_2020,71647,平快球,bottom
PC_vs_PVS_2020,71672,殺球,top
PC_vs_PVS_2020,71687,勾球,bottom
PC_vs_PVS_2020,71716,小球,top
PC_vs_PVS_2020,71747,平快球,bottom
PC_vs_PVS_2020,71778,高遠球,top
PC_vs_PVS_2020,71802,切球,bottom
PC_vs_PVS_2020,71828,勾球,top
PC_vs_PVS_2020,71860,小球,bottom
PC_vs_PVS_2020,71888,高遠球,top
PC_vs_PVS_2020,71945,高遠球,bottom
PC_vs_PVS_2020,71979,殺球,top
PC_vs_PVS_2020,72918,發球,bottom
PC_vs_PVS_2020,72979,殺球,top
PC_vs_PVS_2020,72997,高遠球,bottom
PC_vs_PVS_2020,73019,殺球,top
PC_vs_PVS_2020,73039,小球,bottom
PC_vs_PVS_2020,73584,殺球,bottom
PC_vs_PVS_2020,73603,小球,top
PC_vs_PVS_2020,73633,小球,bottom
PC_vs_PVS_2020,73661,小球,top
PC_vs_PVS_2020,73687,高遠球,bottom
PC_vs_PVS_2020,73747,切球,top
PC_vs_PVS_2020,73777,小球,bottom
PC_vs_PVS_2020,73806,高遠球,top
PC_vs_PVS_2020,73853,殺球,bottom
PC_vs_PVS_2020,73868,小球,top
PC_vs_PVS_2020,74594,發球,bottom
PC_vs_PVS_2020,74654,切球,top
PC_vs_PVS_2020,74678,勾球,bottom
PC_vs_PVS_2020,74709,高遠球,top
PC_vs_PVS_2020,74742,平快球,bottom
PC_vs_PVS_2020,74761,小球,top
PC_vs_PVS_2020,74783,小球,bottom
PC_vs_PVS_2020,74812,高遠球,top
PC_vs_PVS_2020,74862,切球,bottom
PC_vs_PVS_2020,76027,發球,bottom
PC_vs_PVS_2020,76086,切球,top
PC_vs_PVS_2020,76107,小球,bottom
PC_vs_PVS_2020,76137,小球,top
PC_vs_PVS_2020,76164,高遠球,bottom
PC_vs_PVS_2020,76220,高遠球,top
PC_vs_PVS_2020,76271,殺球,bottom
PC_vs_PVS_2020,76286,高遠球,top
PC_vs_PVS_2020,76313,殺球,bottom
PC_vs_PVS_2020,76328,小球,top
PC_vs_PVS_2020,76349,小球,bottom
PC_vs_PVS_2020,76374,平快球,top
PC_vs_PVS_2020,76406,平快球,bottom
PC_vs_PVS_2020,76424,高遠球,top
PC_vs_PVS_2020,76457,高遠球,bottom
PC_vs_PVS_2020,76484,高遠球,top
PC_vs_PVS_2020,76512,切球,bottom
PC_vs_PVS_2020,77602,切球,top
PC_vs_PVS_2020,77626,小球,bottom
PC_vs_PVS_2020,77657,小球,top
PC_vs_PVS_2020,77688,高遠球,bottom
PC_vs_PVS_2020,77747,殺球,top
PC_vs_PVS_2020,77768,勾球,bottom
PC_vs_PVS_2020,77799,小球,top
PC_vs_PVS_2020,77829,高遠球,bottom
PC_vs_PVS_2020,77891,切球,top
PC_vs_PVS_2020,77918,高遠球,bottom
PC_vs_PVS_2020,77957,殺球,top
PC_vs_PVS_2020,78694,發球,top
PC_vs_PVS_2020,78714,高遠球,bottom
PC_vs_PVS_2020,78740,殺球,top
PC_vs_PVS_2020,78755,小球,bottom
PC_vs_PVS_2020,78788,高遠球,top
PC_vs_PVS_2020,78816,殺球,bottom
PC_vs_PVS_2020,78827,平快球,top
PC_vs_PVS_2020,78857,切球,bottom
PC_vs_PVS_2020,78876,撲球,top
PC_vs_PVS_2020,78886,小球,bottom
PC_vs_PVS_2020,79483,平快球,bottom
PC_vs_PVS_2020,79517,高遠球,top
PC_vs_PVS_2020,79539,殺球,bottom
PC_vs_PVS_2020,79555,平快球,top
PC_vs_PVS_2020,79584,小球,bottom
PC_vs_PVS_2020,79608,撲球,top
PC_vs_PVS_2020,80286,發球,top
PC_vs_PVS_2020,80306,小球,bottom
PC_vs_PVS_2020,80332,高遠球,top
PC_vs_PVS_2020,80931,殺球,top
PC_vs_PVS_2020,80943,平快球,bottom
PC_vs_PVS_2020,81804,發球,bottom
PC_vs_PVS_2020,81866,高遠球,top
PC_vs_PVS_2020,81892,殺球,bottom
PC_vs_PVS_2020,81907,小球,top
PC_vs_PVS_2020,81940,高遠球,bottom
PC_vs_PVS_2020,81981,切球,top
PC_vs_PVS_2020,82010,高遠球,bottom
PC_vs_PVS_2020,82049,高遠球,top
PC_vs_PVS_2020,82076,高遠球,bottom
PC_vs_PVS_2020,82121,切球,top
PC_vs_PVS_2020,82147,高遠球,bottom
PC_vs_PVS_2020,82179,殺球,top
PC_vs_PVS_2020,82902,切球,bottom
PC_vs_PVS_2020,82926,小球,top
PC_vs_PVS_2020,82954,高遠球,bottom
PC_vs_PVS_2020,82990,殺球,top
PC_vs_PVS_2020,83003,小球,bottom
PC_vs_PVS_2020,83030,小球,top
PC_vs_PVS_2020,83059,勾球,bottom
PC_vs_PVS_2020,83088,高遠球,top
PC_vs_PVS_2020,83130,切球,bottom
PC_vs_PVS_2020,83155,小球,top
PC_vs_PVS_2020,83183,小球,bottom
PC_vs_PVS_2020,83209,高遠球,top
PC_vs_PVS_2020,83249,高遠球,bottom
PC_vs_PVS_2020,83284,高遠球,top
PC_vs_PVS_2020,84128,殺球,top
PC_vs_PVS_2020,84145,勾球,bottom
PC_vs_PVS_2020,84174,高遠球,top
PC_vs_PVS_2020,84211,高遠球,bottom
PC_vs_PVS_2020,85319,高遠球,bottom
PC_vs_PVS_2020,85349,殺球,top
PC_vs_PVS_2020,85366,小球,bottom
PC_vs_PVS_2020,85397,小球,top
PC_vs_PVS_2020,85425,高遠球,bottom
PC_vs_PVS_2020,85465,殺球,top
PC_vs_PVS_2020,85478,勾球,bottom
PC_vs_PVS_2020,85507,高遠球,top
PC_vs_PVS_2020,85530,殺球,bottom
PC_vs_PVS_2020,85543,平快球,top
PC_vs_PVS_2020,85565,切球,bottom
PC_vs_PVS_2020,85594,撲球,top
PC_vs_PVS_2020,86293,平快球,bottom
PC_vs_PVS_2020,86320,高遠球,top
PC_vs_PVS_2020,86807,發球,bottom
PC_vs_PVS_2020,86866,殺球,top
PC_vs_PVS_2020,86885,高遠球,bottom
PC_vs_PVS_2020,86921,高遠球,top
PC_vs_PVS_2020,86949,殺球,bottom
PC_vs_PVS_2020,86971,小球,top
PC_vs_PVS_2020,87536,高遠球,top
PC_vs_PVS_2020,87567,切球,bottom
PC_vs_PVS_2020,87588,小球,top
PC_vs_PVS_2020,87617,平快球,bottom
PC_vs_PVS_2020,88470,切球,top
PC_vs_PVS_2020,88492,高遠球,bottom
PC_vs_PVS_2020,88516,切球,top
PC_vs_PVS_2020,88541,小球,bottom
PC_vs_PVS_2020,88567,高遠球,top
PC_vs_PVS_2020,88619,切球,bottom
PC_vs_PVS_2020,88643,小球,top
PC_vs_PVS_2020,88670,高遠球,bottom
PC_vs_PVS_2020,88701,殺球,top
PC_vs_PVS_2020,88713,小球,bottom
PC_vs_PVS_2020,88740,高遠球,top
PC_vs_PVS_2020,88776,高遠球,bottom
PC_vs_PVS_2020,88808,高遠球,top
PC_vs_PVS_2020,88839,殺球,bottom
PC_vs_PVS_2020,88858,高遠球,top
PC_vs_PVS_2020,88897,殺球,bottom
PC_vs_PVS_2020,88913,小球,top
PC_vs_PVS_2020,88944,小球,bottom
PC_vs_PVS_2020,88970,平快球,top
PC_vs_PVS_2020,89007,切球,bottom
PC_vs_PVS_2020,89035,撲球,top
PC_vs_PVS_2020,89962,發球,top
PC_vs_PVS_2020,89994,殺球,bottom
PC_vs_PVS_2020,90012,小球,top
PC_vs_PVS_2020,90789,發球,bottom
PC_vs_PVS_2020,90849,切球,top
PC_vs_PVS_2020,90881,高遠球,bottom
PC_vs_PVS_2020,90919,平快球,top
PC_vs_PVS_2020,90935,勾球,bottom
PC_vs_PVS_2020,90961,平快球,top
PC_vs_PVS_2020,90993,切球,bottom
PC_vs_PVS_2020,91032,高遠球,top
RI_vs_PVS_2021,12512,發球,bottom
RI_vs_PVS_2021,12575,殺球,top
RI_vs_PVS_2021,12591,小球,bottom
RI_vs_PVS_2021,12617,勾球,top
RI_vs_PVS_2021,12643,平快球,bottom
RI_vs_PVS_2021,12668,高遠球,top
RI_vs_PVS_2021,12697,高遠球,bottom
RI_vs_PVS_2021,12733,切球,top
RI_vs_PVS_2021,12755,勾球,bottom
RI_vs_PVS_2021,12784,高遠球,top
RI_vs_PVS_2021,12828,切球,bottom
RI_vs_PVS_2021,13367,殺球,top
RI_vs_PVS_2021,13386,小球,bottom
RI_vs_PVS_2021,13413,小球,top
RI_vs_PVS_2021,13441,平快球,bottom
RI_vs_PVS_2021,13478,高遠球,top
RI_vs_PVS_2021,13504,高遠球,bottom
RI_vs_PVS_2021,13529,殺球,top
RI_vs_PVS_2021,13540,小球,bottom
RI_vs_PVS_2021,14236,切球,bottom
RI_vs_PVS_2021,14262,小球,top
RI_vs_PVS_2021,14291,高遠球,bottom
RI_vs_PVS_2021,14333,高遠球,top
RI_vs_PVS_2021,14361,高遠球,bottom
RI_vs_PVS_2021,14394,切球,top
RI_vs_PVS_2021,14419,高遠球,bottom
RI_vs_PVS_2021,14447,切球,top
RI_vs_PVS_2021,14473,勾球,bottom
RI_vs_PVS_2021,14502,小球,top
RI_vs_PVS_2021,15170,殺球,top
RI_vs_PVS_2021,15184,小球,bottom
RI_vs_PVS_2021,15214,高遠球,top
RI_vs_PVS_2021,15241,高遠球,bottom
RI_vs_PVS_2021,15276,高遠球,top
RI_vs_PVS_2021,15302,殺球,bottom
RI_vs_PVS_2021,15318,小球,top
RI_vs_PVS_2021,15344,小球,bottom
RI_vs_PVS_2021,16016,切球,top
RI_vs_PVS_2021,16039,平快球,bottom
RI_vs_PVS_2021,16072,高遠球,top
RI_vs_PVS_2021,16099,切球,bottom
RI_vs_PVS_2021,16122,小球,top
RI_vs_PVS_2021,16152,高遠球,bottom
RI_vs_PVS_2021,16182,高遠球,top
RI_vs_PVS_2021,16728,發球,bottom
RI_vs_PVS_2021,16787,切球,top
RI_vs_PVS_2021,16807,小球,bottom
RI_vs_PVS_2021,16841,平快球,top
RI_vs_PVS_2021,16863,高遠球,bottom
RI_vs_PVS_2021,17450,未知球種,
RI_vs_PVS_2021,17459,平快球,bottom
RI_vs_PVS_2021,17489,高遠球,top
RI_vs_PVS_2021,17523,平快球,bottom
RI_vs_PVS_2021,17539,小球,top
RI_vs_PVS_2021,17564,高遠球,bottom
RI_vs_PVS_2021,17600,殺球,top
RI_vs_PVS_2021,17617,小球,bottom
RI_vs_PVS_2021,17647,高遠球,top
RI_vs_PVS_2021,17686,切球,bottom
RI_vs_PVS_2021,17715,勾球,top
RI_vs_PVS_2021,17742,小球,bottom
RI_vs_PVS_2021,17771,高遠球,top
RI_vs_PVS_2021,17833,殺球,bottom
RI_vs_PVS_2021,17851,小球,top
RI_vs_PVS_2021,17879,撲球,bottom
RI_vs_PVS_2021,17895,小球,top
RI_vs_PVS_2021,17908,小球,bottom
RI_vs_PVS_2021,19030,小球,bottom
RI_vs_PVS_2021,19058,小球,top
RI_vs_PVS_2021,19084,平快球,bottom
RI_vs_PVS_2021,19120,高遠球,top
RI_vs_PVS_2021,19147,高遠球,bottom
RI_vs_PVS_2021,19177,高遠球,top
RI_vs_PVS_2021,19204,高遠球,bottom
RI_vs_PVS_2021,19251,殺球,top
RI_vs_PVS_2021,19263,小球,bottom
RI_vs_PVS_2021,19289,平快球,top
RI_vs_PVS_2021,20194,發球,bottom
RI_vs_PVS_2021,20260,切球,top
RI_vs_PVS_2021,20284,小球,bottom
RI_vs_PVS_2021,20315,高遠球,top
RI_vs_PVS_2021,20358,高遠球,bottom
RI_vs_PVS_2021,20385,切球,top
RI_vs_PVS_2021,20406,小球,bottom
RI_vs_PVS_2021,20437,勾球,top
RI_vs_PVS_2021,20464,高遠球,bottom
RI_vs_PVS_2021,20505,殺球,top
RI_vs_PVS_2021,20517,小球,bottom
RI_vs_PVS_2021,20544,小球,top
RI_vs_PVS_2021,20573,高遠球,bottom
RI_vs_PVS_2021,20619,高遠球,top
RI_vs_PVS_2021,20660,切球,bottom
RI_vs_PVS_2021,20688,高遠球,top
RI_vs_PVS_2021,20722,高遠球,bottom
RI_vs_PVS_2021,21552,高遠球,top
RI_vs_PVS_2021,21580,殺球,bottom
RI_vs_PVS_2021,21595,勾球,top
RI_vs_PVS_2021,21623,平快球,bottom
RI_vs_PVS_2021,21652,高遠球,top
RI_vs_PVS_2021,21681,殺球,bottom
RI_vs_PVS_2021,21700,小球,top
RI_vs_PVS_2021,21730,勾球,bottom
RI_vs_PVS_2021,22477,平快球,bottom
RI_vs_PVS_2021,22489,小球,top
RI_vs_PVS_2021,22503,殺球,bottom
RI_vs_PVS_2021,22518,小球,top
RI_vs_PVS_2021,22543,撲球,bottom
RI_vs_PVS_2021,23808,小球,bottom
RI_vs_PVS_2021,23832,小球,top
RI_vs_PVS_2021,23856,平快球,bottom
RI_vs_PVS_2021,23903,高遠球,top
RI_vs_PVS_2021,23939,高遠球,bottom
RI_vs_PVS_2021,23966,殺球,top
RI_vs_PVS_2021,23979,小球,bottom
RI_vs_PVS_2021,24001,勾球,top
RI_vs_PVS_2021,24640,發球,bottom
RI_vs_PVS_2021,24701,切球,top
RI_vs_PVS_2021,24720,小球,bottom
RI_vs_PVS_2021,24749,平快球,top
RI_vs_PVS_2021,24786,切球,bottom
RI_vs_PVS_2021,24819,高遠球,top
RI_vs_PVS_2021,24871,殺球,bottom
RI_vs_PVS_2021,24886,小球,top
RI_vs_PVS_2021,25794,殺球,top
RI_vs_PVS_2021,25805,平快球,bottom
RI_vs_PVS_2021,25821,小球,top
RI_vs_PVS_2021,25844,平快球,bottom
RI_vs_PVS_2021,25865,殺球,top
RI_vs_PVS_2021,25876,勾球,bottom
RI_vs_PVS_2021,25904,小球,top
RI_vs_PVS_2021,25930,勾球,bottom
RI_vs_PVS_2021,25959,高遠球,top
RI_vs_PVS_2021,25997,切球,bottom
RI_vs_PVS_2021,26028,高遠球,top
RI_vs_PVS_2021,26063,高遠球,bottom
RI_vs_PVS_2021,26092,切球,top
RI_vs_PVS_2021,26950,平快球,bottom
RI_vs_PVS_2021,26975,高遠球,top
RI_vs_PVS_2021,27017,殺球,bottom
RI_vs_PVS_2021,27031,小球,top
RI_vs_PVS_2021,27055,平快球,bottom
RI_vs_PVS_2021,27070,高遠球,top
RI_vs_PVS_2021,27102,殺球,bottom
RI_vs_PVS_2021,27119,小球,top
RI_vs_PVS_2021,28092,發球,bottom
RI_vs_PVS_2021,28155,殺球,top
RI_vs_PVS_2021,28169,平快球,bottom
RI_vs_PVS_2021,28189,平快球,top
RI_vs_PVS_2021,28205,平快球,bottom
RI_vs_PVS_2021,28233,高遠球,top
RI_vs_PVS_2021,28269,高遠球,bottom
RI_vs_PVS_2021,28308,殺球,top
RI_vs_PVS_2021,28324,小球,bottom
RI_vs_PVS_2021,28355,高遠球,top
RI_vs_PVS_2021,28390,切球,bottom
RI_vs_PVS_2021,28410,高遠球,top
RI_vs_PVS_2021,28440,殺球,bottom
RI_vs_PVS_2021,28455,小球,top
RI_vs_PVS_2021,28480,高遠球,bottom
RI_vs_PVS_2021,28513,切球,top
RI_vs_PVS_2021,28535,小球,bottom
RI_vs_PVS_2021,28567,高遠球,top
RI_vs_PVS_2021,28615,切球,bottom
RI_vs_PVS_2021,28639,小球,top
RI_vs_PVS_2021,28670,高遠球,bottom
RI_vs_PVS_2021,28722,高遠球,top
RI_vs_PVS_2021,28758,切球,bottom
RI_vs_PVS_2021,28791,小球,top
RI_vs_PVS_2021,29519,發球,bottom
RI_vs_PVS_2021,29580,殺球,top
RI_vs_PVS_2021,30203,高遠球,bottom
RI_vs_PVS_2021,30233,殺球,top
RI_vs_PVS_2021,30246,小球,bottom
RI_vs_PVS_2021,32255,發球,bottom
RI_vs_PVS_2021,32275,發球,bottom
RI_vs_PVS_2021,32337,殺球,top
RI_vs_PVS_2021,32353,小球,bottom
RI_vs_PVS_2021,32383,高遠球,top
RI_vs_PVS_2021,32429,殺球,bottom
RI_vs_PVS_2021,32447,小球,top
RI_vs_PVS_2021,32475,平快球,bottom
RI_vs_PVS_2021,32507,切球,top
RI_vs_PVS_2021,32533,高遠球,bottom
RI_vs_PVS_2021,32568,切球,top
RI_vs_PVS_2021,32592,小球,bottom
RI_vs_PVS_2021,32626,高遠球,top
RI_vs_PVS_2021,32675,高遠球,bottom
RI_vs_PVS_2021,32711,殺球,top
RI_vs_PVS_2021,32729,高遠球,bottom
RI_vs_PVS_2021,32760,高遠球,top
RI_vs_PVS_2021,32794,高遠球,bottom
RI_vs_PVS_2021,33652,未知球種,
RI_vs_PVS_2021,33652,未知球種,
RI_vs_PVS_2021,33664,小球,top
RI_vs_PVS_2021,33693,平快球,bottom
RI_vs_PVS_2021,33717,殺球,top
RI_vs_PVS_2021,34584,殺球,bottom
RI_vs_PVS_2021,34596,小球,top
RI_vs_PVS_2021,35665,切球,top
RI_vs_PVS_2021,35688,平快球,bottom
RI_vs_PVS_2021,35721,平快球,top
RI_vs_PVS_2021,35735,小球,bottom
RI_vs_PVS_2021,36200,小球,bottom
RI_vs_PVS_2021,36227,高遠球,top
RI_vs_PVS_2021,36269,殺球,bottom
RI_vs_PVS_2021,36286,小球,top
RI_vs_PVS_2021,36312,小球,bottom
RI_vs_PVS_2021,36342,高遠球,top
RI_vs_PVS_2021,36376,高遠球,bottom
RI_vs_PVS_2021,36416,殺球,top
RI_vs_PVS_2021,36431,小球,bottom
RI_vs_PVS_2021,37031,未知球種,
RI_vs_PVS_2021,37031,未知球種,
RI_vs_PVS_2021,37047,高遠球,top
RI_vs_PVS_2021,37080,殺球,bottom
RI_vs_PVS_2021,37097,小球,top
RI_vs_PVS_2021,37125,勾球,bottom
RI_vs_PVS_2021,37153,高遠球,top
RI_vs_PVS_2021,37206,高遠球,bottom
RI_vs_PVS_2021,37233,切球,top
RI_vs_PVS_2021,37255,小球,bottom
RI_vs_PVS_2021,37284,高遠球,top
RI_vs_PVS_2021,37324,高遠球,bottom
RI_vs_PVS_2021,37361,高遠球,top
RI_vs_PVS_2021,37388,高遠球,bottom
RI_vs_PVS_2021,37416,切球,top
RI_vs_PVS_2021,37441,高遠球,bottom
RI_vs_PVS_2021,37474,切球,top
RI_vs_PVS_2021,37498,小球,bottom
RI_vs_PVS_2021,37533,小球,top
RI_vs_PVS_2021,38337,發球,bottom
RI_vs_PVS_2021,38399,殺球,top
RI_vs_PVS_2021,38413,平快球,bottom
RI_vs_PVS_2021,38434,殺球,top
RI_vs_PVS_2021,38447,小球,bottom
RI_vs_PVS_2021,39161,高遠球,bottom
RI_vs_PVS_2021,39188,切球,top
RI_vs_PVS_2021,39211,高遠球,bottom
RI_vs_PVS_2021,39243,平快球,top
RI_vs_PVS_2021,39255,小球,bottom
RI_vs_PVS_2021,39277,高遠球,top
RI_vs_PVS_2021,39307,高遠球,bottom
RI_vs_PVS_2021,39330,高遠球,top
RI_vs_PVS_2021,39378,切球,bottom
RI_vs_PVS_2021,39400,小球,top
RI_vs_PVS_2021,39432,平快球,bottom
RI_vs_PVS_2021,39459,高遠球,top
RI_vs_PVS_2021,39491,高遠球,bottom
RI_vs_PVS_2021,39522,殺球,top
RI_vs_PVS_2021,39534,小球,bottom
RI_vs_PVS_2021,39568,小球,top
RI_vs_PVS_2021,39599,勾球,bottom
RI_vs_PVS_2021,40537,發球,top
RI_vs_PVS_2021,40595,殺球,bottom
RI_vs_PVS_2021,42426,平快球,top
RI_vs_PVS_2021,42444,小球,bottom
RI_vs_PVS_2021,42469,高遠球,top
RI_vs_PVS_2021,42508,殺球,bottom
RI_vs_PVS_2021,42524,勾球,top
RI_vs_PVS_2021,42550,平快球,bottom
RI_vs_PVS_2021,42583,高遠球,top
RI_vs_PVS_2021,42605,殺球,bottom
RI_vs_PVS_2021,43247,平快球,bottom
RI_vs_PVS_2021,43265,小球,top
RI_vs_PVS_2021,43289,小球,bottom
RI_vs_PVS_2021,43318,小球,top
RI_vs_PVS_2021,43343,高遠球,bottom
RI_vs_PVS_2021,43403,切球,top
RI_vs_PVS_2021,43428,小球,bottom
RI_vs_PVS_2021,43458,高遠球,top
RI_vs_PVS_2021,44075,高遠球,top
RI_vs_PVS_2021,44104,殺球,bottom
RI_vs_PVS_2021,44118,小球,top
RI_vs_PVS_2021,44994,平快球,top
RI_vs_PVS_2021,45028,殺球,bottom
RI_vs_PVS_2021,45043,小球,top
RI_vs_PVS_2021,45070,小球,bottom
RI_vs_PVS_2021,45096,高遠球,top
RI_vs_PVS_2021,45594,平快球,top
RI_vs_PVS_2021,45615,切球,bottom
RI_vs_PVS_2021,45640,高遠球,top
RI_vs_PVS_2021,45696,殺球,bottom
RI_vs_PVS_2021,45711,高遠球,top
RI_vs_PVS_2021,45744,切球,bottom
RI_vs_PVS_2021,45766,勾球,top
RI_vs_PVS_2021,45793,高遠球,bottom
RI_vs_PVS_2021,45835,高遠球,top
RI_vs_PVS_2021,45855,切球,bottom
RI_vs_PVS_2021,45886,小球,top
RI_vs_PVS_2021,45913,高遠球,bottom
RI_vs_PVS_2021,45968,切球,top
RI_vs_PVS_2021,45991,平快球,bottom
RI_vs_PVS_2021,46020,高遠球,top
RI_vs_PVS_2021,46039,切球,bottom
RI_vs_PVS_2021,46066,高遠球,top
RI_vs_PVS_2021,46109,高遠球,bottom
RI_vs_PVS_2021,46144,高遠球,top
RI_vs_PVS_2021,46177,高遠球,bottom
RI_vs_PVS_2021,46211,高遠球,top
RI_vs_PVS_2021,46904,發球,bottom
RI_vs_PVS_2021,46929,平快球,top
RI_vs_PVS_2021,46959,切球,bottom
RI_vs_PVS_2021,47513,發球,bottom
RI_vs_PVS_2021,47536,小球,top
RI_vs_PVS_2021,47563,高遠球,bottom
RI_vs_PVS_2021,47621,殺球,top
RI_vs_PVS_2021,47634,高遠球,bottom
RI_vs_PVS_2021,52413,發球,top
RI_vs_PVS_2021,52437,小球,bottom
RI_vs_PVS_2021,52460,小球,top
RI_vs_PVS_2021,52484,平快球,bottom
RI_vs_PVS_2021,52506,殺球,top
RI_vs_PVS_2021,52517,平快球,bottom
RI_vs_PVS_2021,52930,發球,top
RI_vs_PVS_2021,52955,高遠球,bottom
RI_vs_PVS_2021,52990,殺球,top
RI_vs_PVS_2021,53006,小球,bottom
RI_vs_PVS_2021,53032,平快球,top
RI_vs_PVS_2021,53052,高遠球,bottom
RI_vs_PVS_2021,53070,切球,top
RI_vs_PVS_2021,53094,高遠球,bottom
RI_vs_PVS_2021,53129,殺球,top
RI_vs_PVS_2021,53146,小球,bottom
RI_vs_PVS_2021,53619,發球,top
RI_vs_PVS_2021,53634,高遠球,bottom
RI_vs_PVS_2021,53668,高遠球,top
RI_vs_PVS_2021,54141,小球,top
RI_vs_PVS_2021,54165,高遠球,bottom
RI_vs_PVS_2021,54219,殺球,top
RI_vs_PVS_2021,54233,小球,bottom
RI_vs_PVS_2021,54258,勾球,top
RI_vs_PVS_2021,54286,小球,bottom
RI_vs_PVS_2021,54313,平快球,top
RI_vs_PVS_2021,54321,平快球,bottom
RI_vs_PVS_2021,55212,平快球,bottom
RI_vs_PVS_2021,55239,平快球,top
RI_vs_PVS_2021,55252,小球,bottom
RI_vs_PVS_2021,55271,小球,top
RI_vs_PVS_2021,55296,高遠球,bottom
RI_vs_PVS_2021,55336,殺球,top
RI_vs_PVS_2021,55355,小球,bottom
RI_vs_PVS_2021,55382,小球,top
RI_vs_PVS_2021,55409,高遠球,bottom
RI_vs_PVS_2021,55462,殺球,top
RI_vs_PVS_2021,55479,平快球,bottom
RI_vs_PVS_2021,55509,平快球,top
RI_vs_PVS_2021,55523,小球,bottom
RI_vs_PVS_2021,55548,平快球,top
RI_vs_PVS_2021,56185,發球,top
RI_vs_PVS_2021,56212,高遠球,bottom
RI_vs_PVS_2021,56237,殺球,top
RI_vs_PVS_2021,56253,高遠球,bottom
RI_vs_PVS_2021,56288,高遠球,top
RI_vs_PVS_2021,56316,殺球,bottom
RI_vs_PVS_2021,56329,勾球,top
RI_vs_PVS_2021,56356,小球,bottom
RI_vs_PVS_2021,56385,高遠球,top
RI_vs_PVS_2021,56419,高遠球,bottom
RI_vs_PVS_2021,56461,殺球,top
RI_vs_PVS_2021,56478,小球,bottom
RI_vs_PVS_2021,56505,平快球,top
RI_vs_PVS_2021,57244,未知球種,
RI_vs_PVS_2021,57262,平快球,bottom
RI_vs_PVS_2021,57292,平快球,top
RI_vs_PVS_2021,57308,小球,bottom
RI_vs_PVS_2021,57337,小球,top
RI_vs_PVS_2021,57364,平快球,bottom
RI_vs_PVS_2021,57399,切球,top
RI_vs_PVS_2021,57425,勾球,bottom
RI_vs_PVS_2021,57454,高遠球,top
RI_vs_PVS_2021,57503,高遠球,bottom
RI_vs_PVS_2021,57537,高遠球,top
RI_vs_PVS_2021,57561,切球,bottom
RI_vs_PVS_2021,58194,高遠球,bottom
RI_vs_PVS_2021,58228,高遠球,top
RI_vs_PVS_2021,58258,高遠球,bottom
RI_vs_PVS_2021,58291,切球,top
RI_vs_PVS_2021,58313,平快球,bottom
RI_vs_PVS_2021,58343,高遠球,top
RI_vs_PVS_2021,58374,切球,bottom
RI_vs_PVS_2021,58986,高遠球,bottom
RI_vs_PVS_2021,59026,切球,top
RI_vs_PVS_2021,59046,小球,bottom
RI_vs_PVS_2021,59077,勾球,top
RI_vs_PVS_2021,59106,平快球,bottom
RI_vs_PVS_2021,59135,高遠球,top
RI_vs_PVS_2021,59176,切球,bottom
RI_vs_PVS_2021,59708,未知球種,
RI_vs_PVS_2021,59729,高遠球,bottom
RI_vs_PVS_2021,59759,殺球,top
RI_vs_PVS_2021,59778,小球,bottom
RI_vs_PVS_2021,59806,小球,top
RI_vs_PVS_2021,59831,高遠球,bottom
RI_vs_PVS_2021,59887,殺球,top
RI_vs_PVS_2021,59904,高遠球,bottom
RI_vs_PVS_2021,59938,高遠球,top
RI_vs_PVS_2021,59962,高遠球,bottom
RI_vs_PVS_2021,59992,切球,top
RI_vs_PVS_2021,60015,勾球,bottom
RI_vs_PVS_2021,60045,小球,top
RI_vs_PVS_2021,60676,殺球,top
RI_vs_PVS_2021,60694,小球,bottom
RI_vs_PVS_2021,60720,勾球,top
RI_vs_PVS_2021,60751,平快球,bottom
RI_vs_PVS_2021,61539,發球,bottom
RI_vs_PVS_2021,61563,小球,top
RI_vs_PVS_2021,61586,高遠球,bottom
RI_vs_PVS_2021,61641,殺球,top
RI_vs_PVS_2021,61657,小球,bottom
RI_vs_PVS_2021,61686,平快球,top
RI_vs_PVS_2021,61715,高遠球,bottom
RI_vs_PVS_2021,61751,平快球,top
RI_vs_PVS_2021,61766,小球,bottom
RI_vs_PVS_2021,61794,高遠球,top
RI_vs_PVS_2021,61830,高遠球,bottom
RI_vs_PVS_2021,61863,殺球,top
RI_vs_PVS_2021,61877,小球,bottom
RI_vs_PVS_2021,62695,平快球,bottom
RI_vs_PVS_2021,62722,平快球,top
RI_vs_PVS_2021,62738,高遠球,bottom
RI_vs_PVS_2021,62773,切球,top
RI_vs_PVS_2021,62800,平快球,bottom
RI_vs_PVS_2021,62832,高遠球,top
RI_vs_PVS_2021,62851,切球,bottom
RI_vs_PVS_2021,63577,小球,bottom
RI_vs_PVS_2021,63609,高遠球,top
RI_vs_PVS_2021,63649,殺球,bottom
RI_vs_PVS_2021,63670,小球,top
RI_vs_PVS_2021,63699,高遠球,bottom
RI_vs_PVS_2021,64963,殺球,top
RI_vs_PVS_2021,64974,小球,bottom
RI_vs_PVS_2021,65002,小球,top
RI_vs_PVS_2021,65028,高遠球,bottom
RI_vs_PVS_2021,65091,殺球,top
RI_vs_PVS_2021,65105,小球,bottom
RI_vs_PVS_2021,65133,平快球,top
RI_vs_PVS_2021,65165,切球,bottom
RI_vs_PVS_2021,65193,高遠球,top
RI_vs_PVS_2021,65227,切球,bottom
RI_vs_PVS_2021,65256,高遠球,top
RI_vs_PVS_2021,65289,切球,bottom
RI_vs_PVS_2021,65314,平快球,top
RI_vs_PVS_2021,65341,切球,bottom
RI_vs_PVS_2021,67716,發球,top
RI_vs_PVS_2021,67740,小球,bottom
RI_vs_PVS_2021,67766,小球,top
RI_vs_PVS_2021,67794,小球,bottom
RI_vs_PVS_2021,68233,勾球,bottom
RI_vs_PVS_2021,68259,高遠球,top
RI_vs_PVS_2021,68299,高遠球,bottom
RI_vs_PVS_2021,68332,高遠球,top
RI_vs_PVS_2021,68374,殺球,bottom
RI_vs_PVS_2021,68388,小球,top
RI_vs_PVS_2021,68419,平快球,bottom
RI_vs_PVS_2021,68453,高遠球,top
RI_vs_PVS_2021,68474,切球,bottom
RI_vs_PVS_2021,68495,勾球,top
RI_vs_PVS_2021,68531,小球,bottom
RI_vs_PVS_2021,68555,撲球,top
RI_vs_PVS_2021,69613,發球,top
RI_vs_PVS_2021,69639,平快球,bottom
RI_vs_PVS_2021,69667,平快球,top
RI_vs_PVS_2021,69683,小球,bottom
RI_vs_PVS_2021,69707,小球,top
RI_vs_PVS_2021,69732,高遠球,bottom
RI_vs_PVS_2021,69765,殺球,top
RI_vs_PVS_2021,70961,未知球種,
RI_vs_PVS_2021,70977,小球,bottom
RI_vs_PVS_2021,71002,小球,top
RI_vs_PVS_2021,71028,高遠球,bottom
RI_vs_PVS_2021,71089,切球,top
RI_vs_PVS_2021,71626,發球,bottom
RI_vs_PVS_2021,71649,小球,top
RI_vs_PVS_2021,71673,高遠球,bottom
RI_vs_PVS_2021,71711,殺球,top
RI_vs_PVS_2021,71725,平快球,bottom
RI_vs_PVS_2021,71752,殺球,top
RI_vs_PVS_2021,71766,小球,bottom
RI_vs_PVS_2021,71793,平快球,top
RI_vs_PVS_2021,72325,未知球種,
RI_vs_PVS_2021,73606,發球,top
RI_vs_PVS_2021,73623,平快球,bottom
RI_vs_PVS_2021,73645,殺球,top
RI_vs_PVS_2021,73657,小球,bottom
RI_vs_PVS_2021,73681,小球,top
RI_vs_PVS_2021,73709,小球,bottom
RI_vs_PVS_2021,73738,小球,top
RI_vs_PVS_2021,74193,平快球,top
RI_vs_PVS_2021,74221,高遠球,bottom
RI_vs_PVS_2021,74264,殺球,top
RI_vs_PVS_2021,74887,未知球種,
RI_vs_PVS_2021,74906,平快球,bottom
RI_vs_PVS_2021,74929,殺球,top
RI_vs_PVS_2021,74942,平快球,bottom
RI_vs_PVS_2021,74957,平快球,top
RI_vs_PVS_2021,74973,平快球,bottom
RI_vs_PVS_2021,74999,切球,top
RI_vs_PVS_2021,75026,小球,bottom
RI_vs_PVS_2021,75979,小球,bottom
RI_vs_PVS_2021,76007,高遠球,top
RI_vs_PVS_2021,76053,高遠球,bottom
RI_vs_PVS_2021,76089,殺球,top
RI_vs_PVS_2021,76108,小球,bottom
RI_vs_PVS_2021,76132,撲球,top
RI_vs_PVS_2021,76734,平快球,bottom
RI_vs_PVS_2021,76763,切球,top
RI_vs_PVS_2021,76789,高遠球,bottom
RI_vs_PVS_2021,76824,殺球,top
RI_vs_PVS_2021,76843,小球,bottom
RI_vs_PVS_2021,76876,高遠球,top
RI_vs_PVS_2021,76912,切球,bottom
RI_vs_PVS_2021,76939,高遠球,top
RI_vs_PVS_2021,77489,發球,top
RI_vs_PVS_2021,77513,小球,bottom
RI_vs_PVS_2021,77538,小球,top
RI_vs_PVS_2021,77969,平快球,top
RI_vs_PVS_2021,77985,高遠球,bottom
RI_vs_PVS_2021,78015,殺球,top
RI_vs_PVS_2021,78027,小球,bottom
RI_vs_PVS_2021,78048,撲球,top
RI_vs_PVS_2021,78060,平快球,bottom
RI_vs_PVS_2021,78078,平快球,top
RI_vs_PVS_2021,78093,高遠球,bottom
RI_vs_PVS_2021,78113,高遠球,top
RI_vs_PVS_2021,78737,高遠球,bottom
RI_vs_PVS_2021,78773,高遠球,top
RI_vs_PVS_2021,78795,切球,bottom
RI_vs_PVS_2021,78817,高遠球,top
RI_vs_PVS_2021,78852,高遠球,bottom
RI_vs_PVS_2021,78885,高遠球,top
RI_vs_PVS_2021,78929,高遠球,bottom
RI_vs_PVS_2021,78953,殺球,top
RI_vs_PVS_2021,78965,平快球,bottom
RI_vs_PVS_2021,78985,殺球,top
RI_vs_PVS_2021,78997,小球,bottom
RI_vs_PVS_2021,79026,高遠球,top
RI_vs_PVS_2021,79059,切球,bottom
RI_vs_PVS_2021,79091,小球,top
RI_vs_PVS_2021,79122,高遠球,bottom
RI_vs_PVS_2021,79169,高遠球,top
RI_vs_PVS_2021,79207,高遠球,bottom
RI_vs_PVS_2021,79248,殺球,top
RI_vs_PVS_2021,79267,小球,bottom
RI_vs_PVS_2021,79302,小球,top
RI_vs_PVS_2021,79330,高遠球,bottom
test2,17874,發球,top
test2,17892,高遠球,bottom
test2,17924,高遠球,top
test2,17955,高遠球,bottom
test2,17984,高遠球,top
test2,18340,高遠球,top
test2,18372,平快球,bottom
test2,18388,小球,top
test2,18404,小球,bottom
test2,18421,平快球,top
test2,18446,高遠球,bottom
test2,18474,切球,top
test2,18489,小球,bottom
test2,18510,小球,top
test2,18532,高遠球,bottom
test2,18567,殺球,top
test2,18576,小球,bottom
test2,18596,小球,top
test2,18617,小球,bottom
test2,19072,發球,top
test2,19098,高遠球,bottom
test2,19135,切球,top
test2,19153,勾球,bottom
test2,19179,高遠球,top
test2,19208,切球,bottom
test2,19921,發球,bottom
test2,19939,平快球,top
test2,19969,高遠球,bottom
test2,20000,切球,top
test2,20024,高遠球,bottom
test2,20053,殺球,top
test2,20064,平快球,bottom
test2,20077,平快球,top
test2,20087,平快球,bottom
test2,20098,小球,top
test2,20119,小球,bottom
test2,20142,高遠球,top
test2,20170,殺球,bottom
test2,20181,小球,top
test2,20202,平快球,bottom
test2,20214,平快球,top
test2,20238,高遠球,bottom
test2,20274,切球,top
test2,20295,小球,bottom
test2,20321,高遠球,top
test2,20353,高遠球,bottom
test2,20379,高遠球,top
test2,20419,殺球,bottom
test2,20432,小球,top
test2,20456,小球,bottom
test2,20479,高遠球,top
test2,20524,切球,bottom
test2,20552,高遠球,top
test2,20587,高遠球,bottom
test2,20620,殺球,top
test2,20632,小球,bottom
test2,20656,高遠球,top
test2,21369,發球,bottom
test2,21393,高遠球,top
test2,21422,切球,bottom
test2,21445,小球,top
test2,21470,平快球,bottom
test2,21494,切球,top
test2,21516,高遠球,bottom
test2,21548,切球,top
test2,21568,小球,bottom
test2,21594,高遠球,top
test2,21633,高遠球,bottom
test2,21669,切球,top
test2,21681,小球,bottom
test2,21702,小球,top
test2,21725,高遠球,bottom
test2,21756,切球,top
test2,21780,平快球,bottom
test2,21808,高遠球,top
test2,21841,切球,bottom
test2,21860,勾球,top
test2,21892,高遠球,bottom
test2,21922,切球,top
test2,21947,勾球,bottom
test2,21973,高遠球,top
test2,22535,發球,bottom
test2,22565,殺球,top
test2,23058,發球,top
test2,23077,平快球,bottom
test2,23106,殺球,top
test2,23116,平快球,bottom
test2,23139,切球,top
test2,23155,小球,bottom
test2,23176,高遠球,top
test2,23542,發球,bottom
test2,23563,小球,top
test2,23587,平快球,bottom
test2,23613,殺球,top
test2,23625,小球,bottom
test2,23646,撲球,top
test2,24140,平快球,bottom
test2,24171,高遠球,top
test2,24200,切球,bottom
test2,24218,小球,top
test2,24241,高遠球,bottom
test2,24277,切球,top
test2,24296,小球,bottom
test2,24320,高遠球,top
test2,24356,平快球,bottom
test2,24371,勾球,top
test2,24395,小球,bottom
test2,24423,小球,top
test2,24842,發球,bottom
test2,24863,平快球,top
test2,24889,高遠球,bottom
test2,24928,殺球,top
test2,24940,小球,bottom
test2,24965,高遠球,top
test2,24988,切球,bottom
test2,25005,小球,top
test2,25029,小球,bottom
test2,25052,高遠球,top
test2,25088,高遠球,bottom
test2,25120,切球,top
test2,25143,高遠球,bottom
test2,25174,切球,top
test2,25194,小球,bottom
test2,25219,高遠球,top
test2,25252,切球,bottom
test2,25271,小球,top
test2,25295,高遠球,bottom
test2,25333,切球,top
test2,25351,小球,bottom
test2,25379,高遠球,top
test2,25432,殺球,bottom
test2,26161,發球,top
test2,26179,平快球,bottom
test2,26204,殺球,top
test2,26214,小球,bottom
test2,26236,小球,top
test2,26257,小球,bottom
test2,26279,高遠球,top
test2,26308,殺球,bottom
test2,26318,小球,top
test2,26731,發球,bottom
test2,26749,平快球,top
test2,26778,高遠球,bottom
test2,26811,切球,top
test2,26833,高遠球,bottom
test2,26861,切球,top
test2,26876,小球,bottom
test2,26899,高遠球,top
test2,26930,切球,bottom
test2,26946,勾球,top
test2,26967,高遠球,bottom
test2,27536,發球,top
test2,27556,小球,bottom
test2,27579,小球,top
test2,27602,小球,bottom
test2,28076,發球,top
test2,28094,平快球,bottom
test2,28115,殺球,top
test2,28124,平快球,bottom
test2,28140,小球,top
test2,28161,高遠球,bottom
test2,28685,發球,top
test2,28702,小球,bottom
test2,28721,高遠球,top
test2,28748,切球,bottom
test2,28766,小球,top
test2,28791,小球,bottom
test2,28815,高遠球,top
test2,28845,切球,bottom
test2,28864,小球,top
test2,28888,小球,bottom
test2,28912,高遠球,top
test2,28947,切球,bottom
test2,28964,平快球,top
test2,28978,平快球,bottom
test2,28996,高遠球,top
test2,29021,殺球,bottom
test2,29034,小球,top
test2,29058,小球,bottom
test2,29078,平快球,top
test2,29114,切球,bottom
test2,29138,平快球,top
test2,29167,切球,bottom
test2,29191,平快球,top
test2,29220,高遠球,bottom
test2,29243,殺球,top
test2,29256,小球,bottom
test2,29277,小球,top
test2,29301,小球,bottom
test2,29324,高遠球,top
test2,29375,切球,bottom
test2,29393,小球,top
test2,29417,平快球,bottom
test2,29442,殺球,top
test2,29451,小球,bottom
test2,29471,高遠球,top
test2,29505,切球,bottom
test2,29521,小球,top
test2,29542,小球,bottom
test2,29563,高遠球,top
test2,30534,發球,bottom
test2,30552,小球,top
test2,30571,平快球,bottom
test2,30602,切球,top
test2,30619,平快球,bottom
test2,30635,小球,top
test2,30654,小球,bottom
test2,30675,高遠球,top
test2,30703,殺球,bottom
test2,31973,發球,bottom
test2,32004,殺球,top
test2,32014,小球,bottom
test2,32467,發球,top
test2,32486,平快球,bottom
test2,32510,高遠球,top
test2,32533,切球,bottom
test2,32549,小球,top
test2,32572,平快球,bottom
test2,32603,高遠球,top
test2,32636,殺球,bottom
test2,32653,小球,top
test2,32676,高遠球,bottom
test2,32706,切球,top
test2,32726,勾球,bottom
test2,32752,平快球,top
test2,32769,殺球,bottom
test2,32779,小球,top
test2,32802,高遠球,bottom
test2,32827,高遠球,top
test2,32853,高遠球,bottom
test2,32872,切球,top
test2,32895,平快球,bottom
test2,32918,切球,top
test2,32941,平快球,bottom
test2,32966,殺球,top
test2,32982,小球,bottom
test2,33011,小球,top
test2,33036,高遠球,bottom
test2,33070,切球,top
test2,33090,小球,bottom
test2,33116,高遠球,top
test2,33166,殺球,bottom
test2,33943,發球,bottom
test2,33959,平快球,top
test2,33985,殺球,bottom
test2,33996,小球,top
test2,34016,平快球,bottom
test2,34031,高遠球,top
test2,34057,切球,bottom
test2,34071,小球,top
test2,34091,小球,bottom
test2,34115,高遠球,top
test2,34158,殺球,bottom
test2,34174,小球,top
test2,34200,平快球,bottom
test2,34226,高遠球,top
test2,34998,發球,top
test2,35018,高遠球,bottom
test2,35047,切球,top
test2,35062,小球,bottom
test2,35081,小球,top
test2,35101,平快球,bottom
test2,35125,平快球,top
test2,35138,小球,bottom
test2,37091,發球,bottom
test2,37107,平快球,top
test2,37131,殺球,bottom
test2,37574,發球,bottom
test2,37591,小球,top
test2,37611,高遠球,bottom
test2,37643,切球,top
test2,37658,平快球,bottom
test2,37673,小球,top
test2,37693,平快球,bottom
test2,37720,切球,top
test2,37733,平快球,bottom
test2,37749,小球,top
test2,37770,小球,bottom
test2,37792,高遠球,top
test2,37831,高遠球,bottom
test2,37860,切球,top
test2,37883,小球,bottom
test2,37910,小球,top
test2,37930,高遠球,bottom
test2,37984,切球,top
test2,38002,小球,bottom
test2,38024,小球,top
test2,38046,小球,bottom
test2,38069,高遠球,top
test2,38119,殺球,bottom
test2,38132,勾球,top
test2,38156,平快球,bottom
test2,38186,切球,top
test2,38201,勾球,bottom
test2,38222,高遠球,top
test2,38258,殺球,bottom
test2,38268,小球,top
test2,38291,平快球,bottom
test2,38304,高遠球,top
test2,38335,殺球,bottom
test2,39760,發球,bottom
test2,39779,小球,top
test2,39802,高遠球,bottom
test2,39846,切球,top
test2,39863,勾球,bottom
test2,39885,小球,top
test2,39907,高遠球,bottom
test2,39955,殺球,top
test2,41228,發球,bottom
test2,41249,小球,top
test2,41269,高遠球,bottom
test2,41305,切球,top
test2,41325,平快球,bottom
test2,41342,平快球,top
test2,41352,小球,bottom
test2,41369,小球,top
test2,41388,高遠球,bottom
test2,41417,高遠球,top
test2,41443,切球,bottom
test2,41458,小球,top
test2,41484,小球,bottom
test2,41510,高遠球,top
test2,41549,切球,bottom
test2,41566,小球,top
test2,41586,小球,bottom
test2,41605,高遠球,top
test2,41633,高遠球,bottom
test2,41654,切球,top
test2,41673,小球,bottom
test2,41695,高遠球,top
test2,41728,高遠球,bottom
test2,41743,切球,top
test2,42363,發球,top
test2,42379,小球,bottom
test2,42399,小球,top
test2,42420,高遠球,bottom
test2,42457,殺球,top
test2,42466,小球,bottom
test2,42491,小球,top
test2,42512,平快球,bottom
test2,42535,殺球,top
test2,42549,小球,bottom
test2,43319,發球,top
test2,43338,高遠球,bottom
test2,43369,切球,top
test2,43386,小球,bottom
test2,43408,小球,top
test2,43429,高遠球,bottom
test2,43464,切球,top
test2,43481,小球,bottom
test2,43500,小球,top
test2,43519,小球,bottom
test2,43541,高遠球,top
test2,43573,殺球,bottom
test2,44242,發球,top
test2,44258,小球,bottom
test2,44278,高遠球,top
test2,44315,殺球,bottom
test2,44842,未知球種,
test2,44858,切球,top
test2,44873,平快球,bottom
test2,44884,平快球,top
test2,44894,小球,bottom
test2,45432,發球,top
test2,45447,小球,bottom
test2,45468,高遠球,top
test2,45500,切球,bottom
test2,45521,小球,top
test2,45539,小球,bottom
test2,45557,平快球,top
test2,45587,平快球,bottom
test2,45600,平快球,top
test2,45610,平快球,bottom
test2,45624,小球,top
test2,45646,高遠球,bottom
test2,45673,殺球,top
test2,45684,小球,bottom
test2,45707,小球,top
test2,45728,小球,bottom
test2,45751,小球,top
test2,45773,小球,bottom
test2,46676,發球,top
test2,46689,平快球,bottom
test2,46710,殺球,top
test2,46721,小球,bottom
test2,47422,發球,top
test2,47438,高遠球,bottom
test2,47477,高遠球,top
test2,47509,高遠球,bottom
test2,47541,殺球,top
test2,47553,小球,bottom
test2,47578,高遠球,top
test2,47610,切球,bottom
test2,47632,高遠球,top
test2,47656,切球,bottom
test2,47672,小球,top
test2,47695,平快球,bottom
test2,47720,殺球,top
test2,47732,小球,bottom
test2,48460,發球,top
test2,48476,小球,bottom
test2,48495,高遠球,top
test2,48529,高遠球,bottom
test2,48560,殺球,top
test2,48572,小球,bottom
test2,48595,高遠球,top
test2,48624,高遠球,bottom
test2,48662,殺球,top
test2,48673,小球,bottom
test2,48694,小球,top
test2,48713,小球,bottom
test2,48734,高遠球,top
test2,48781,殺球,bottom
test2,48791,勾球,top
test2,48815,平快球,bottom
test2,48832,高遠球,top
test2,48859,殺球,bottom
test2,48877,小球,top
test2,50313,發球,bottom
test2,50331,小球,top
test2,50347,小球,bottom
test2,50367,高遠球,top
test2,50400,殺球,bottom
test2,50412,小球,top
test2,50433,小球,bottom
test2,50454,小球,top
test2,50471,小球,bottom
test2,50491,平快球,top
test2,50523,切球,bottom
test2,50546,小球,top
test2,50567,小球,bottom
test2,50590,小球,top
test2,50611,高遠球,bottom
test2,50651,高遠球,top
test2,50690,殺球,bottom
test2,50704,小球,top
test2,50728,平快球,bottom
test2,50746,殺球,top
test2,50756,平快球,bottom
test2,50774,平快球,top
test2,50793,殺球,bottom
test2,50809,小球,top
test2,50832,平快球,bottom
test2,50849,高遠球,top
test2,50880,切球,bottom
test2,50900,小球,top
test2,50925,勾球,bottom
test2,51922,發球,top
test2,51938,小球,bottom
test2,51957,平快球,top
test2,51982,平快球,bottom
test2,51995,小球,top
test2,52016,小球,bottom
test2,52036,高遠球,top
test2,52067,殺球,bottom
test2,53165,發球,bottom
test2,53184,小球,top
test2,53200,高遠球,bottom
test2,53225,殺球,top
test2,53237,小球,bottom
test2,53256,撲球,top
test2,53268,平快球,bottom
test2,53282,小球,top
test2,53300,小球,bottom
test2,53321,小球,top
test2,53339,小球,bottom
test2,53358,高遠球,top
test2,53395,平快球,bottom
test2,53409,平快球,top
test2,53422,小球,bottom
test2,53445,小球,top
test2,53464,小球,bottom
test2,53484,高遠球,top
test2,53516,殺球,bottom
test2,53531,勾球,top
test2,53554,小球,bottom
test2,53578,高遠球,top
test2,53611,殺球,bottom
test2,53625,小球,top
test2,53648,小球,bottom
test2,53672,平快球,top
test2,54457,發球,top
test2,54475,小球,bottom
test2,54497,小球,top
test2,54520,高遠球,bottom
test2,55234,發球,top
test2,55251,小球,bottom
test2,55270,高遠球,top
test2,55297,高遠球,bottom
test2,55322,殺球,top
test2,55340,小球,bottom
test2,55366,高遠球,top
test2,55394,殺球,bottom
test2,55406,小球,top
test2,55427,平快球,bottom
test2,55441,平快球,top
test2,55450,平快球,bottom
test2,56547,發球,bottom
test2,56566,小球,top
test2,56583,小球,bottom
test2,56603,高遠球,top
test2,56628,殺球,bottom
test2,56637,小球,top
test2,56659,小球,bottom
test2,56679,高遠球,top
test2,56714,高遠球,bottom
test2,56743,高遠球,top
test2,56772,高遠球,bottom
test2,56806,切球,top
test2,56828,小球,bottom
test2,56854,小球,top
test2,56877,高遠球,bottom
test2,56930,殺球,top
test2,56942,小球,bottom
test2,56962,小球,top
test2,56982,小球,bottom
test2,57004,小球,top
test2,57030,小球,bottom
test2,58016,發球,bottom
test2,58035,小球,top
test2,58057,小球,bottom
test2,58080,高遠球,top
test2,58108,殺球,bottom
test2,58120,小球,top
test2,58141,小球,bottom
test2,58159,平快球,top
test2,58178,殺球,bottom
test2,59365,發球,bottom
test2,59384,平快球,top
test2,59402,平快球,bottom
test2,59426,殺球,top
test2,59442,小球,bottom
test2,59466,高遠球,top
test2,59498,切球,bottom
test2,59510,小球,top
test2,59531,小球,bottom
test2,59551,小球,top
test2,59577,小球,bottom
test2,59599,小球,top
test2,59618,小球,bottom
test2,59637,撲球,top
test2,61316,發球,top
test2,61333,勾球,bottom
test2,61352,小球,top
test2,65097,發球,bottom
test2,65115,小球,top
test2,65134,平快球,bottom
test2,65400,小球,top
test2,65418,小球,bottom
test2,65440,平快球,top
test2,65467,切球,bottom
test2,65486,小球,top
test2,65507,小球,bottom
test2,65531,高遠球,top
test2,65583,高遠球,bottom
test2,65616,殺球,top
test2,65631,小球,bottom
test2,65659,小球,top
test2,65685,高遠球,bottom
test2,65727,切球,top
test2,65749,高遠球,bottom
test2,65774,殺球,top
test2,65785,小球,bottom
test2,65807,撲球,top
test2,66683,未知球種,
test2,66683,未知球種,
test2,66683,未知球種,
test2,66696,小球,bottom
test2,66717,小球,top
test2,66740,小球,bottom
test2,66761,高遠球,top
test2,66818,殺球,bottom
test2,66829,小球,top
test2,66845,小球,bottom
test2,66867,高遠球,top
test2,66897,切球,bottom
test2,66916,平快球,top
test2,66927,小球,bottom
test2,66945,平快球,top
test2,66963,切球,bottom
test2,66984,平快球,top
test2,67011,切球,bottom
test2,67034,勾球,top
test2,67057,平快球,bottom
test2,67710,發球,bottom
test2,67729,平快球,top
test2,67754,殺球,bottom
test2,67765,小球,top
test2,67783,小球,bottom
test2,67803,小球,top
test2,67822,小球,bottom
test2,67844,高遠球,top
test2,67887,切球,bottom
test2,67908,小球,top
test2,67933,小球,bottom
test2,67956,高遠球,top
test2,67999,切球,bottom
test2,68018,小球,top
test2,68043,小球,bottom
test2,68066,小球,top
test2,68088,高遠球,bottom
test2,68132,殺球,top
test2,68815,未知球種,
test2,68819,平快球,bottom
test2,68852,切球,top
test2,68867,勾球,bottom
test2,68890,高遠球,top
test2,68925,切球,bottom
test2,68944,小球,top
test2,68967,小球,bottom
test2,68989,高遠球,top
test2,69035,殺球,bottom
test2,70266,發球,bottom
test2,70282,小球,top
test2,70304,高遠球,bottom
test2,70337,高遠球,top
test2,70364,殺球,bottom
test2,71416,發球,bottom
test2,71433,平快球,top
test2,71443,平快球,bottom
test2,72442,發球,top
test2,72462,小球,bottom
test2,72828,發球,top
test2,72845,高遠球,bottom
test2,72877,切球,top
test2,72893,小球,bottom
test2,72916,小球,top
test2,72936,高遠球,bottom
test2,72970,切球,top
test2,72989,小球,bottom
test2,73011,平快球,top
test2,73033,殺球,bottom
test2,73047,平快球,top
test2,73063,殺球,bottom
test2,73071,平快球,top
test2,73086,小球,bottom
test2,73106,小球,top
test2,73131,平快球,bottom
test2,73161,高遠球,top
test2,73193,切球,bottom
test2,73215,勾球,top
test2,73242,高遠球,bottom
test2,73285,切球,top
test2,73310,小球,bottom
test2,73334,高遠球,top
test2,73369,切球,bottom
test2,73396,高遠球,top
test2,73422,殺球,bottom
test2,73432,小球,top
test2,73454,高遠球,bottom
test2,73490,高遠球,top
test2,73530,切球,bottom
test2,73550,高遠球,top
test2,73581,切球,bottom
test2,73600,小球,top
test2,73629,高遠球,bottom
test2,73665,高遠球,top
test2,73689,殺球,bottom
test2,74320,發球,top
test2,74934,未知球種,
test2,75411,發球,bottom
test2,75429,小球,top
test2,75453,高遠球,bottom
test2,75489,平快球,top
test2,75503,小球,bottom
test2,75522,平快球,top
test2,75549,高遠球,bottom
test2,75866,高遠球,bottom
test2,75895,殺球,top
test2,75906,小球,bottom
test2,75930,小球,top
test2,75951,高遠球,bottom
test2,75983,高遠球,top
test2,76012,切球,bottom
test2,76029,勾球,top
test2,76051,高遠球,bottom
test2,76083,殺球,top
test2,76587,發球,top
test2,76607,高遠球,bottom
test2,76644,高遠球,top
test2,76672,高遠球,bottom
test2,76707,高遠球,top
test2,76731,切球,bottom
test2,76753,平快球,top
test2,76775,切球,bottom
test2,78632,發球,top
test2,78664,高遠球,bottom
test2,78685,殺球,top
test2,79104,發球,bottom
test2,79135,平快球,top
test2,79154,殺球,bottom
test2,79164,平快球,top
test2,79181,小球,bottom
test2,79204,高遠球,top
test2,79228,殺球,bottom
test2,79587,發球,top
test2,79629,平快球,bottom
test2,79659,切球,top
test2,79684,小球,bottom
test2,79708,高遠球,top
test2,79744,切球,bottom
test2,79766,小球,top
test2,79792,小球,bottom
test2,80154,發球,top
test2,80187,高遠球,bottom
test2,80219,高遠球,top
test2,80246,高遠球,bottom
test2,80281,切球,top
test2,80304,小球,bottom
test2,80330,小球,top
test2,80343,撲球,bottom
test2,80814,發球,bottom
test2,80833,平快球,top
test2,80857,高遠球,bottom
test2,80888,高遠球,top
test2,80914,切球,bottom
test2,80933,平快球,top
test2,80950,殺球,bottom
test2,81560,發球,top
test2,81582,平快球,bottom
test2,81600,高遠球,top
test2,81636,殺球,bottom
test2,81647,小球,top
test2,81672,高遠球,bottom
test2,81709,切球,top
test2,81727,小球,bottom
test2,81751,小球,top
test2,81777,小球,bottom
test2,81799,高遠球,top
test2,81842,高遠球,bottom
test2,81878,切球,top
test2,81898,小球,bottom
test2,81924,小球,top
test2,81948,高遠球,bottom
test2,81990,殺球,top
test2,82001,小球,bottom
test2,82024,平快球,top
test2,82044,高遠球,bottom
test2,82080,切球,top
test2,82096,勾球,bottom
test2,82122,小球,top
test2,82146,高遠球,bottom
test2,82186,高遠球,top
test2,82228,切球,bottom
test2,82248,小球,top
test2,82894,發球,bottom
test2,82927,平快球,top
test2,82952,高遠球,bottom
test2,82987,切球,top
test2,83004,小球,bottom
test2,83026,平快球,top
test2,83043,小球,bottom
test2,83061,高遠球,top
test2,83088,殺球,bottom
test2,83099,小球,top
test2,83124,小球,bottom
test2,83146,小球,top
test2,83164,撲球,bottom
test2,84312,發球,bottom
test2,84352,小球,top
test2,84372,高遠球,bottom
test2,84407,高遠球,top
test2,84441,切球,bottom
test2,84457,小球,top
test2,84479,高遠球,bottom
test2,84511,殺球,top
test2,84526,小球,bottom
test2,84546,撲球,top
test2,85362,發球,top
test2,85428,平快球,top
test2,85450,殺球,bottom
test2,85459,平快球,top
test2,85474,小球,bottom
test2,85491,小球,top
test2,85509,平快球,bottom
test2,85536,高遠球,top
test2,85566,切球,bottom
test2,85585,平快球,top
test2,85596,小球,bottom
test2,85616,平快球,top
test2,86041,發球,top
test2,86061,高遠球,bottom
test2,86094,切球,top
test2,86117,平快球,bottom
test2,86147,切球,top
test2,86168,平快球,bottom
test2,86192,殺球,top
test2,86607,發球,bottom
test2,86628,高遠球,top
test2,86662,高遠球,bottom
test2,86696,切球,top
test2,86716,小球,bottom
test2,86739,高遠球,top
test2,86769,高遠球,bottom
test2,86799,殺球,top
test2,87295,發球,top
test2,87316,高遠球,bottom
test2,87348,切球,top
test2,87365,高遠球,bottom
test2,87391,切球,top
test2,87404,小球,bottom
test2,87718,未知球種,
test2,87718,切球,top
test2,87739,勾球,bottom
test2,87762,小球,top
test2,87786,小球,bottom
test2,87807,高遠球,top
test2,87850,殺球,bottom
test2,87866,平快球,top
test2,87881,小球,bottom
test2,87903,高遠球,top
test2,87933,切球,bottom
test2,87952,勾球,top
test2,87977,平快球,bottom
test2,88012,高遠球,top
test2,88032,切球,bottom
test2,88450,發球,top
test2,88471,高遠球,bottom
test2,88505,切球,top
test2,88519,勾球,bottom
test2,88543,小球,top
test2,88567,高遠球,bottom
test2,88622,殺球,top
test2,89021,發球,bottom
test2,89047,高遠球,top
test2,89077,切球,bottom
test2,89099,小球,top
test2,89122,高遠球,bottom
test2,89156,切球,top
test2,89175,小球,bottom
test2,89200,高遠球,top
test2,89228,切球,bottom
test2,89250,高遠球,top
test2,89280,切球,bottom
test2,89300,平快球,top
test2,89318,高遠球,bottom
test2,89351,殺球,top
test2,89726,發球,top
test2,89747,高遠球,bottom
test2,89783,高遠球,top
test2,89809,高遠球,bottom
test2,89840,平快球,top
test2,89856,勾球,bottom
test2,89878,平快球,top
test2,89901,高遠球,bottom
test2,89935,殺球,top
test2,89949,小球,bottom
test2,89976,高遠球,top
test2,90009,切球,bottom
test2,90033,小球,top
test2,90061,高遠球,bottom
test2,90453,發球,top
test2,90472,高遠球,bottom
test2,90510,高遠球,top
test2,90540,殺球,bottom
test2,91379,發球,bottom
test2,91413,高遠球,top
test2,91445,高遠球,bottom
test2,91477,殺球,top
test2,91489,勾球,bottom
test2,91510,小球,top
test2,91533,高遠球,bottom
test2,91588,殺球,top
test2,91601,小球,bottom
test2,91625,平快球,top
test2,91643,切球,bottom
test2,91661,小球,top
test2,91683,高遠球,bottom
test2,91718,切球,top
test2,91734,小球,bottom
test2,91756,小球,top
test2,91780,高遠球,bottom
test2,91816,撲球,top
test2,92501,發球,bottom
test2,92531,平快球,top
test2,92555,切球,bottom
test2,92579,小球,top
test2,92601,平快球,bottom
test2,92636,切球,top
test2,92654,平快球,bottom
test2,92685,切球,top
test2,93185,發球,bottom
test2,93201,小球,top
test2,93223,高遠球,bottom
test2,96800,發球,bottom
test2,96822,平快球,top
test2,96849,平快球,bottom
test2,96863,勾球,top
test2,96885,平快球,bottom
test2,96916,切球,top
test2,96932,小球,bottom
test2,96951,平快球,top
test2,96979,高遠球,bottom
test2,97007,高遠球,top
test2,97037,高遠球,bottom
test2,97065,切球,top
test2,97083,平快球,bottom
test2,97093,小球,top
test2,97114,平快球,bottom
test2,97138,切球,top
test2,97158,勾球,bottom
test2,97181,小球,top
test2,97203,高遠球,bottom
test2,97247,切球,top
test2,97265,小球,bottom
test2,97289,小球,top
test2,97312,高遠球,bottom
test2,97361,殺球,top
test2,97371,小球,bottom
test2,97393,小球,top
test2,97414,高遠球,bottom
test2,97446,高遠球,top
test2,97472,殺球,bottom
test2,98184,發球,bottom
test2,98219,小球,top
test2,98238,小球,bottom
test2,98258,平快球,top
test2,98285,殺球,bottom
test2,98299,小球,top
test2,98321,小球,bottom
test2,98346,小球,top
test2,98371,小球,bottom
test2,98392,高遠球,top
test2,98446,殺球,bottom
test2,99060,發球,bottom
test2,99086,平快球,top
test2,99113,殺球,bottom
test2,99127,高遠球,top
test2,99156,切球,bottom
test2,99172,小球,top
test2,99196,小球,bottom
test2,99221,高遠球,top
test2,99253,切球,bottom
test2,99274,小球,top
test2,99296,平快球,bottom
test2,99320,殺球,top
test2,99332,小球,bottom
test2,99354,高遠球,top
test2,99385,殺球,bottom
test2,99399,小球,top
test2,99425,平快球,bottom
test2,100716,發球,top
test2,100732,小球,bottom
test2,100753,小球,top
test2,100777,高遠球,bottom
test2,100810,高遠球,top
test2,100843,切球,bottom
test2,100856,小球,top
test2,100879,高遠球,bottom
test2,100910,切球,top
test2,101281,發球,bottom
test2,101301,小球,top
test2,101317,小球,bottom
test2,101337,平快球,top
test2,101369,高遠球,bottom
test2,101400,殺球,top
test2,101993,發球,top
test2,102007,小球,bottom
test2,102027,平快球,top
test2,102049,殺球,bottom
test2,102057,小球,top
test2,102468,發球,bottom
test2,102488,平快球,top
test2,102515,殺球,bottom
test2,102526,小球,top
test2,102550,小球,bottom
test2,102574,高遠球,top
test2,102606,切球,bottom
test2,102621,小球,top
test2,102643,小球,bottom
test2,102668,平快球,top
test2,102691,殺球,bottom
test2,102705,小球,top
test2,102731,平快球,bottom
test2,103285,發球,top
test2,103304,平快球,bottom
test2,103324,殺球,top
test2,103335,平快球,bottom
test2,103355,小球,top
test2,103378,小球,bottom
test2,103402,小球,top
test2,103422,高遠球,bottom
test2,104284,未知球種,
test2,104296,小球,bottom
test2,104699,發球,top
test2,104716,小球,bottom
test2,104734,高遠球,top
test2,104763,高遠球,bottom
test2,104792,切球,top
test2,104808,勾球,bottom
test2,104829,小球,top
test2,104851,高遠球,bottom
test2,104894,切球,top
test2,104910,小球,bottom
test2,104929,小球,top
test2,104947,小球,bottom
test2,104968,平快球,top
test2,104993,殺球,bottom
test2,105648,發球,bottom
test2,105669,小球,top
test2,105689,小球,bottom
test2,105712,高遠球,top
test2,105747,殺球,bottom
test2,105760,小球,top
test2,105784,小球,bottom
test2,106396,發球,top
test2,106413,小球,bottom
test2,106431,小球,top
test2,106454,高遠球,bottom
test2,106488,殺球,top
test2,106499,小球,bottom
test2,106523,小球,top
test2,106543,平快球,bottom
test2,106570,切球,top
test2,106584,平快球,bottom
test2,106598,小球,top
test2,106620,平快球,bottom
test2,106646,殺球,top
test2,106656,小球,bottom
test2,106677,平快球,top
test2,106703,切球,bottom
test2,106723,小球,top
test2,106743,小球,bottom
test2,106764,高遠球,top
test2,106793,殺球,bottom
test2,106809,小球,top
test2,106835,小球,bottom
test2,106860,高遠球,top
test2,106892,殺球,bottom
test2,106903,小球,top
test2,106931,小球,bottom
test2,106954,高遠球,top
test2,106990,殺球,bottom
test2,107005,小球,top
test2,107030,高遠球,bottom
test2,107062,切球,top
test2,107083,小球,bottom
test2,107107,高遠球,top
test2,107147,切球,bottom
test2,107164,小球,top
test2,107191,小球,bottom
test2,107213,高遠球,top
test2,107253,高遠球,bottom
test2,107282,切球,top
test2,107303,小球,bottom
test2,107327,高遠球,top
test2,107366,殺球,bottom
test2,107384,小球,top
test2,109169,發球,bottom
test2,109187,平快球,top
test2,109217,切球,bottom
test2,109234,小球,top
test2,109257,小球,bottom
test2,109279,高遠球,top
test2,109649,發球,bottom
test2,109669,小球,top
test2,109687,小球,bottom
test2,109711,小球,top
test2,109733,高遠球,bottom
test2,111134,發球,top
test2,111150,平快球,bottom
test2,111182,高遠球,top
test2,111211,切球,bottom
test2,111228,小球,top
test2,111251,平快球,bottom
test2,111269,殺球,top
test2,111278,平快球,bottom
test2,111299,撲球,top
test2,112175,發球,bottom
test2,112197,高遠球,top
test2,112229,平快球,bottom
test2,112240,勾球,top
test2,112263,小球,bottom
test2,112287,小球,top
test2,112306,小球,bottom
test2,112329,高遠球,top
test2,112373,殺球,bottom
test2,112385,小球,top
test2,112407,小球,bottom
test2,112423,高遠球,top
test2,112460,高遠球,bottom
test2,112489,殺球,top
test2,112499,小球,bottom
test2,112525,小球,top
test2,112545,小球,bottom
test2,112566,高遠球,top
test2,112599,切球,bottom
test2,112618,小球,top
test2,112640,小球,bottom
test2,112663,高遠球,top
test2,112697,切球,bottom
test2,112720,小球,top
test2,112745,平快球,bottom
test2,112761,高遠球,top
test2,113339,發球,bottom
test2,113357,平快球,top
test2,113387,高遠球,bottom
test2,113414,殺球,top
test2,114057,發球,top
test2,114074,高遠球,bottom
test2,114106,切球,top
test2,114123,勾球,bottom
test2,114150,小球,top
test2,114172,高遠球,bottom
test2,114201,殺球,top
test2,114215,小球,bottom
test2,114239,小球,top
test2,114258,平快球,bottom
test2,114279,殺球,top
test2,114751,發球,bottom
test2,114771,平快球,top
test2,114806,切球,bottom
test2,114819,勾球,top
test2,114841,小球,bottom
test2,114865,小球,top
test2,114892,小球,bottom
test2,114913,平快球,top
test2,114940,切球,bottom
test2,114952,小球,top
test2,114978,小球,bottom
test2,115001,高遠球,top
test2,115033,切球,bottom
test2,115053,勾球,top
test2,115075,小球,bottom
test2,115100,平快球,top
test2,115132,高遠球,bottom
test2,117507,發球,bottom
test2,117526,小球,top
test2,117545,小球,bottom
test2,117569,高遠球,top
test2,117617,切球,bottom
test2,117637,小球,top
test2,117661,小球,bottom
test2,117681,小球,top
test2,117701,高遠球,bottom
test2,117749,切球,top
test2,117770,小球,bottom
test2,117791,勾球,top
test2,117816,高遠球,bottom
test2,117848,殺球,top
test2,117861,小球,bottom
test2,117890,小球,top
test2,117915,平快球,bottom
test2,117949,高遠球,top
test2,117984,切球,bottom
test2,118005,小球,top
test2,118031,小球,bottom
test2,118053,高遠球,top
test2,118090,高遠球,bottom
test2,118129,殺球,top
test2,118932,發球,top
test2,118947,小球,bottom
test2,118967,平快球,top
test2,118988,殺球,bottom
test2,118997,小球,top
test2,119017,平快球,bottom
test2,119036,高遠球,top
test2,119072,殺球,bottom
test2,119083,小球,top
test2,119108,小球,bottom
test2,119131,高遠球,top
test2,119178,切球,bottom
test2,119196,小球,top
test2,119216,小球,bottom
test2,119238,小球,top
test2,119261,高遠球,bottom
test2,119309,殺球,top
test2,119326,小球,bottom
test2,119351,小球,top
test2,119375,小球,bottom
test2,119397,高遠球,top
test2,119447,切球,bottom
test2,119468,小球,top
test2,119495,高遠球,bottom
test2,119533,切球,top
test2,119550,小球,bottom
test2,119570,小球,top
test2,119590,撲球,bottom
test2,119599,高遠球,top
test2,119632,切球,bottom
test2,119653,小球,top
test2,119678,高遠球,bottom
test2,119714,切球,top
test2,119731,小球,bottom
test2,119759,勾球,top
test2,119783,高遠球,bottom
test2,119834,高遠球,top
test2,119873,殺球,bottom
test2,119885,小球,top
test2,119917,高遠球,bottom
test2,119954,切球,top
test2,119972,小球,bottom
test2,119999,小球,top
test2,120023,高遠球,bottom
test2,120055,高遠球,top
test2,120097,切球,bottom
test2,120114,小球,top
test2,120142,高遠球,bottom
test2,121297,發球,top
test2,121319,平快球,bottom
test2,121341,高遠球,top
test2,121379,殺球,bottom
test2,121389,小球,top
test2,121413,小球,bottom
test2,121433,小球,top
test2,121455,高遠球,bottom
test2,121509,殺球,top
test2,121521,小球,bottom
test2,121544,小球,top
test2,121570,高遠球,bottom
test2,122317,發球,top
test2,122334,平快球,bottom
test2,122365,切球,top
test2,122378,勾球,bottom
test2,122400,小球,top
test2,122961,發球,bottom
test2,122979,小球,top
test2,122998,小球,bottom
test2,123021,高遠球,top
test2,123515,發球,bottom
test2,123534,勾球,top
test2,123550,小球,bottom
test2,123570,小球,top
test2,123590,小球,bottom
test2,123614,高遠球,top
test2,123656,殺球,bottom
test2,124459,發球,bottom
test2,124476,小球,top
test2,124495,平快球,bottom
test2,124519,高遠球,top
test2,124556,殺球,bottom
test2,125364,發球,bottom
test2,125380,小球,top
test2,125400,高遠球,bottom
test2,125429,殺球,top
test2,125443,小球,bottom
test2,125467,小球,top
test2,125488,小球,bottom
test2,125511,高遠球,top
test2,125551,殺球,bottom
test2,125561,小球,top
test2,126256,發球,bottom
test2,126274,平快球,top
test2,126298,殺球,bottom
test2,126308,小球,top
test2,126330,撲球,bottom
test2,126341,平快球,top
test2,126360,殺球,bottom
test2,126373,小球,top
test2,126393,平快球,bottom
test2,126413,殺球,top
test2,126422,小球,bottom
test2,127005,發球,top
test2,127026,小球,bottom
test2,127049,小球,top
test2,127070,高遠球,bottom
test2,127102,切球,top
test2,127123,小球,bottom
test2,127146,小球,top
test2,127168,小球,bottom
test2,127190,小球,top
test2,127210,平快球,bottom
test2,127241,切球,top
test2,127258,勾球,bottom
test2,127277,小球,top
test2,127300,高遠球,bottom
test2,128110,發球,bottom
test2,128129,高遠球,top
test2,128704,發球,bottom
test2,128721,小球,top
test2,128739,小球,bottom
test2,128756,勾球,top
test2,128776,高遠球,bottom
test2,128816,殺球,top
test2,128827,小球,bottom
test2,128850,小球,top
test2,128871,小球,bottom
test2,128894,高遠球,top
test2,128930,高遠球,bottom
test2,128962,切球,top
test2,128978,平快球,bottom
test2,128989,撲球,top
test2,129687,發球,bottom
test2,129702,平快球,top
test2,129712,高遠球,bottom
test2,129737,殺球,top
test2,129746,小球,bottom
test2,129771,小球,top
test2,129796,小球,bottom
test2,130384,發球,top
test2,130403,小球,bottom
test2,130419,小球,top
test2,130439,小球,bottom
test2,130459,高遠球,top
test2,130509,殺球,bottom
test2,130521,小球,top
test2,130541,小球,bottom
test2,130559,撲球,top
test2,130568,平快球,bottom
test2,130594,高遠球,top
test2,130632,殺球,bottom
test2,131477,發球,bottom
test2,131494,小球,top
test2,131513,高遠球,bottom
test2,131540,殺球,top
test2,131554,小球,bottom
test2,131573,平快球,top
test3,16875,發球,bottom
test3,16892,小球,top
test3,16912,平快球,bottom
test3,16943,切球,top
test3,16964,小球,bottom
test3,16988,高遠球,top
test3,17021,切球,bottom
test3,17039,勾球,top
test3,17063,高遠球,bottom
test3,17091,高遠球,top
test3,17119,切球,bottom
test3,17488,未知球種,
test3,17500,平快球,bottom
test3,17534,切球,top
test3,17552,小球,bottom
test3,17574,高遠球,top
test3,17611,切球,bottom
test3,17632,小球,top
test3,17654,高遠球,bottom
test3,17681,殺球,top
test3,17698,小球,bottom
test3,17725,高遠球,top
test3,17759,高遠球,bottom
test3,17787,殺球,top
test3,18176,發球,bottom
test3,18197,平快球,top
test3,18225,切球,bottom
test3,18237,平快球,top
test3,18249,小球,bottom
test3,18268,高遠球,top
test3,18300,切球,bottom
test3,18319,小球,top
test3,18342,平快球,bottom
test3,18373,高遠球,top
test3,18399,切球,bottom
test3,19542,未知球種,
test3,19551,高遠球,bottom
test3,19875,發球,top
test3,19894,小球,bottom
test3,19913,小球,top
test3,19932,高遠球,bottom
test3,19968,平快球,top
test3,19982,小球,bottom
test3,20002,小球,top
test3,20024,小球,bottom
test3,20048,高遠球,top
test3,20082,切球,bottom
test3,20101,小球,top
test3,20124,小球,bottom
test3,20146,高遠球,top
test3,20186,切球,bottom
test3,20205,平快球,top
test3,20220,小球,bottom
test3,20240,小球,top
test3,20265,高遠球,bottom
test3,20306,高遠球,top
test3,20335,切球,bottom
test3,20355,小球,top
test3,20381,高遠球,bottom
test3,20418,切球,top
test3,20440,平快球,bottom
test3,20473,高遠球,top
test3,20498,殺球,bottom
test3,20971,發球,top
test3,20993,小球,bottom
test3,21017,高遠球,top
test3,21048,切球,bottom
test3,21067,小球,top
test3,21088,平快球,bottom
test3,21116,高遠球,top
test3,21152,切球,bottom
test3,21169,小球,top
test3,21192,高遠球,bottom
test3,21226,切球,top
test3,21240,平快球,bottom
test3,21251,平快球,top
test3,21262,小球,bottom
test3,21282,小球,top
test3,21311,高遠球,bottom
test3,21348,高遠球,top
test3,21381,切球,bottom
test3,21400,小球,top
test3,21425,高遠球,bottom
test3,21458,高遠球,top
test3,21494,切球,bottom
test3,21516,小球,top
test3,21543,小球,bottom
test3,21565,高遠球,top
test3,21604,高遠球,bottom
test3,21640,切球,top
test3,21665,勾球,bottom
test3,21689,高遠球,top
test3,21731,切球,bottom
test3,21752,小球,top
test3,21776,高遠球,bottom
test3,22282,發球,bottom
test3,22300,平快球,top
test3,22327,殺球,bottom
test3,22341,小球,top
test3,22363,小球,bottom
test3,22385,高遠球,top
test3,22416,切球,bottom
test3,22438,小球,top
test3,22462,高遠球,bottom
test3,22495,高遠球,top
test3,22533,殺球,bottom
test3,22544,高遠球,top
test3,22582,切球,bottom
test3,22593,平快球,top
test3,23259,平快球,top
test3,23289,切球,bottom
test3,23305,小球,top
test3,23327,高遠球,bottom
test3,23359,切球,top
test3,23385,小球,bottom
test3,23405,高遠球,top
test3,23443,殺球,bottom
test3,23451,小球,top
test3,23476,小球,bottom
test3,23565,平快球,top
test3,24477,未知球種,
test3,24482,高遠球,bottom
test3,24514,切球,top
test3,24530,小球,bottom
test3,24552,高遠球,top
test3,24578,殺球,bottom
test3,24591,小球,top
test3,24610,高遠球,bottom
test3,24634,殺球,top
test3,25788,發球,bottom
test3,25803,小球,top
test3,25824,小球,bottom
test3,25846,高遠球,top
test3,25893,殺球,bottom
test3,26439,發球,bottom
test3,26455,勾球,top
test3,26477,小球,bottom
test3,26498,高遠球,top
test3,26535,高遠球,bottom
test3,26563,殺球,top
test3,26572,小球,bottom
test3,26597,小球,top
test3,26621,小球,bottom
test3,26642,高遠球,top
test3,26680,切球,bottom
test3,26695,小球,top
test3,26718,勾球,bottom
test3,26739,平快球,top
test3,26756,切球,bottom
test3,26776,勾球,top
test3,26799,高遠球,bottom
test3,26830,平快球,top
test3,26842,勾球,bottom
test3,26865,高遠球,top
test3,26890,殺球,bottom
test3,26900,小球,top
test3,27402,發球,bottom
test3,27421,平快球,top
test3,27447,平快球,bottom
test3,27459,小球,top
test3,27459,小球,bottom
test3,27497,平快球,top
test3,27510,平快球,bottom
test3,27519,高遠球,top
test3,27549,切球,bottom
test3,27549,小球,top
test3,27588,高遠球,bottom
test3,27619,切球,top
test3,27636,小球,bottom
test3,27662,平快球,top
test3,27681,切球,bottom
test3,27705,小球,top
test3,27730,高遠球,bottom
test3,27767,切球,top
test3,27782,小球,bottom
test3,27802,高遠球,top
test3,27831,切球,bottom
test3,27855,平快球,top
test3,29989,發球,bottom
test3,30005,小球,top
test3,30027,小球,bottom
test3,30366,發球,top
test3,30386,小球,bottom
test3,30405,小球,top
test3,30426,小球,bottom
test3,30449,高遠球,top
test3,30493,切球,bottom
test3,30508,小球,top
test3,30529,小球,bottom
test3,30553,小球,top
test3,30567,小球,bottom
test3,30590,勾球,top
test3,31127,發球,bottom
test3,31636,未知球種,
test3,31655,小球,bottom
test3,31678,小球,top
test3,31702,高遠球,bottom
test3,31734,平快球,top
test3,31746,小球,bottom
test3,31768,小球,top
test3,31791,平快球,bottom
test3,31824,高遠球,top
test3,31851,切球,bottom
test3,31869,勾球,top
test3,31893,高遠球,bottom
test3,31922,殺球,top
test3,32363,發球,top
test3,32383,高遠球,bottom
test3,32416,高遠球,top
test3,32444,殺球,bottom
test3,32455,小球,top
test3,32479,小球,bottom
test3,32496,小球,top
test3,32517,高遠球,bottom
test3,32551,切球,top
test3,32561,小球,bottom
test3,32575,小球,top
test3,32597,高遠球,bottom
test3,32620,殺球,top
test3,33492,發球,bottom
test3,33508,小球,top
test3,33528,高遠球,bottom
test3,33558,殺球,top
test3,33567,小球,bottom
test3,33594,小球,top
test3,33619,高遠球,bottom
test3,33650,切球,top
test3,33671,小球,bottom
test3,33688,勾球,top
test3,33709,平快球,bottom
test3,33731,高遠球,top
test3,35684,發球,bottom
test3,35700,小球,top
test3,35718,小球,bottom
test3,35739,高遠球,top
test3,35776,殺球,bottom
test3,35785,勾球,top
test3,35811,平快球,bottom
test3,35843,切球,top
test3,35868,平快球,bottom
test3,35887,殺球,top
test3,35894,高遠球,bottom
test3,35914,殺球,top
test3,35925,小球,bottom
test3,35941,撲球,top
test3,35950,平快球,bottom
test3,35964,切球,top
test3,35985,高遠球,bottom
test3,36018,殺球,top
test3,36032,小球,bottom
test3,36058,高遠球,top
test3,36087,高遠球,bottom
test3,36119,高遠球,top
test3,36152,切球,bottom
test3,36172,小球,top
test3,36193,小球,bottom
test3,36211,小球,top
test3,36235,高遠球,bottom
test3,36271,切球,top
test3,36297,高遠球,bottom
test3,36331,殺球,top
test3,36345,小球,bottom
test3,36371,勾球,top
test3,36393,高遠球,bottom
test3,36424,高遠球,top
test3,36446,殺球,bottom
test3,37289,未知球種,
test3,37296,平快球,top
test3,37782,發球,bottom
test3,37799,小球,top
test3,37819,高遠球,bottom
test3,37850,高遠球,top
test3,37881,殺球,bottom
test3,37892,平快球,top
test3,37915,小球,bottom
test3,37931,撲球,top
test3,37941,平快球,bottom
test3,38583,發球,bottom
test3,38598,平快球,top
test3,38628,平快球,bottom
test3,38640,小球,top
test3,38657,小球,bottom
test3,38680,高遠球,top
test3,38706,殺球,bottom
test3,39122,發球,top
test3,39143,小球,bottom
test3,39164,小球,top
test3,39185,高遠球,bottom
test3,39217,殺球,top
test3,39227,小球,bottom
test3,39250,小球,top
test3,39266,平快球,bottom
test3,39290,殺球,top
test3,39303,小球,bottom
test3,39327,平快球,top
test3,39351,切球,bottom
test3,39360,小球,top
test3,39863,發球,bottom
test3,39881,小球,top
test3,39904,小球,bottom
test3,40287,未知球種,
test3,40305,小球,bottom
test3,40327,小球,top
test3,40350,高遠球,bottom
test3,40388,殺球,top
test3,40398,勾球,bottom
test3,40422,小球,top
test3,41915,未知球種,
test3,41918,高遠球,bottom
test3,41939,殺球,top
test3,41949,平快球,bottom
test3,41970,高遠球,top
test3,42008,殺球,bottom
test3,42017,小球,top
test3,42520,發球,bottom
test3,42539,平快球,top
test3,42565,切球,bottom
test3,42587,高遠球,top
test3,42619,切球,bottom
test3,42639,高遠球,top
test3,42667,高遠球,bottom
test3,42699,切球,top
test3,42716,小球,bottom
test3,42739,高遠球,top
test3,42775,切球,bottom
test3,42793,小球,top
test3,42827,高遠球,bottom
test3,42875,切球,top
test3,42894,撲球,bottom
test3,43545,未知球種,
test3,43550,小球,top
test3,43567,高遠球,bottom
test3,43592,殺球,top
test3,43607,小球,bottom
test3,43633,小球,top
test3,43661,高遠球,bottom
test3,43696,高遠球,top
test3,43727,高遠球,bottom
test3,43762,切球,top
test3,43781,平快球,bottom
test3,43805,殺球,top
test3,43815,小球,bottom
test3,43840,平快球,top
test3,43866,平快球,bottom
test3,43878,勾球,top
test3,43902,高遠球,bottom
test3,43932,殺球,top
test3,43950,小球,bottom
test3,43976,勾球,top
test3,44002,小球,bottom
test3,44024,高遠球,top
test3,44069,殺球,bottom
test3,44826,未知球種,
test3,44837,平快球,top
test3,44864,高遠球,bottom
test3,44890,殺球,top
test3,45239,發球,bottom
test3,45258,平快球,top
test3,45282,殺球,bottom
test3,45293,小球,top
test3,45316,小球,bottom
test3,45339,高遠球,top
test3,45378,切球,bottom
test3,45398,小球,top
test3,45424,高遠球,bottom
test3,45463,高遠球,top
test3,45945,發球,top
test3,45973,切球,bottom
test3,45991,勾球,top
test3,46013,高遠球,bottom
test3,46046,高遠球,top
test3,46071,高遠球,bottom
test3,46100,高遠球,top
test3,46131,切球,bottom
test3,46146,平快球,top
test3,46160,高遠球,bottom
test3,46185,高遠球,top
test3,46233,高遠球,bottom
test3,46266,高遠球,top
test3,46308,殺球,bottom
test3,49796,發球,top
test3,49813,高遠球,bottom
test3,49846,高遠球,top
test3,49886,殺球,bottom
test3,50198,發球,bottom
test3,50215,小球,top
test3,50234,小球,bottom
test3,50256,小球,top
test3,50280,小球,bottom
test3,50962,未知球種,
test3,50980,平快球,bottom
test3,51008,切球,top
test3,51025,撲球,bottom
test3,51037,平快球,top
test3,51051,小球,bottom
test3,51069,小球,top
test3,51089,小球,bottom
test3,51109,高遠球,top
test3,51141,高遠球,bottom
test3,51161,切球,top
test3,51541,發球,bottom
test3,51561,平快球,top
test3,51591,切球,bottom
test3,51607,勾球,top
test3,51629,平快球,bottom
test3,51661,切球,top
test3,51678,小球,bottom
test3,51698,小球,top
test3,51716,小球,bottom
test3,51737,高遠球,top
test3,51783,殺球,bottom
test3,52346,發球,top
test3,52362,小球,bottom
test3,52381,小球,top
test3,52401,勾球,bottom
test3,52421,高遠球,top
test3,52453,切球,bottom
test3,52466,小球,top
test3,52488,高遠球,bottom
test3,52520,切球,top
test3,52540,小球,bottom
test3,52565,小球,top
test3,52941,發球,bottom
test3,52952,小球,top
test3,52975,小球,bottom
test3,52999,高遠球,top
test3,53031,殺球,bottom
test3,53044,小球,top
test3,53060,小球,bottom
test3,53082,平快球,top
test3,53109,殺球,bottom
test3,53120,小球,top
test3,53617,發球,bottom
test3,53637,小球,top
test3,53659,小球,bottom
test3,53680,高遠球,top
test3,54628,發球,bottom
test3,54647,平快球,top
test3,54673,高遠球,bottom
test3,54707,殺球,top
test3,54720,小球,bottom
test3,54747,小球,top
test3,54767,小球,bottom
test3,54788,高遠球,top
test3,54816,殺球,bottom
test3,54828,勾球,top
test3,54848,勾球,bottom
test3,56040,發球,bottom
test3,56058,平快球,top
test3,56089,切球,bottom
test3,56102,勾球,top
test3,56124,高遠球,bottom
test3,56155,切球,top
test3,56172,小球,bottom
test3,56189,高遠球,top
test3,56216,高遠球,bottom
test3,56233,殺球,top
test3,56248,勾球,bottom
test3,56270,小球,top
test3,56294,高遠球,bottom
test3,56328,切球,top
test3,56349,小球,bottom
test3,56376,高遠球,top
test3,56412,切球,bottom
test3,56433,小球,top
test3,56457,高遠球,bottom
test3,56487,切球,top
test3,56510,小球,bottom
test3,56537,高遠球,top
test3,56579,高遠球,bottom
test3,57161,發球,top
test3,57182,小球,bottom
test3,57204,平快球,top
test3,57235,切球,bottom
test3,57255,平快球,top
test3,57280,高遠球,bottom
test3,57324,殺球,top
test3,57333,小球,bottom
test3,57353,小球,top
test3,57374,小球,bottom
test3,57394,高遠球,top
test3,57429,切球,bottom
test3,57451,小球,top
test3,57471,高遠球,bottom
test3,57504,高遠球,top
test3,57538,殺球,bottom
test3,57552,小球,top
test3,57580,平快球,bottom
test3,57611,切球,top
test3,57629,勾球,bottom
test3,57654,高遠球,top
test3,57688,高遠球,bottom
test3,57722,切球,top
test3,57742,小球,bottom
test3,57768,高遠球,top
test3,58508,未知球種,
test3,58523,平快球,top
test3,58553,切球,bottom
test3,58570,勾球,top
test3,58594,小球,bottom
test3,59042,未知球種,
test3,59047,高遠球,bottom
test3,59074,殺球,top
test3,59085,小球,bottom
test3,59106,平快球,top
test3,59125,殺球,bottom
test3,59556,未知球種,
test3,59556,高遠球,top
test3,59612,切球,bottom
test3,59626,高遠球,top
test3,59651,殺球,bottom
test3,59663,小球,top
test3,59680,平快球,bottom
test3,59692,小球,top
test3,60185,發球,bottom
test3,60205,平快球,top
test3,60224,殺球,bottom
test3,60634,發球,top
test3,60652,小球,bottom
test3,60673,高遠球,top
test3,60713,殺球,bottom
test3,60726,小球,top
test3,60752,平快球,bottom
test3,60783,切球,top
test3,60804,小球,bottom
test3,60823,平快球,top
test3,60847,高遠球,bottom
test3,62020,未知球種,
test3,62026,小球,bottom
test3,62045,小球,top
test3,62064,小球,bottom
test3,62087,高遠球,top
test3,63996,發球,bottom
test3,64014,高遠球,top
test3,64048,高遠球,bottom
test3,64077,切球,top
test3,64094,小球,bottom
test3,64116,平快球,top
test3,64139,殺球,bottom
test3,64152,小球,top
test3,64171,勾球,bottom
test3,64192,高遠球,top
test3,64224,切球,bottom
test3,64243,小球,top
test3,64266,高遠球,bottom
test3,64294,切球,top
test3,64718,發球,bottom
test3,64736,平快球,top
test3,64768,切球,bottom
test3,64791,平快球,top
test3,64820,高遠球,bottom
test3,64837,切球,top
test3,64856,勾球,bottom
test3,64877,高遠球,top
test3,64915,高遠球,bottom
test3,64939,切球,top
test3,64958,小球,bottom
test3,64985,高遠球,top
test3,65399,發球,bottom
test3,65419,平快球,top
test3,65452,切球,bottom
test3,65467,勾球,top
test3,65773,發球,bottom
test3,65794,平快球,top
test3,65826,殺球,bottom
test3,65837,小球,top
test3,66174,未知球種,
test3,66190,高遠球,top
test3,66225,高遠球,bottom
test3,66252,高遠球,top
test3,66284,高遠球,bottom
test3,66307,殺球,top
test3,66323,小球,bottom
test3,66342,小球,top
test3,66366,小球,bottom
test3,66391,平快球,top
test3,66424,高遠球,bottom
test3,66456,切球,top
test3,66479,小球,bottom
test3,66918,未知球種,
test3,66928,高遠球,bottom
test3,66959,高遠球,top
test3,66988,切球,bottom
test3,67008,小球,top
test3,67031,平快球,bottom
test3,67063,切球,top
test3,67084,小球,bottom
test3,67110,小球,top
test3,67132,高遠球,bottom
test3,67176,高遠球,top
test3,67209,高遠球,bottom
test3,67241,切球,top
test3,67261,小球,bottom
test3,67287,高遠球,top
test3,67322,高遠球,bottom
test3,67351,殺球,top
test3,67365,小球,bottom
test3,67813,未知球種,
test3,67827,高遠球,bottom
test3,67857,高遠球,top
test3,67887,高遠球,bottom
test3,67898,小球,top
test3,67920,小球,bottom
test3,67944,高遠球,top
test3,67977,高遠球,bottom
test3,68007,殺球,top
test3,68019,小球,bottom
test3,68040,小球,top
test3,68463,發球,bottom
test3,68482,平快球,top
test3,68517,切球,bottom
test3,68534,平快球,top
test3,68560,高遠球,bottom
test3,68605,殺球,top
test3,68617,小球,bottom
test3,68637,平快球,top
test3,68670,高遠球,bottom
test3,68695,高遠球,top
test3,68731,切球,bottom
test3,68752,勾球,top
test3,68777,勾球,bottom
test3,68806,高遠球,top
test3,68841,高遠球,bottom
test3,68872,高遠球,top
test3,68908,切球,bottom
test3,68930,高遠球,top
test3,68960,高遠球,bottom
test3,68978,高遠球,top
test3,69013,殺球,bottom
test3,69518,發球,bottom
test3,69534,平快球,top
test3,69838,發球,bottom
test3,69859,平快球,top
test3,69886,高遠球,bottom
test3,69914,高遠球,top
test3,69949,高遠球,bottom
test3,69965,殺球,top
test3,70507,未知球種,
test3,70524,高遠球,bottom
test3,70550,殺球,top
test3,70861,未知球種,
test3,71365,發球,bottom
test3,71384,高遠球,top
test3,71418,高遠球,bottom
test3,71444,切球,top
test3,71467,小球,bottom
test3,71494,高遠球,top
test3,71536,切球,bottom
test3,71550,勾球,top
test3,71574,高遠球,bottom
test3,71611,高遠球,top
test3,71648,殺球,bottom
test3,71661,小球,top
test3,71688,小球,bottom
test3,72179,發球,top
test3,72195,高遠球,bottom
test3,72227,高遠球,top
test3,72261,高遠球,bottom
test3,72279,高遠球,top
test3,72312,切球,bottom
test3,72335,小球,top
test3,72361,勾球,bottom
test3,72391,高遠球,top
test3,72418,高遠球,bottom
test3,72428,小球,top
test3,72453,平快球,bottom
test3,72484,切球,top
test3,72505,小球,bottom
test3,72532,高遠球,top
test3,72566,高遠球,bottom
test3,72587,殺球,top
test3,72600,小球,bottom
test3,72623,高遠球,top
test3,72656,高遠球,bottom
test3,72685,高遠球,top
test3,72717,殺球,bottom
test3,72726,勾球,top
test3,72754,小球,bottom
test3,72780,高遠球,top
test3,73473,未知球種,
test3,73485,小球,bottom
test3,73506,高遠球,top
test3,73552,切球,bottom
test3,73577,高遠球,top
test3,73608,切球,bottom
test3,73633,高遠球,top
test3,73664,切球,bottom
test3,73688,平快球,top
test3,73723,高遠球,bottom
test3,73756,殺球,top
test3,73770,小球,bottom
test3,73798,高遠球,top
test3,73833,殺球,bottom
test3,73847,小球,top
test3,77307,發球,top
test3,77325,高遠球,bottom
test3,77355,切球,top
test3,77369,勾球,bottom
test3,77392,小球,top
test3,77415,小球,bottom
test3,77437,高遠球,top
test3,77496,切球,bottom
test3,77512,小球,top
test3,77534,高遠球,bottom
test3,77565,殺球,top
test3,77973,發球,top
test3,77993,小球,bottom
test3,78016,平快球,top
test3,78045,殺球,bottom
test3,78063,小球,top
test3,78083,小球,bottom
test3,78105,小球,top
test3,78127,高遠球,bottom
test3,78161,殺球,top
test3,78171,小球,bottom
test3,78194,小球,top
test3,78219,平快球,bottom
test3,78248,切球,top
test3,78267,小球,bottom
test3,78291,小球,top
test3,78313,高遠球,bottom
test3,78356,切球,top
test3,78383,小球,bottom
test3,78407,小球,top
test3,78996,發球,bottom
test3,79013,小球,top
test3,79034,平快球,bottom
test3,79066,平快球,top
test3,79079,平快球,bottom
test3,79088,平快球,top
test3,79100,小球,bottom
test3,79119,小球,top
test3,79143,平快球,bottom
test3,79168,高遠球,top
test3,79188,殺球,bottom
test3,79200,小球,top
test3,79221,平快球,bottom
test3,79252,高遠球,top
test3,79281,切球,bottom
test3,79301,平快球,top
test3,79318,殺球,bottom
test3,79327,平快球,top
test3,79348,小球,bottom
test3,79372,小球,top
test3,79398,高遠球,bottom
test3,79433,高遠球,top
test3,79470,高遠球,bottom
test3,80285,發球,top
test3,80303,高遠球,bottom
test3,80329,殺球,top
test3,80339,勾球,bottom
test3,80362,小球,top
test3,80380,小球,bottom
test3,80401,高遠球,top
test3,80435,切球,bottom
test3,80456,小球,top
test3,80479,平快球,bottom
test3,80513,切球,top
test3,80528,撲球,bottom
test3,81054,發球,bottom
test3,81070,小球,top
test3,81090,小球,bottom
test3,81112,高遠球,top
test3,81147,平快球,bottom
test3,81158,小球,top
test3,81179,小球,bottom
test3,81201,平快球,top
test3,81235,切球,bottom
test3,81818,發球,top
test3,81841,高遠球,bottom
test3,81866,殺球,top
test3,81876,小球,bottom
test3,81901,小球,top
test3,81923,高遠球,bottom
test3,81954,切球,top
test3,81970,小球,bottom
test3,81991,高遠球,top
test3,82021,切球,bottom
test3,82042,平快球,top
test3,82059,平快球,bottom
test3,82068,平快球,top
test3,82081,平快球,bottom
test3,82091,平快球,top
test3,82105,平快球,bottom
test3,82136,切球,top
test3,82155,平快球,bottom
test3,82178,高遠球,top
test3,82226,殺球,bottom
test3,82236,小球,top
test3,82260,高遠球,bottom
test3,82293,殺球,top
test3,82308,小球,bottom
test3,82332,平快球,top
test3,82355,殺球,bottom
test3,82365,高遠球,top
test3,82401,切球,bottom
test3,82419,高遠球,top
test3,82451,高遠球,bottom
test3,82481,切球,top
test3,82499,小球,bottom
test3,82526,高遠球,top
test3,82560,高遠球,bottom
test3,82594,殺球,top
test3,82604,勾球,bottom
test3,82634,小球,top
test3,82658,高遠球,bottom
test3,82693,切球,top
test3,82713,小球,bottom
test3,82739,高遠球,top
test3,82773,殺球,bottom
test3,82781,小球,top
test3,84442,發球,top
test3,84460,小球,bottom
test3,84476,小球,top
test3,84495,平快球,bottom
test3,84524,高遠球,top
test3,84543,小球,bottom
test3,84564,高遠球,top
test3,84593,殺球,bottom
test3,84603,小球,top
test3,84627,小球,bottom
test3,84647,高遠球,top
test3,84677,切球,bottom
test3,84696,小球,top
test3,84719,小球,bottom
test3,84741,平快球,top
test3,84766,切球,bottom
test3,84787,小球,top
test3,85430,發球,bottom
test3,85443,小球,top
test3,85462,小球,bottom
test3,85484,高遠球,top
test3,85524,切球,bottom
test3,85540,小球,top
test3,85561,高遠球,bottom
test3,85596,高遠球,top
test3,85613,小球,bottom
test3,85634,小球,top
test3,85660,小球,bottom
test3,85681,高遠球,top
test3,85721,高遠球,bottom
test3,85736,切球,top
test3,85759,小球,bottom
test3,85784,高遠球,top
test3,87564,發球,bottom
test3,87581,平快球,top
test3,87608,殺球,bottom
test3,87618,小球,top
test3,87638,平快球,bottom
test3,87648,平快球,top
test3,87659,小球,bottom
test3,87678,小球,top
test3,87700,小球,bottom
test3,87722,高遠球,top
test3,87774,殺球,bottom
test3,87788,小球,top
test3,87811,小球,bottom
test3,87830,平快球,top
test3,87862,切球,bottom
test3,87878,小球,top
test3,87902,高遠球,bottom
test3,87933,高遠球,top
test3,87963,切球,bottom
test3,87984,小球,top
test3,88010,高遠球,bottom
test3,88043,切球,top
test3,88062,小球,bottom
test3,88088,小球,top
test3,88112,高遠球,bottom
test3,88152,切球,top
test3,88173,勾球,bottom
test3,88195,小球,top
test3,89022,未知球種,
test3,89035,平快球,top
test3,89062,高遠球,bottom
test3,89096,切球,top
test3,89121,小球,bottom
test3,89144,平快球,top
test3,89171,高遠球,bottom
test3,89194,殺球,top
test3,89872,發球,top
test3,89889,小球,bottom
test3,89911,高遠球,top
test3,89939,殺球,bottom
test3,89951,小球,top
test3,89978,平快球,bottom
test3,90004,殺球,top
test3,91241,未知球種,
test3,91251,平快球,bottom
test3,91282,切球,top
test3,91305,高遠球,bottom
test3,91328,殺球,top
test3,91336,小球,bottom
test3,91360,小球,top
test3,91380,小球,bottom
test3,92038,發球,bottom
test3,92055,平快球,top
test3,92070,殺球,bottom
test3,92079,小球,top
test3,92101,小球,bottom
test3,92123,高遠球,top
test3,92160,切球,bottom
test3,92175,小球,top
test3,92195,小球,bottom
test3,92216,高遠球,top
test3,92254,殺球,bottom
test3,92265,小球,top
test3,92288,勾球,bottom
test3,92309,高遠球,top
test3,92343,切球,bottom
test3,92363,小球,top
test3,92386,高遠球,bottom
test3,92417,切球,top
test3,92433,小球,bottom
test3,92457,高遠球,top
test3,93344,發球,bottom
test3,93363,小球,top
test3,93385,平快球,bottom
test3,93412,切球,top
test3,93429,小球,bottom
test3,93447,平快球,top
test3,93477,切球,bottom
test3,93494,小球,top
test3,93516,小球,bottom
test3,93538,小球,top
test3,93562,高遠球,bottom
test3,93604,殺球,top
test3,93614,小球,bottom
test3,93637,小球,top
test3,93656,小球,bottom
test3,93674,平快球,top
test3,93699,平快球,bottom
test3,94268,發球,top
test3,94289,小球,bottom
test3,94310,小球,top
test3,94331,高遠球,bottom
test3,94365,殺球,top
test3,94378,勾球,bottom
test3,94401,小球,top
test3,95001,發球,bottom
test3,95021,高遠球,top
test3,95054,殺球,bottom
test3,95065,小球,top
test3,95089,小球,bottom
test3,95109,平快球,top
test3,95131,殺球,bottom
test3,95140,勾球,top
test3,95161,小球,bottom
test3,95180,小球,top
test3,95202,高遠球,bottom
test3,95242,高遠球,top
test3,95278,殺球,bottom
test3,95289,小球,top
test3,95317,小球,bottom
test3,95337,小球,top
test3,95360,高遠球,bottom
test3,95405,高遠球,top
test3,96128,發球,bottom
test3,96144,小球,top
test3,96165,高遠球,bottom
test3,96195,殺球,top
test3,96205,小球,bottom
test3,96233,小球,top
test3,96260,高遠球,bottom
test3,96292,高遠球,top
test3,96326,切球,bottom
test3,96343,勾球,top
test3,98659,發球,top
test3,98674,小球,bottom
test3,98695,平快球,top
test3,99181,發球,bottom
test3,99199,平快球,top
test3,99228,切球,bottom
test3,99243,平快球,top
test3,99269,殺球,bottom
test3,99279,小球,top
test3,99300,平快球,bottom
test3,99314,平快球,top
test3,99324,小球,bottom
test3,99343,小球,top
test3,99370,小球,bottom
test3,99396,高遠球,top
test3,99431,切球,bottom
test3,99452,高遠球,top
test3,99481,切球,bottom
test3,101035,發球,top
test3,101050,小球,bottom
test3,101071,小球,top
test3,101094,高遠球,bottom
test3,101151,殺球,top
test3,101161,小球,bottom
test3,101183,小球,top
test3,101202,平快球,bottom
test3,101222,殺球,top
test3,101232,小球,bottom
test3,101837,發球,top
test3,101854,平快球,bottom
test3,101882,殺球,top
test3,101896,小球,bottom
test3,101913,小球,top
test3,101931,小球,bottom
test3,101954,小球,top
test3,101966,撲球,bottom
test3,101976,高遠球,top
test3,102013,切球,bottom
test3,103432,發球,top
test3,103449,小球,bottom
test3,103469,高遠球,top
test3,103503,高遠球,bottom
test3,103519,小球,top
test3,103539,平快球,bottom
test3,103569,切球,top
test3,103591,小球,bottom
test3,103619,高遠球,top
test3,103661,切球,bottom
test3,103683,小球,top
test3,103708,小球,bottom
test3,103733,平快球,top
test3,104533,未知球種,
test3,104538,小球,top
test3,104556,小球,bottom
test3,104576,高遠球,top
test3,104608,殺球,bottom
test3,105137,發球,bottom
test3,105152,發球,bottom
test3,105170,平快球,top
test3,105202,切球,bottom
test3,105219,小球,top
test3,105239,小球,bottom
test3,105263,高遠球,top
test3,105302,殺球,bottom
test3,105311,小球,top
test3,105337,小球,bottom
test3,105360,小球,top
test3,105376,小球,bottom
test3,105395,高遠球,top
test3,106346,發球,bottom
test3,106367,小球,top
test3,106387,小球,bottom
test3,106406,高遠球,top
test3,106435,殺球,bottom
test3,106445,小球,top
test3,106467,小球,bottom
test3,106484,平快球,top
test3,106516,切球,bottom
test3,106538,高遠球,top
test3,106565,殺球,bottom
test3,106576,小球,top
test3,106599,平快球,bottom
test3,106610,小球,top
test3,106631,小球,bottom
test3,106656,高遠球,top
test3,106685,高遠球,bottom
test3,106716,切球,top
test3,106736,小球,bottom
test3,106758,高遠球,top
test3,106798,殺球,bottom
test3,106810,勾球,top
test3,106835,高遠球,bottom
test3,106865,切球,top
test3,106886,勾球,bottom
test3,106912,小球,top
test3,106935,高遠球,bottom
test3,107010,殺球,bottom
test3,107020,小球,top
test3,108098,發球,top
test3,108115,小球,bottom
test3,108136,高遠球,top
test3,108174,殺球,bottom
test3,108189,小球,top
test3,108215,小球,bottom
test3,108237,高遠球,top
test3,108287,切球,bottom
test3,108311,小球,top
test3,108336,小球,bottom
test3,109056,發球,top
test3,109076,平快球,bottom
test3,109099,殺球,top
test3,110963,未知球種,
test3,110971,高遠球,top
test3,111003,高遠球,bottom
test3,111028,切球,top
test3,111050,小球,bottom
test3,111074,高遠球,top
test3,111106,高遠球,bottom
test3,111129,殺球,top
test3,111782,未知球種,
test3,111798,平快球,bottom
test3,111823,高遠球,top
test3,111855,高遠球,bottom
test3,111885,高遠球,top
test3,112533,發球,bottom
test3,112553,平快球,top
test3,112583,高遠球,bottom
test3,112606,切球,top
test3,112626,小球,bottom
test3,112647,平快球,top
test3,112675,高遠球,bottom
test3,112697,殺球,top
test3,112708,小球,bottom
test3,113362,發球,top
test3,113378,小球,bottom
test3,113398,高遠球,top
test3,113426,殺球,bottom
test3,113436,小球,top
test3,113462,小球,bottom
test3,113484,小球,top
test3,113505,小球,bottom
test3,113527,高遠球,top
test3,113565,殺球,bottom
test3,114108,發球,bottom
test3,114128,平快球,top
test3,114155,高遠球,bottom
test3,114182,殺球,top
test3,114192,小球,bottom
test3,114954,發球,top
test3,114971,小球,bottom
test3,114992,高遠球,top
test3,115023,切球,bottom
test3,115039,小球,top
test3,115058,勾球,bottom
test3,115079,高遠球,top
test3,115112,平快球,bottom
test3,115125,小球,top
test3,115139,小球,bottom
test3,115161,高遠球,top
test3,115193,高遠球,bottom
test3,115218,切球,top
test3,115231,撲球,bottom
test3,115890,發球,bottom
test3,115907,平快球,top
test3,115937,高遠球,bottom
test3,115961,切球,top
test3,115979,小球,bottom
test3,116003,平快球,top
test3,116039,切球,bottom
test3,116061,小球,top
test3,116084,高遠球,bottom
test3,116120,高遠球,top
test3,116148,高遠球,bottom
test3,116183,切球,top
test3,116201,小球,bottom
test3,116224,高遠球,top
test3,116255,切球,bottom
test3,116276,小球,top
test3,116299,高遠球,bottom
test3,116333,高遠球,top
test3,116368,殺球,bottom
test3,116384,小球,top
test3,116412,小球,bottom
test4,13203,未知球種,
test4,13211,高遠球,bottom
test4,13240,切球,top
test4,13253,勾球,bottom
test4,13277,平快球,top
test4,13306,高遠球,bottom
test4,13333,切球,top
test4,13351,小球,bottom
test4,13378,高遠球,top
test4,13426,切球,bottom
test4,13451,高遠球,top
test4,13482,高遠球,bottom
test4,13501,切球,top
test4,13521,勾球,bottom
test4,13546,小球,top
test4,13570,小球,bottom
test4,13594,高遠球,top
test4,13646,殺球,bottom
test4,13655,小球,top
test4,13677,撲球,bottom
test4,14310,發球,bottom
test4,14331,平快球,top
test4,14359,高遠球,bottom
test4,14390,切球,top
test4,14408,小球,bottom
test4,14435,高遠球,top
test4,14471,高遠球,bottom
test4,14490,殺球,top
test4,14504,小球,bottom
test4,14527,勾球,top
test4,14549,平快球,bottom
test4,14579,切球,top
test4,14604,小球,bottom
test4,14631,小球,top
test4,14653,小球,bottom
test4,14675,高遠球,top
test4,14726,殺球,bottom
test4,15479,發球,bottom
test4,15500,小球,top
test4,15523,小球,bottom
test4,15862,發球,top
test4,15878,小球,bottom
test4,15897,高遠球,top
test4,15930,切球,bottom
test4,15950,小球,top
test4,15974,平快球,bottom
test4,15997,殺球,top
test4,16009,小球,bottom
test4,16032,小球,top
test4,16055,高遠球,bottom
test4,16084,切球,top
test4,16102,平快球,bottom
test4,16129,切球,top
test4,16146,平快球,bottom
test4,16170,殺球,top
test4,16181,小球,bottom
test4,16203,平快球,top
test4,16231,切球,bottom
test4,16254,小球,top
test4,16280,高遠球,bottom
test4,16309,高遠球,top
test4,16335,高遠球,bottom
test4,16369,高遠球,top
test4,16402,切球,bottom
test4,16426,勾球,top
test4,16449,小球,bottom
test4,16471,高遠球,top
test4,16505,高遠球,bottom
test4,16526,殺球,top
test4,16536,小球,bottom
test4,17057,發球,top
test4,17088,高遠球,bottom
test4,17120,殺球,top
test4,17133,小球,bottom
test4,17605,發球,top
test4,17623,高遠球,bottom
test4,17652,高遠球,top
test4,17679,切球,bottom
test4,17693,小球,top
test4,17720,平快球,bottom
test4,17737,殺球,top
test4,17747,平快球,bottom
test4,17766,平快球,top
test4,17775,平快球,bottom
test4,17787,平快球,top
test4,17797,平快球,bottom
test4,17823,切球,top
test4,17847,小球,bottom
test4,17872,小球,top
test4,17896,高遠球,bottom
test4,18611,發球,top
test4,18629,勾球,bottom
test4,18651,高遠球,top
test4,18988,發球,bottom
test4,19009,小球,top
test4,19030,小球,bottom
test4,19053,高遠球,top
test4,19101,殺球,bottom
test4,19117,平快球,top
test4,19136,小球,bottom
test4,19157,高遠球,top
test4,19187,高遠球,bottom
test4,19215,切球,top
test4,19231,平快球,bottom
test4,19251,切球,top
test4,19855,發球,top
test4,19871,小球,bottom
test4,19891,小球,top
test4,19910,小球,bottom
test4,19932,高遠球,top
test4,19973,高遠球,bottom
test4,19998,殺球,top
test4,20409,發球,top
test4,20427,平快球,bottom
test4,20452,高遠球,top
test4,20480,平快球,bottom
test4,20496,小球,top
test4,20518,平快球,bottom
test4,20546,切球,top
test4,20565,小球,bottom
test4,20588,勾球,top
test4,20608,小球,bottom
test4,20632,平快球,top
test4,21069,切球,top
test4,21086,殺球,top
test4,21100,勾球,bottom
test4,21124,小球,top
test4,21147,小球,bottom
test4,21167,高遠球,top
test4,21198,殺球,bottom
test4,21213,小球,top
test4,21241,平快球,bottom
test4,21272,高遠球,top
test4,21304,高遠球,bottom
test4,21336,殺球,top
test4,21854,發球,top
test4,21876,平快球,bottom
test4,21899,殺球,top
test4,21912,小球,bottom
test4,21930,勾球,top
test4,21953,平快球,bottom
test4,21983,高遠球,top
test4,22009,高遠球,bottom
test4,22034,殺球,top
test4,22047,小球,bottom
test4,22073,平快球,top
test4,22084,平快球,bottom
test4,22098,小球,top
test4,22117,平快球,bottom
test4,22147,切球,top
test4,22170,小球,bottom
test4,22196,平快球,top
test4,22224,高遠球,bottom
test4,22248,高遠球,top
test4,22281,殺球,bottom
test4,22295,小球,top
test4,22322,勾球,bottom
test4,22348,小球,top
test4,22372,小球,bottom
test4,22928,發球,top
test4,22944,勾球,bottom
test4,22966,高遠球,top
test4,23002,高遠球,bottom
test4,23025,殺球,top
test4,23037,小球,bottom
test4,23060,小球,top
test4,23080,平快球,bottom
test4,23107,切球,top
test4,23124,平快球,bottom
test4,23149,高遠球,top
test4,23914,發球,top
test4,23932,平快球,bottom
test4,23957,切球,top
test4,23967,平快球,bottom
test4,23981,平快球,top
test4,23995,平快球,bottom
test4,24013,殺球,top
test4,24022,平快球,bottom
test4,24436,發球,bottom
test4,24454,小球,top
test4,24474,平快球,bottom
test4,24504,高遠球,top
test4,24526,殺球,bottom
test4,24537,小球,top
test4,24567,高遠球,bottom
test4,24595,殺球,top
test4,26539,發球,top
test4,26563,高遠球,bottom
test4,26599,殺球,top
test4,26611,小球,bottom
test4,26639,小球,top
test4,26661,平快球,bottom
test4,26689,切球,top
test4,26705,勾球,bottom
test4,26728,小球,top
test4,26751,平快球,bottom
test4,26777,切球,top
test4,27832,發球,bottom
test4,27849,小球,top
test4,27870,小球,bottom
test4,27892,高遠球,top
test4,27930,切球,bottom
test4,27949,小球,top
test4,27972,平快球,bottom
test4,27992,切球,top
test4,28014,平快球,bottom
test4,28042,切球,top
test4,28064,平快球,bottom
test4,28085,高遠球,top
test4,28111,高遠球,bottom
test4,28138,殺球,top
test4,28610,未知球種,
test4,28611,未知球種,
test4,28931,發球,bottom
test4,28948,平快球,top
test4,28976,平快球,bottom
test4,28988,小球,top
test4,29008,平快球,bottom
test4,29028,殺球,top
test4,29037,小球,bottom
test4,29062,小球,top
test4,29085,平快球,bottom
test4,29109,切球,top
test4,29130,勾球,bottom
test4,29155,高遠球,top
test4,29185,殺球,bottom
test4,29195,小球,top
test4,29221,小球,bottom
test4,29246,小球,top
test4,29269,高遠球,bottom
test4,29312,高遠球,top
test4,29339,殺球,bottom
test4,29354,小球,top
test4,29381,平快球,bottom
test4,30156,發球,top
test4,30173,平快球,bottom
test4,30188,切球,top
test4,30198,平快球,bottom
test4,30218,切球,top
test4,30239,小球,bottom
test4,30266,高遠球,top
test4,30307,切球,bottom
test4,30331,小球,top
test4,30358,平快球,bottom
test4,30385,切球,top
test4,30403,勾球,bottom
test4,30428,高遠球,top
test4,30459,切球,bottom
test4,30482,小球,top
test4,30508,平快球,bottom
test4,30542,切球,top
test4,30561,勾球,bottom
test4,30583,高遠球,top
test4,30615,高遠球,bottom
test4,30640,殺球,top
test4,30653,高遠球,bottom
test4,30686,切球,top
test4,30710,小球,bottom
test4,30737,小球,top
test4,30759,高遠球,bottom
test4,32120,發球,top
test4,32138,勾球,bottom
test4,32159,高遠球,top
test4,32190,殺球,bottom
test4,32200,小球,top
test4,32224,小球,bottom
test4,32246,小球,top
test4,32270,平快球,bottom
test4,32298,切球,top
test4,32315,平快球,bottom
test4,32327,平快球,top
test4,32338,殺球,bottom
test4,32349,小球,top
test4,32843,發球,bottom
test4,32863,平快球,top
test4,32884,殺球,bottom
test4,32894,小球,top
test4,32915,平快球,bottom
test4,32936,殺球,top
test4,33389,發球,top
test4,33406,平快球,bottom
test4,33420,高遠球,top
test4,33441,殺球,bottom
test4,33861,小球,bottom
test4,33875,小球,top
test4,33893,平快球,bottom
test4,33925,切球,top
test4,33952,小球,bottom
test4,33974,平快球,top
test4,33988,殺球,bottom
test4,33997,小球,top
test4,34018,小球,bottom
test4,34040,小球,top
test4,34063,小球,bottom
test4,34085,高遠球,top
test4,34129,殺球,bottom
test4,34803,發球,top
test4,34824,平快球,bottom
test4,34845,高遠球,top
test4,34867,殺球,bottom
test4,34878,小球,top
test4,34904,平快球,bottom
test4,34920,殺球,top
test4,34931,小球,bottom
test4,34949,平快球,top
test4,34969,高遠球,bottom
test4,35001,切球,top
test4,35018,勾球,bottom
test4,35041,小球,top
test4,35063,小球,bottom
test4,35085,高遠球,top
test4,35133,殺球,bottom
test4,35769,發球,top
test4,35788,小球,bottom
test4,35813,高遠球,top
test4,35850,切球,bottom
test4,35868,小球,top
test4,35894,勾球,bottom
test4,35921,小球,top
test4,35944,小球,bottom
test4,35965,高遠球,top
test4,36011,切球,bottom
test4,36024,撲球,top
test4,36032,平快球,bottom
test4,36054,高遠球,top
test4,36097,殺球,bottom
test4,36699,發球,bottom
test4,36718,平快球,top
test4,36746,切球,bottom
test4,36771,小球,top
test4,36794,高遠球,bottom
test4,36825,高遠球,top
test4,36860,高遠球,bottom
test4,36888,平快球,top
test4,36903,小球,bottom
test4,36926,小球,top
test4,36949,平快球,bottom
test4,38355,平快球,bottom
test4,38364,平快球,top
test4,38374,平快球,bottom
test4,38386,小球,top
test4,38403,平快球,bottom
test4,38421,切球,top
test4,38442,平快球,bottom
test4,38453,高遠球,top
test4,38481,高遠球,bottom
test4,38509,殺球,top
test4,38521,小球,bottom
test4,38551,小球,top
test4,38574,小球,bottom
test4,38586,撲球,top
test4,39348,發球,bottom
test4,39367,小球,top
test4,39388,小球,bottom
test4,39411,小球,top
test4,39424,撲球,bottom
test4,39932,未知球種,
test4,39942,平快球,top
test4,39962,切球,bottom
test4,39984,小球,top
test4,40006,小球,bottom
test4,40029,高遠球,top
test4,40079,殺球,bottom
test4,40806,發球,bottom
test4,40828,高遠球,top
test4,40860,平快球,bottom
test4,40872,小球,top
test4,40890,小球,bottom
test4,40913,小球,top
test4,40935,小球,bottom
test4,40958,小球,top
test4,40980,高遠球,bottom
test4,41022,高遠球,top
test4,41052,切球,bottom
test4,41076,小球,top
test4,41099,小球,bottom
test4,41120,高遠球,top
test4,41176,殺球,bottom
test4,42117,發球,bottom
test4,42132,小球,top
test4,42151,小球,bottom
test4,42171,小球,top
test4,42189,小球,bottom
test4,42209,高遠球,top
test4,42251,殺球,bottom
test4,42261,小球,top
test4,42278,撲球,bottom
test4,43026,未知球種,
test4,43042,小球,top
test4,43061,小球,bottom
test4,43084,高遠球,top
test4,43115,殺球,bottom
test4,43130,勾球,top
test4,43150,小球,bottom
test4,43174,小球,top
test4,43197,小球,bottom
test4,43221,高遠球,top
test4,43254,切球,bottom
test4,43268,平快球,top
test4,43282,小球,bottom
test4,43305,高遠球,top
test4,43337,切球,bottom
test4,43359,小球,top
test4,43378,小球,bottom
test4,43401,高遠球,top
test4,43433,切球,bottom
test4,43450,勾球,top
test4,43472,勾球,bottom
test4,43494,小球,top
test4,43516,小球,bottom
test4,43532,撲球,top
test4,45194,發球,top
test4,45210,小球,bottom
test4,45230,高遠球,top
test4,45266,殺球,bottom
test4,45276,小球,top
test4,45304,小球,bottom
test4,45326,高遠球,top
test4,46279,未知球種,
test4,46293,小球,top
test4,46310,平快球,bottom
test4,46336,高遠球,top
test4,46361,切球,bottom
test4,46380,勾球,top
test4,46399,小球,bottom
test4,46422,小球,top
test4,46444,高遠球,bottom
test4,46490,殺球,top
test4,47100,發球,top
test4,47112,小球,bottom
test4,47133,平快球,top
test4,47152,殺球,bottom
test4,47798,發球,bottom
test4,47821,小球,top
test4,47840,平快球,bottom
test4,47849,殺球,top
test4,47857,小球,bottom
test4,48459,發球,top
test4,48475,小球,bottom
test4,48495,小球,top
test4,48516,高遠球,bottom
test4,48560,殺球,top
test4,48573,小球,bottom
test4,48597,小球,top
test4,48615,小球,bottom
test4,48635,高遠球,top
test4,48669,高遠球,bottom
test4,48694,殺球,top
test4,48709,小球,bottom
test4,48731,勾球,top
test4,48752,平快球,bottom
test4,48768,殺球,top
test4,48777,小球,bottom
test4,48801,平快球,top
test4,48820,小球,bottom
test4,48842,小球,top
test4,48863,高遠球,bottom
test4,48898,高遠球,top
test4,48925,殺球,bottom
test4,48934,小球,top
test4,48957,平快球,bottom
test4,48971,小球,top
test4,48993,小球,bottom
test4,49018,平快球,top
test4,49046,高遠球,bottom
test4,49072,殺球,top
test4,53179,發球,bottom
test4,53194,小球,top
test4,53217,高遠球,bottom
test4,53248,殺球,top
test4,53258,平快球,bottom
test4,53273,小球,bottom
test4,53836,小球,bottom
test4,53855,平快球,top
test4,54341,平快球,top
test4,54369,殺球,bottom
test4,54384,勾球,top
test4,54407,小球,bottom
test4,54430,平快球,top
test4,54459,切球,bottom
test4,54471,平快球,top
test4,54483,小球,bottom
test4,54503,高遠球,top
test4,54533,切球,bottom
test4,54553,小球,top
test4,54580,高遠球,bottom
test4,54615,高遠球,top
test4,54641,切球,bottom
test4,54662,小球,top
test4,54688,高遠球,bottom
test4,54743,殺球,top
test4,54754,小球,bottom
test4,54783,平快球,top
test4,54811,高遠球,bottom
test4,54846,殺球,top
test4,54858,小球,bottom
test4,54878,撲球,top
test4,54889,平快球,bottom
test4,54919,高遠球,top
test4,54948,殺球,bottom
test4,55620,發球,top
test4,55640,小球,bottom
test4,55662,平快球,top
test4,55685,平快球,bottom
test4,55698,小球,top
test4,55716,高遠球,bottom
test4,55740,殺球,top
test4,55752,小球,bottom
test4,55778,平快球,top
test4,56237,發球,bottom
test4,56264,高遠球,top
test4,56303,殺球,bottom
test4,56316,小球,top
test4,56338,小球,bottom
test4,56359,高遠球,top
test4,56390,切球,bottom
test4,56416,小球,top
test4,56442,小球,bottom
test4,56455,撲球,top
test4,56938,發球,top
test4,56955,平快球,bottom
test4,56987,切球,top
test4,57005,小球,bottom
test4,57029,高遠球,top
test4,57061,高遠球,bottom
test4,57092,平快球,top
test4,57111,切球,bottom
test4,57130,撲球,top
test4,57141,高遠球,bottom
test4,57174,殺球,top
test4,57649,發球,top
test4,57670,勾球,bottom
test4,57692,高遠球,top
test4,57723,高遠球,bottom
test4,57746,殺球,top
test4,57757,小球,bottom
test4,57788,高遠球,top
test4,57819,切球,bottom
test4,57836,平快球,top
test4,58422,平快球,bottom
test4,58456,切球,top
test4,58473,勾球,bottom
test4,58496,小球,top
test4,58520,高遠球,bottom
test4,58556,殺球,top
test4,58570,勾球,bottom
test4,58596,小球,top
test4,58622,高遠球,bottom
test4,58657,高遠球,top
test4,58699,切球,bottom
test4,58715,小球,top
test4,58744,高遠球,bottom
test4,58779,殺球,top
test4,58789,小球,bottom
test4,58816,高遠球,top
test4,58845,切球,bottom
test4,58868,小球,top
test4,58893,高遠球,bottom
test4,58921,殺球,top
test4,59504,發球,top
test4,59522,高遠球,bottom
test4,59553,高遠球,top
test4,59581,殺球,bottom
test4,59593,小球,top
test4,61042,平快球,top
test4,61070,高遠球,bottom
test4,61094,殺球,top
test4,61106,小球,bottom
test4,61131,平快球,top
test4,61153,殺球,bottom
test4,61164,小球,top
test4,61640,發球,bottom
test4,61660,高遠球,top
test4,61691,切球,bottom
test4,61715,小球,top
test4,61742,高遠球,bottom
test4,62604,殺球,top
test4,62618,小球,bottom
test4,62644,高遠球,top
test4,62671,殺球,bottom
test4,62686,小球,top
test4,62705,勾球,bottom
test4,62726,小球,top
test4,62750,小球,bottom
test4,62761,撲球,top
test4,63227,發球,bottom
test4,63244,小球,top
test4,63265,高遠球,bottom
test4,63294,殺球,top
test4,63304,小球,bottom
test4,63325,撲球,top
test4,63338,平快球,bottom
test4,63353,殺球,top
test4,63363,小球,bottom
test4,63827,殺球,bottom
test4,63843,勾球,top
test4,63866,高遠球,bottom
test4,63898,高遠球,top
test4,63922,殺球,bottom
test4,63936,小球,top
test4,63959,勾球,bottom
test4,63984,高遠球,top
test4,64015,切球,bottom
test4,64036,小球,top
test4,64063,小球,bottom
test4,64086,高遠球,top
test4,64142,切球,bottom
test4,64158,高遠球,top
test4,64188,切球,bottom
test4,64209,小球,top
test4,64236,平快球,bottom
test4,64274,高遠球,top
test4,64305,殺球,bottom
test4,64322,勾球,top
test4,64350,小球,bottom
test4,64374,高遠球,top
test4,64419,切球,bottom
test4,64443,勾球,top
test4,64467,小球,bottom
test4,64488,小球,top
test4,65896,小球,bottom
test4,65908,小球,top
test4,65929,高遠球,bottom
test4,65976,切球,top
test4,65986,平快球,top
test4,66006,切球,bottom
test4,66027,小球,top
test4,66051,小球,bottom
test4,66074,平快球,top
test4,66090,高遠球,bottom
test4,66114,殺球,top
test4,66654,勾球,bottom
test4,66674,平快球,top
test4,66700,切球,bottom
test4,66720,平快球,top
test4,66738,殺球,bottom
test4,66748,平快球,top
test4,66764,小球,bottom
test4,66784,平快球,top
test4,66808,高遠球,bottom
test4,66835,殺球,top
test4,67460,發球,top
test4,67479,小球,bottom
test4,67502,高遠球,top
test4,67535,高遠球,bottom
test4,67564,切球,top
test4,67579,勾球,bottom
test4,67600,高遠球,top
test4,67627,殺球,bottom
test4,67643,小球,top
test4,67668,小球,bottom
test4,67690,勾球,top
test4,67716,平快球,bottom
test4,67747,高遠球,top
test4,67781,切球,bottom
test4,67799,小球,top
test4,67826,高遠球,bottom
test4,67866,高遠球,top
test4,67907,殺球,bottom
test4,68538,未知球種,
test4,68553,小球,top
test4,69176,平快球,top
test4,69205,殺球,bottom
test4,69216,平快球,top
test4,69234,平快球,bottom
test4,69247,高遠球,top
test4,69277,切球,bottom
test4,69296,平快球,top
test4,69312,小球,bottom
test4,69331,高遠球,top
test4,69360,高遠球,bottom
test4,69393,高遠球,top
test4,69427,切球,bottom
test4,69449,勾球,top
test4,69474,平快球,bottom
test4,69504,高遠球,top
test4,69522,殺球,bottom
test4,69531,平快球,top
test4,69549,殺球,bottom
test4,70157,發球,bottom
test4,70173,平快球,top
test4,70190,高遠球,bottom
test4,70213,殺球,top
test4,70226,小球,bottom
test4,70250,平快球,top
test4,70262,平快球,bottom
test4,70271,平快球,top
test4,72597,發球,bottom
test4,72614,小球,top
test4,72634,平快球,bottom
test4,72661,切球,top
test4,72673,小球,bottom
test4,72694,小球,top
test4,72717,平快球,bottom
test4,73084,發球,top
test4,73100,小球,bottom
test4,73120,平快球,top
test4,73147,高遠球,bottom
test4,73174,殺球,top
test4,73187,小球,bottom
test4,73216,高遠球,top
test4,73246,殺球,bottom
test4,73258,小球,top
test4,73283,小球,bottom
test4,73305,平快球,top
test4,73328,切球,bottom
test4,73349,小球,top
test4,73376,小球,bottom
test4,73398,高遠球,top
test4,73437,高遠球,bottom
test4,73464,殺球,top
test4,73479,小球,bottom
test4,73507,小球,top
test4,73534,平快球,bottom
test4,73568,切球,top
test4,73584,勾球,bottom
test4,74330,發球,top
test4,74348,小球,bottom
test4,74367,平快球,top
test4,74393,殺球,bottom
test4,74408,小球,top
test4,74433,小球,bottom
test4,74454,小球,top
test4,74466,撲球,bottom
test4,75427,殺球,bottom
test4,75438,平快球,top
test4,76188,發球,bottom
test4,76206,平快球,top
test4,76235,平快球,bottom
test4,76248,平快球,top
test4,76261,小球,bottom
test4,76280,平快球,top
test4,76310,切球,bottom
test4,76328,撲球,top
test4,76353,小球,bottom
test4,76748,發球,top
test4,76766,小球,bottom
test4,76784,小球,top
test4,76806,小球,bottom
test4,76828,高遠球,top
test4,76864,切球,bottom
test4,76886,小球,top
test4,76909,高遠球,bottom
test4,76932,殺球,top
test4,77548,發球,top
test4,77567,平快球,bottom
test4,77597,高遠球,top
test4,77626,殺球,bottom
test4,77637,小球,top
test4,78387,發球,bottom
test4,78402,平快球,top
test4,78412,平快球,bottom
test4,78441,切球,top
test4,78463,小球,bottom
test4,78485,高遠球,top
test4,78510,殺球,bottom
test4,78523,小球,top
test4,78547,小球,bottom
test4,78567,勾球,top
test4,78587,平快球,bottom
test4,78619,高遠球,top
test4,78656,切球,bottom
test4,78679,小球,top
test4,78704,平快球,bottom
test4,78734,殺球,top
test4,78744,小球,bottom
test4,78768,高遠球,top
test4,78799,切球,bottom
test4,78817,平快球,top
test4,78831,平快球,bottom
test4,78848,平快球,top
test4,79619,小球,top
test4,79639,小球,bottom
test4,79661,小球,top
test4,79685,高遠球,bottom
test4,79731,殺球,top
test4,79745,小球,bottom
test4,79771,小球,top
test4,79798,高遠球,bottom
test4,79847,殺球,top
test4,79863,小球,bottom
test4,81442,發球,top
test4,81463,平快球,bottom
test4,81485,殺球,top
test4,81496,小球,bottom
test4,81515,小球,top
test4,81531,小球,bottom
test4,81549,小球,top
test4,81569,高遠球,bottom
test4,81596,殺球,top
test4,81609,小球,bottom
test4,81636,小球,top
test4,81663,小球,bottom
test4,81684,高遠球,top
test4,81737,殺球,bottom
test4,81752,勾球,top
test4,81776,小球,bottom
test4,81800,平快球,top
test4,83271,殺球,top
test4,83285,平快球,bottom
test4,83296,平快球,top
test4,83311,平快球,bottom
test4,83321,小球,top
test4,83341,小球,bottom
test4,83364,小球,top
test4,83387,小球,bottom
test4,83768,發球,top
test4,83787,平快球,bottom
test4,83814,高遠球,top
test4,83836,殺球,bottom
test4,84529,發球,bottom
test4,84547,平快球,top
test4,84575,切球,bottom
test4,84596,小球,top
test4,84619,高遠球,bottom
test4,84648,高遠球,top
test4,84678,切球,bottom
test4,84693,小球,top
test4,84714,小球,bottom
test4,84734,平快球,top
test4,84762,殺球,bottom
test4,84776,勾球,top
test4,84798,小球,bottom
test4,85274,發球,top
test4,85293,小球,bottom
test4,85313,小球,top
test4,85333,小球,bottom
test4,85355,高遠球,top
test4,85403,切球,bottom
test4,85420,小球,top
test4,85444,小球,bottom
test4,85464,小球,top
test4,85486,小球,bottom
test4,85508,小球,top
test4,86301,發球,bottom
test4,86317,小球,top
test4,86337,高遠球,bottom
test4,86369,切球,top
test4,86390,小球,bottom
test4,86412,小球,top
test4,87170,殺球,bottom
test4,87183,小球,top
test4,87205,小球,bottom
test4,87223,小球,top
test4,87242,平快球,bottom
test4,87268,殺球,top
test4,87932,小球,bottom
test4,87953,高遠球,top
test4,87984,高遠球,bottom
test4,88014,切球,top
test4,88036,小球,bottom
test4,88054,小球,top
test4,88074,高遠球,bottom
test4,88109,切球,top
test4,88133,小球,bottom
test4,88153,平快球,top
test4,88179,殺球,bottom
test4,88194,小球,top
test4,88219,小球,bottom
test4,88238,小球,top
test4,88259,高遠球,bottom
test4,88301,切球,top
test4,88321,小球,bottom
test4,88344,小球,top
test4,88367,小球,bottom
test4,88387,小球,top
test4,88407,高遠球,bottom
test4,88463,殺球,top
test4,88471,小球,bottom
test4,88491,平快球,top
test4,88510,殺球,bottom
test4,88519,小球,top
test4,88544,平快球,bottom
test4,88578,切球,top
test4,90556,小球,top
test4,90576,小球,bottom
test4,90593,平快球,top
test4,90603,平快球,bottom
test4,90614,小球,top
test5,19334,發球,top
test5,19352,平快球,bottom
test5,19381,高遠球,top
test5,19410,殺球,bottom
test5,19425,小球,top
test5,19449,平快球,bottom
test5,19460,高遠球,top
test5,19487,高遠球,bottom
test5,19521,切球,top
test5,19544,小球,bottom
test5,19568,撲球,top
test5,19576,小球,bottom
test5,19910,高遠球,bottom
test5,19934,平快球,top
test5,19945,高遠球,bottom
test5,19971,高遠球,top
test5,19998,切球,bottom
test5,20333,高遠球,bottom
test5,20358,高遠球,top
test5,20384,高遠球,bottom
test5,20414,切球,top
test5,20434,平快球,bottom
test5,20464,切球,top
test5,20480,平快球,bottom
test5,20492,小球,top
test5,20511,高遠球,bottom
test5,20542,高遠球,top
test5,20577,切球,bottom
test5,20595,平快球,top
test5,20622,平快球,bottom
test5,20638,切球,top
test5,20661,高遠球,bottom
test5,20694,切球,top
test5,20711,小球,bottom
test5,20741,高遠球,top
test5,20784,高遠球,bottom
test5,20819,殺球,top
test5,21358,發球,top
test5,21377,平快球,bottom
test5,21402,高遠球,top
test5,21427,殺球,bottom
test5,21438,小球,top
test5,21464,平快球,bottom
test5,21494,高遠球,top
test5,21522,殺球,bottom
test5,21533,小球,top
test5,21560,高遠球,bottom
test5,21596,殺球,top
test5,21605,平快球,bottom
test5,21628,小球,top
test5,21653,高遠球,bottom
test5,21688,切球,top
test5,21707,平快球,bottom
test5,21731,高遠球,top
test5,21756,高遠球,bottom
test5,21787,切球,top
test5,21812,小球,bottom
test5,21833,平快球,top
test5,22363,發球,top
test5,22379,勾球,bottom
test5,22401,小球,top
test5,22426,小球,bottom
test5,22448,撲球,top
test5,22980,發球,top
test5,22997,勾球,bottom
test5,23018,小球,top
test5,23039,勾球,bottom
test5,23411,發球,bottom
test5,23429,平快球,top
test5,23443,高遠球,bottom
test5,23453,切球,top
test5,23474,小球,bottom
test5,23497,勾球,top
test5,23520,高遠球,bottom
test5,23549,殺球,top
test5,23962,殺球,bottom
test5,23977,平快球,top
test5,23996,平快球,bottom
test5,24010,小球,top
test5,24024,高遠球,bottom
test5,24048,殺球,top
test5,24412,發球,bottom
test5,24430,小球,top
test5,24441,高遠球,bottom
test5,24493,高遠球,top
test5,24517,高遠球,bottom
test5,25932,未知球種,
test5,26202,發球,top
test5,26222,小球,bottom
test5,26244,高遠球,top
test5,26267,殺球,bottom
test5,26274,小球,top
test5,26301,小球,bottom
test5,26328,小球,top
test5,26353,高遠球,bottom
test5,26393,高遠球,top
test5,26416,高遠球,bottom
test5,26450,高遠球,top
test5,26480,切球,bottom
test5,26502,平快球,top
test5,26522,殺球,bottom
test5,26531,勾球,top
test5,26555,高遠球,bottom
test5,26580,切球,top
test5,26603,小球,bottom
test5,27013,高遠球,bottom
test5,27041,高遠球,top
test5,27070,殺球,bottom
test5,27084,小球,top
test5,27110,高遠球,bottom
test5,27145,高遠球,top
test5,27176,高遠球,bottom
test5,27205,殺球,top
test5,27220,小球,bottom
test5,27247,高遠球,top
test5,27290,高遠球,bottom
test5,27319,切球,top
test5,27342,平快球,bottom
test5,27374,切球,top
test5,27393,小球,bottom
test5,27417,小球,top
test5,27439,高遠球,bottom
test5,27480,高遠球,top
test5,27509,殺球,bottom
test5,27518,小球,top
test5,27542,高遠球,bottom
test5,27575,高遠球,top
test5,27608,切球,bottom
test5,27636,小球,top
test5,27665,勾球,bottom
test5,29074,小球,top
test5,29098,高遠球,bottom
test5,29125,殺球,top
test5,29137,小球,bottom
test5,29512,高遠球,top
test5,29535,切球,bottom
test5,29559,小球,top
test5,29582,高遠球,bottom
test5,29609,切球,top
test5,29633,切球,top
test5,30062,未知球種,
test5,30071,高遠球,top
test5,30097,殺球,bottom
test5,30106,小球,top
test5,30132,平快球,bottom
test5,30150,切球,top
test5,30167,平快球,bottom
test5,30186,殺球,top
test5,30194,小球,bottom
test5,30828,發球,top
test5,30848,高遠球,bottom
test5,30878,切球,top
test5,30901,小球,bottom
test5,30926,高遠球,top
test5,30958,高遠球,bottom
test5,30989,切球,top
test5,31011,高遠球,bottom
test5,31041,殺球,top
test5,31055,高遠球,bottom
test5,31079,殺球,top
test5,31091,小球,bottom
test5,31110,撲球,top
test5,31578,小球,bottom
test5,32894,發球,top
test5,32909,小球,bottom
test5,32930,平快球,top
test5,33291,小球,bottom
test5,33310,勾球,top
test5,33330,平快球,bottom
test5,33357,高遠球,top
test5,33386,平快球,bottom
test5,33397,小球,top
test5,33418,高遠球,bottom
test5,33444,切球,top
test5,33463,小球,bottom
test5,33488,小球,top
test5,33509,高遠球,bottom
test5,33542,切球,top
test5,33561,小球,bottom
test5,33590,高遠球,top
test5,33620,高遠球,bottom
test5,33651,切球,top
test5,33676,高遠球,bottom
test5,33708,切球,top
test5,33732,高遠球,bottom
test5,33761,切球,top
test5,35297,發球,bottom
test5,35314,小球,top
test5,35334,高遠球,bottom
test5,35372,高遠球,top
test5,35395,殺球,bottom
test5,37116,發球,top
test5,37134,平快球,bottom
test5,37158,殺球,top
test5,37169,小球,bottom
test5,37192,高遠球,top
test5,37222,高遠球,bottom
test5,37254,殺球,top
test5,37268,小球,bottom
test5,37296,小球,top
test5,37318,小球,bottom
test5,37339,高遠球,top
test5,37387,殺球,bottom
test5,37401,小球,top
test5,37421,平快球,bottom
test5,37446,高遠球,top
test5,37471,殺球,bottom
test5,37481,小球,top
test5,38323,發球,bottom
test5,38343,小球,top
test5,38364,平快球,bottom
test5,38396,切球,top
test5,38417,高遠球,bottom
test5,38449,切球,top
test5,38466,高遠球,bottom
test5,38497,切球,top
test5,38511,平快球,bottom
test5,38526,平快球,top
test5,38535,平快球,bottom
test5,38549,小球,top
test5,38570,小球,bottom
test5,38597,高遠球,top
test5,39044,發球,bottom
test5,39062,高遠球,top
test5,39092,高遠球,bottom
test5,39119,切球,top
test5,39139,平快球,bottom
test5,39168,切球,top
test5,39650,未知球種,
test5,40050,小球,top
test5,40068,小球,bottom
test5,40089,高遠球,top
test5,40140,切球,bottom
test5,40159,高遠球,top
test5,40190,高遠球,bottom
test5,40221,切球,top
test5,40240,高遠球,bottom
test5,40270,切球,top
test5,40284,勾球,bottom
test5,40310,小球,top
test5,40333,平快球,bottom
test5,40361,殺球,top
test5,40374,高遠球,bottom
test5,40396,殺球,top
test5,40404,小球,bottom
test5,40421,撲球,top
test5,41438,高遠球,bottom
test5,41466,殺球,top
test5,41476,小球,bottom
test5,41496,小球,top
test5,41518,高遠球,bottom
test5,41552,高遠球,top
test5,41582,高遠球,bottom
test5,41612,切球,top
test5,41635,平快球,bottom
test5,41662,高遠球,top
test5,41691,高遠球,bottom
test5,41720,高遠球,top
test5,41749,高遠球,bottom
test5,41784,切球,top
test5,41802,小球,bottom
test5,41829,高遠球,top
test5,42296,發球,bottom
test5,42315,平快球,top
test5,42335,高遠球,bottom
test5,42370,切球,top
test5,42387,高遠球,bottom
test5,42417,殺球,top
test5,42430,小球,bottom
test5,42452,高遠球,top
test5,42484,高遠球,bottom
test5,42508,切球,top
test5,42529,小球,bottom
test5,42560,撲球,top
test5,43005,發球,bottom
test5,43025,小球,top
test5,43045,高遠球,bottom
test5,43070,高遠球,top
test5,43090,高遠球,bottom
test5,43119,高遠球,top
test5,43145,平快球,bottom
test5,43158,勾球,top
test5,43183,小球,bottom
test5,43208,高遠球,top
test5,43238,高遠球,bottom
test5,43277,高遠球,top
test5,43304,切球,bottom
test5,43320,小球,top
test5,43348,高遠球,bottom
test5,43373,切球,top
test5,43389,勾球,bottom
test5,43416,小球,top
test5,43890,高遠球,top
test5,43912,高遠球,bottom
test5,43943,切球,top
test5,43966,小球,bottom
test5,43993,高遠球,top
test5,44030,高遠球,bottom
test5,44060,高遠球,top
test5,44090,高遠球,bottom
test5,44121,切球,top
test5,44145,小球,bottom
test5,44170,小球,top
test5,44192,高遠球,bottom
test5,44246,殺球,top
test5,44256,高遠球,bottom
test5,44284,殺球,top
test5,45333,發球,top
test5,45357,高遠球,bottom
test5,45386,殺球,top
test5,45853,發球,top
test5,45869,勾球,bottom
test5,45888,高遠球,top
test5,45915,高遠球,bottom
test5,45948,切球,top
test5,45964,平快球,bottom
test5,45976,高遠球,top
test5,46005,殺球,bottom
test5,46510,發球,top
test5,46529,高遠球,bottom
test5,46559,殺球,top
test5,46568,小球,bottom
test5,46590,小球,top
test5,46605,高遠球,bottom
test5,46629,殺球,top
test5,46644,小球,bottom
test5,46671,小球,top
test5,46693,小球,bottom
test5,46713,小球,top
test5,47212,平快球,top
test5,47220,平快球,bottom
test5,47234,小球,top
test5,47250,高遠球,bottom
test5,47273,殺球,top
test5,47283,小球,bottom
test5,47306,小球,top
test5,47330,小球,bottom
test5,47351,高遠球,top
test5,47402,殺球,bottom
test5,47412,小球,top
test5,47434,小球,bottom
test5,47458,小球,top
test5,47480,小球,bottom
test5,47502,高遠球,top
test5,47554,殺球,bottom
test5,48960,發球,bottom
test5,48980,勾球,top
test5,49008,小球,bottom
test5,49030,小球,top
test5,49050,高遠球,bottom
test5,49075,切球,top
test5,49513,高遠球,top
test5,49540,殺球,bottom
test5,49549,小球,top
test5,49575,小球,bottom
test5,49598,高遠球,top
test5,49629,切球,bottom
test5,49643,勾球,top
test5,49666,高遠球,bottom
test5,49695,高遠球,top
test5,49721,切球,bottom
test5,49748,勾球,top
test5,49775,平快球,bottom
test5,49805,切球,top
test5,49832,高遠球,bottom
test5,49861,切球,top
test5,50276,發球,bottom
test5,50296,高遠球,top
test5,50324,高遠球,bottom
test5,50349,高遠球,top
test5,50375,殺球,bottom
test5,50389,平快球,top
test5,50404,高遠球,bottom
test5,50430,高遠球,top
test5,50459,高遠球,bottom
test5,50481,高遠球,top
test5,50512,平快球,bottom
test5,50533,高遠球,top
test5,50565,平快球,bottom
test5,50581,勾球,top
test5,50608,勾球,bottom
test5,50627,平快球,top
test5,50663,平快球,bottom
test5,50676,殺球,top
test5,54276,發球,top
test5,54296,高遠球,bottom
test5,54566,高遠球,bottom
test5,54823,發球,top
test5,54842,小球,bottom
test5,54865,高遠球,top
test5,54897,切球,bottom
test5,55175,發球,top
test5,55192,勾球,bottom
test5,55213,小球,top
test5,55236,小球,bottom
test5,55256,高遠球,top
test5,55311,殺球,bottom
test5,55323,小球,top
test5,55339,小球,bottom
test5,55360,小球,top
test5,55381,小球,bottom
test5,55396,撲球,top
test5,55780,發球,top
test5,55800,平快球,bottom
test5,55823,切球,top
test5,55845,平快球,bottom
test5,55869,切球,top
test5,55884,殺球,bottom
test5,56257,發球,bottom
test5,56278,小球,top
test5,56300,高遠球,bottom
test5,56336,高遠球,top
test5,56364,切球,bottom
test5,56379,高遠球,top
test5,56402,切球,bottom
test5,56420,小球,top
test5,56444,平快球,bottom
test5,56468,殺球,top
test5,56478,平快球,bottom
test5,56502,平快球,top
test5,56517,小球,bottom
test5,56534,平快球,top
test5,56931,發球,bottom
test5,56949,勾球,top
test5,56970,小球,bottom
test5,56993,高遠球,top
test5,57392,發球,bottom
test5,57410,小球,top
test5,57429,小球,bottom
test5,57450,高遠球,top
test5,57498,殺球,bottom
test5,57509,小球,top
test5,57529,平快球,bottom
test5,57541,殺球,top
test5,58163,發球,top
test5,58182,平快球,bottom
test5,58218,切球,top
test5,58230,勾球,bottom
test5,58253,高遠球,top
test5,58290,殺球,bottom
test5,58300,小球,top
test5,58319,勾球,bottom
test5,58343,小球,top
test5,58368,高遠球,bottom
test5,58405,高遠球,top
test5,58436,殺球,bottom
test5,58880,小球,bottom
test5,58902,高遠球,top
test5,58948,殺球,bottom
test5,58960,高遠球,top
test5,58995,高遠球,bottom
test5,59031,切球,top
test5,59045,勾球,bottom
test5,59073,高遠球,top
test5,59119,殺球,bottom
test5,59598,發球,bottom
test5,59620,高遠球,top
test5,59649,高遠球,bottom
test5,59684,高遠球,top
test5,59716,切球,bottom
test5,59739,小球,top
test5,59761,高遠球,bottom
test5,59794,高遠球,top
test5,59830,切球,bottom
test5,59852,小球,top
test5,59878,小球,bottom
test5,59900,小球,top
test5,59922,高遠球,bottom
test5,59973,切球,top
test5,59999,勾球,bottom
test5,60022,小球,top
test5,60041,高遠球,bottom
test5,60094,殺球,top
test5,60105,高遠球,bottom
test5,60129,殺球,top
test5,60141,小球,bottom
test5,60168,小球,top
test5,60191,高遠球,bottom
test5,60236,高遠球,top
test5,60270,高遠球,bottom
test5,60299,殺球,top
test5,60311,勾球,bottom
test5,60339,高遠球,top
test5,60367,高遠球,bottom
test5,60403,殺球,top
test5,61009,發球,bottom
test5,61030,高遠球,top
test5,61058,切球,bottom
test5,61084,高遠球,top
test5,61117,切球,bottom
test5,61725,發球,top
test5,61744,高遠球,bottom
test5,61786,殺球,top
test5,61799,勾球,bottom
test5,61823,小球,top
test5,61846,小球,bottom
test5,61862,撲球,top
test5,62832,發球,bottom
test5,62854,平快球,top
test5,62878,切球,bottom
test5,62915,小球,top
test5,64152,發球,bottom
test5,64172,高遠球,top
test5,64202,切球,bottom
test5,64216,撲球,top
test5,64758,小球,top
test5,64781,高遠球,bottom
test5,64824,切球,top
test5,64842,小球,bottom
test5,64863,高遠球,top
test5,64889,殺球,bottom
test5,64898,高遠球,top
test5,64927,切球,bottom
test5,64944,高遠球,top
test5,64969,平快球,bottom
test5,64978,小球,top
test5,64998,平快球,bottom
test5,65017,切球,top
test5,65041,高遠球,bottom
test5,65531,發球,top
test5,65548,高遠球,bottom
test5,65583,高遠球,top
test5,65614,殺球,bottom
test5,66914,發球,bottom
test5,66931,勾球,top
test5,66951,高遠球,bottom
test5,66990,殺球,top
test5,67002,小球,bottom
test5,67028,高遠球,top
test5,67062,切球,bottom
test5,67087,小球,top
test5,67113,小球,bottom
test5,69313,發球,top
test5,69330,平快球,bottom
test5,69364,高遠球,top
test5,69394,殺球,bottom
test5,69404,小球,top
test5,69429,撲球,bottom
test5,69439,平快球,top
test5,69459,高遠球,bottom
test5,69490,殺球,top
test5,70024,發球,top
test5,70040,小球,bottom
test5,70060,小球,top
test5,70080,高遠球,bottom
test5,70129,殺球,top
test5,70138,小球,bottom
test5,70479,高遠球,bottom
test5,70497,殺球,top
test5,70812,未知球種,
test5,70832,高遠球,bottom
test5,70864,切球,top
test5,71338,小球,bottom
test5,71357,小球,bottom
test5,71378,小球,top
test5,71398,高遠球,bottom
test5,71736,發球,top
test5,71754,小球,bottom
test5,71773,小球,top
test5,71794,高遠球,bottom
test5,71828,切球,top
test5,71849,小球,bottom
test5,71872,勾球,top
test5,71895,小球,bottom
test5,71919,小球,top
test5,71937,撲球,bottom
test5,72255,發球,bottom
test5,72275,小球,top
test5,72294,平快球,bottom
test5,72319,切球,top
test5,72332,勾球,bottom
test5,72353,高遠球,top
test5,72388,平快球,bottom
test5,72403,高遠球,top
test5,72431,切球,bottom
test5,72452,高遠球,top
test5,72483,切球,bottom
test5,72501,勾球,top
test5,72525,小球,bottom
test5,72547,高遠球,top
test5,72580,高遠球,bottom
test5,73002,未知球種,
test5,73021,高遠球,bottom
test5,73044,殺球,top
test5,73427,發球,top
test5,73444,平快球,bottom
test5,73472,切球,top
test5,73496,小球,bottom
test5,73521,高遠球,top
test5,73554,高遠球,bottom
test5,73581,切球,top
test5,73600,平快球,bottom
test5,73632,高遠球,top
test5,73663,切球,bottom
test5,73679,小球,top
test5,73709,高遠球,bottom
test5,73760,切球,top
test5,73785,小球,bottom
test5,73810,高遠球,top
test5,74726,發球,bottom
test5,74745,高遠球,top
test5,74772,切球,bottom
test5,74791,勾球,top
test5,74814,平快球,bottom
test5,74840,切球,top
test5,74861,平快球,bottom
test5,74869,高遠球,top
test5,74902,切球,bottom
test5,74928,高遠球,top
test5,74956,切球,bottom
test5,74978,高遠球,top
test5,75432,發球,bottom
test5,75451,平快球,top
test5,75466,高遠球,bottom
test5,75487,高遠球,top
test5,75521,殺球,bottom
test5,75537,小球,top
test5,75562,小球,bottom
test5,75586,高遠球,top
test5,75630,殺球,bottom
test5,76735,發球,bottom
test5,76754,高遠球,top
test5,76782,切球,bottom
test5,77278,發球,top
test5,77297,平快球,bottom
test5,77307,高遠球,top
test5,77323,切球,bottom
test5,77343,小球,top
test5,77368,高遠球,bottom
test5,77413,高遠球,top
test5,77445,殺球,bottom
test5,77856,未知球種,
test5,77856,小球,top
test5,77877,高遠球,top
test5,77909,高遠球,bottom
test5,77938,高遠球,top
test5,77971,高遠球,bottom
test5,78318,高遠球,top
test5,78335,高遠球,top
test5,78359,切球,bottom
test5,78379,小球,top
test5,78402,小球,bottom
test5,78425,高遠球,top
test5,78456,高遠球,bottom
test5,78483,高遠球,top
test5,78508,殺球,bottom
test5,78523,小球,top
test5,79428,小球,top
test5,79451,平快球,bottom
test5,79488,切球,top
test5,79508,平快球,bottom
test5,79530,平快球,top
test5,79541,小球,bottom
test5,79557,高遠球,top
test5,79582,殺球,bottom
test5,79591,小球,top
test5,79608,小球,bottom
test5,80080,發球,bottom
test5,80101,高遠球,top
test5,80126,高遠球,bottom
test5,80153,切球,top
test5,80176,小球,bottom
test5,80198,高遠球,top
test5,80229,切球,bottom
test5,80249,勾球,top
test5,80273,小球,bottom
test5,80296,高遠球,top
test5,80332,高遠球,bottom
test5,80359,高遠球,top
test5,80389,高遠球,bottom
test5,80418,殺球,top
test6,14503,發球,bottom
test6,14527,高遠球,top
test6,14554,殺球,bottom
test6,14565,平快球,top
test6,14590,小球,bottom
test6,14612,小球,top
test6,14633,高遠球,bottom
test6,14665,切球,top
test6,14681,小球,bottom
test6,14707,高遠球,top
test6,14736,切球,bottom
test6,14756,小球,top
test6,14780,高遠球,bottom
test6,14810,殺球,top
test6,14821,小球,bottom
test6,14845,高遠球,top
test6,14870,切球,bottom
test6,14892,平快球,top
test6,14913,平快球,bottom
test6,14924,平快球,top
test6,15422,殺球,top
test6,15805,發球,top
test6,15824,高遠球,bottom
test6,15856,高遠球,top
test6,15860,殺球,bottom
test6,15879,殺球,bottom
test6,15890,平快球,top
test6,15908,切球,bottom
test6,15928,高遠球,top
test6,15956,殺球,bottom
test6,15966,小球,top
test6,15986,平快球,bottom
test6,16010,切球,top
test6,16024,勾球,bottom
test6,16046,高遠球,top
test6,16075,高遠球,bottom
test6,16100,殺球,top
test6,16113,小球,bottom
test6,16138,平快球,top
test6,16158,切球,bottom
test6,16170,小球,top
test6,16194,平快球,bottom
test6,16223,切球,top
test6,16244,撲球,bottom
test6,16254,平快球,top
test6,16268,高遠球,bottom
test6,16293,殺球,top
test6,16307,小球,bottom
test6,16764,發球,top
test6,16786,高遠球,bottom
test6,16820,高遠球,top
test6,16848,高遠球,bottom
test6,16881,高遠球,top
test6,16911,切球,bottom
test6,16930,平快球,top
test6,16950,切球,bottom
test6,16972,小球,top
test6,16994,高遠球,bottom
test6,17040,殺球,top
test6,17667,未知球種,
test6,17670,小球,bottom
test6,17690,高遠球,top
test6,17716,殺球,bottom
test6,17727,高遠球,top
test6,17753,殺球,bottom
test6,17762,小球,top
test6,17782,平快球,bottom
test6,17802,高遠球,top
test6,17829,切球,bottom
test6,17851,小球,top
test6,18472,未知球種,
test6,18472,高遠球,top
test6,18508,高遠球,bottom
test6,18533,平快球,top
test6,18550,切球,bottom
test6,18572,高遠球,top
test6,18600,切球,bottom
test6,18619,小球,top
test6,18642,高遠球,bottom
test6,18679,高遠球,top
test6,18712,殺球,bottom
test6,18724,小球,top
test6,19423,發球,bottom
test6,19441,小球,top
test6,19465,平快球,bottom
test6,19498,高遠球,top
test6,19525,殺球,bottom
test6,19538,小球,top
test6,19558,平快球,bottom
test6,19589,平快球,top
test6,19603,平快球,bottom
test6,19613,平快球,top
test6,19625,平快球,bottom
test6,19639,平快球,top
test6,19659,切球,bottom
test6,19680,高遠球,top
test6,19712,切球,bottom
test6,19735,小球,top
test6,20287,發球,bottom
test6,20303,平快球,top
test6,20329,切球,bottom
test6,20344,撲球,top
test6,20361,小球,bottom
test6,20748,發球,top
test6,20775,殺球,bottom
test6,20787,勾球,top
test6,20808,高遠球,bottom
test6,20832,殺球,top
test6,21284,發球,top
test6,21303,平快球,bottom
test6,21328,高遠球,top
test6,21347,高遠球,bottom
test6,21377,切球,top
test6,21394,切球,bottom
test6,21887,發球,bottom
test6,21908,高遠球,top
test6,21933,殺球,bottom
test6,21943,小球,top
test6,21960,小球,bottom
test6,21979,小球,top
test6,22007,小球,bottom
test6,22029,小球,top
test6,22050,高遠球,bottom
test6,22088,殺球,top
test6,22104,小球,bottom
test6,22127,平快球,top
test6,22146,切球,bottom
test6,22168,平快球,top
test6,22189,切球,bottom
test6,22211,高遠球,top
test6,22240,切球,bottom
test6,22260,小球,top
test6,22285,高遠球,bottom
test6,22319,殺球,top
test6,22330,勾球,bottom
test6,22360,高遠球,top
test6,22386,切球,bottom
test6,22412,平快球,top
test6,22436,切球,bottom
test6,22459,小球,top
test6,22486,高遠球,bottom
test6,22524,高遠球,top
test6,22559,切球,bottom
test6,23149,發球,top
test6,23176,殺球,bottom
test6,23680,發球,bottom
test6,23700,平快球,top
test6,23723,殺球,bottom
test6,23733,平快球,top
test6,23749,平快球,bottom
test6,23771,高遠球,top
test6,23797,殺球,bottom
test6,23810,勾球,top
test6,23834,小球,bottom
test6,23856,高遠球,top
test6,23884,高遠球,bottom
test6,23917,切球,top
test6,23939,小球,bottom
test6,23963,平快球,top
test6,23988,殺球,bottom
test6,23999,平快球,top
test6,24017,小球,bottom
test6,24042,高遠球,top
test6,24071,殺球,bottom
test6,24081,小球,top
test6,24104,高遠球,bottom
test6,24138,切球,top
test6,24154,小球,bottom
test6,24180,高遠球,top
test6,24207,殺球,bottom
test6,24224,勾球,top
test6,24250,高遠球,bottom
test6,24280,殺球,top
test6,24293,勾球,bottom
test6,24318,高遠球,top
test6,24346,高遠球,bottom
test6,24376,高遠球,top
test6,24399,高遠球,bottom
test6,24426,切球,top
test6,25660,發球,top
test6,25680,小球,bottom
test6,25698,平快球,top
test6,25708,平快球,bottom
test6,25716,平快球,top
test6,25732,小球,bottom
test6,25752,小球,top
test6,25774,小球,bottom
test6,25797,高遠球,top
test6,25847,切球,bottom
test6,25867,小球,top
test6,25890,高遠球,bottom
test6,25921,切球,top
test6,25940,小球,bottom
test6,25965,高遠球,top
test6,25991,殺球,bottom
test6,26003,勾球,top
test6,26020,小球,bottom
test6,26043,平快球,top
test6,26060,殺球,bottom
test6,26070,小球,top
test6,26090,小球,bottom
test6,26110,高遠球,top
test6,26142,高遠球,bottom
test6,26179,殺球,top
test6,26192,小球,bottom
test6,26217,高遠球,top
test6,26244,高遠球,bottom
test6,26281,高遠球,top
test6,26312,切球,bottom
test6,26330,勾球,top
test6,26354,高遠球,bottom
test6,26389,高遠球,top
test6,26421,切球,bottom
test6,26441,小球,top
test6,26465,高遠球,bottom
test6,26501,高遠球,top
test6,26525,切球,bottom
test6,26546,高遠球,top
test6,26574,切球,bottom
test6,26597,高遠球,top
test6,26621,切球,bottom
test6,26644,勾球,top
test6,26669,平快球,bottom
test6,26701,高遠球,top
test6,26731,切球,bottom
test6,27399,發球,bottom
test6,27421,高遠球,top
test6,27450,切球,bottom
test6,27465,平快球,top
test6,27482,高遠球,bottom
test6,27524,切球,top
test6,27547,平快球,bottom
test6,27581,切球,top
test6,27608,高遠球,bottom
test6,27645,切球,top
test6,27664,小球,bottom
test6,27689,平快球,top
test6,27717,切球,bottom
test6,27739,平快球,top
test6,27755,平快球,bottom
test6,27765,平快球,top
test6,27779,撲球,bottom
test6,27787,小球,top
test6,27808,高遠球,bottom
test6,27838,殺球,top
test6,28627,發球,top
test6,28647,平快球,bottom
test6,28666,殺球,top
test6,28678,小球,bottom
test6,28698,平快球,top
test6,28710,平快球,bottom
test6,28724,小球,top
test6,28743,高遠球,bottom
test6,28774,殺球,top
test6,28785,小球,bottom
test6,28809,小球,top
test6,29457,發球,bottom
test6,29476,平快球,top
test6,29493,殺球,bottom
test6,29503,平快球,top
test6,29517,小球,bottom
test6,29964,未知球種,
test6,29964,平快球,bottom
test6,30002,切球,top
test6,30022,高遠球,bottom
test6,30049,殺球,top
test6,31153,發球,top
test6,31173,高遠球,bottom
test6,31203,殺球,top
test6,31215,小球,bottom
test6,31238,小球,top
test6,31256,平快球,bottom
test6,31275,高遠球,top
test6,31310,殺球,bottom
test6,31319,小球,top
test6,31336,平快球,bottom
test6,31356,高遠球,top
test6,31390,切球,bottom
test6,31409,高遠球,top
test6,31431,殺球,bottom
test6,31443,高遠球,top
test6,31473,高遠球,bottom
test6,31506,高遠球,top
test6,31533,切球,bottom
test6,31558,高遠球,top
test6,31585,殺球,bottom
test6,31596,小球,top
test6,31620,高遠球,bottom
test6,31653,高遠球,top
test6,31684,切球,bottom
test6,31701,平快球,top
test6,31714,平快球,bottom
test6,31740,殺球,top
test6,31756,小球,bottom
test6,31782,高遠球,top
test6,32624,發球,bottom
test6,32640,小球,top
test6,32662,小球,bottom
test6,32686,小球,top
test6,32709,高遠球,bottom
test6,32753,殺球,top
test6,32764,小球,bottom
test6,32784,平快球,top
test6,32807,平快球,bottom
test6,32821,小球,top
test6,32842,高遠球,bottom
test6,32882,切球,top
test6,32903,小球,bottom
test6,32926,高遠球,top
test6,33582,發球,bottom
test6,33600,小球,top
test6,33619,平快球,bottom
test6,33654,切球,top
test6,33668,平快球,bottom
test6,33679,平快球,top
test6,33692,小球,bottom
test6,33715,小球,top
test6,33738,高遠球,bottom
test6,33772,切球,top
test6,33787,小球,bottom
test6,33812,平快球,top
test6,33836,殺球,bottom
test6,33847,小球,top
test6,33871,平快球,bottom
test6,33897,殺球,top
test6,33914,小球,bottom
test6,33939,小球,top
test6,33963,高遠球,bottom
test6,34002,切球,top
test6,34018,勾球,bottom
test6,34042,高遠球,top
test6,34074,切球,bottom
test6,34098,勾球,top
test6,34120,小球,bottom
test6,34144,高遠球,top
test6,34199,平快球,bottom
test6,34216,平快球,top
test6,34230,小球,bottom
test6,34253,勾球,top
test6,34276,高遠球,bottom
test6,36437,發球,top
test6,36461,小球,bottom
test6,36482,小球,top
test6,36502,高遠球,bottom
test6,36541,殺球,top
test6,36552,平快球,bottom
test6,36576,小球,top
test6,36600,高遠球,bottom
test6,36631,殺球,top
test6,36646,小球,bottom
test6,36668,平快球,top
test6,36685,小球,bottom
test6,36707,平快球,top
test6,36728,殺球,bottom
test6,36738,小球,top
test6,36759,高遠球,bottom
test6,36792,切球,top
test6,36812,小球,bottom
test6,36838,平快球,top
test6,36867,切球,bottom
test6,36882,勾球,top
test6,36903,小球,bottom
test6,37671,未知球種,
test6,37671,平快球,bottom
test6,37705,殺球,top
test6,37717,小球,bottom
test6,38215,發球,top
test6,38232,平快球,bottom
test6,38264,高遠球,top
test6,38292,切球,bottom
test6,38302,平快球,top
test6,38317,小球,bottom
test6,38337,平快球,top
test6,38358,殺球,bottom
test6,38372,平快球,top
test6,38389,平快球,bottom
test6,38422,切球,top
test6,38441,小球,bottom
test6,38464,小球,top
test6,38483,撲球,bottom
test6,39109,發球,bottom
test6,39129,平快球,top
test6,39150,殺球,bottom
test6,39923,發球,bottom
test6,39939,小球,top
test6,39960,高遠球,bottom
test6,39991,殺球,top
test6,40001,小球,bottom
test6,40026,小球,top
test6,40048,高遠球,bottom
test6,40097,切球,top
test6,40114,高遠球,bottom
test6,40135,殺球,top
test6,40145,小球,bottom
test6,40164,撲球,top
test6,40174,小球,bottom
test6,40750,小球,bottom
test6,40772,平快球,bottom
test6,40803,高遠球,top
test6,40830,殺球,bottom
test6,41577,發球,bottom
test6,41597,平快球,top
test6,41623,發球,top
test6,42173,發球,top
test6,42193,高遠球,bottom
test6,42221,高遠球,top
test6,42245,殺球,bottom
test6,42257,小球,top
test6,45854,發球,bottom
test6,45871,小球,top
test6,45893,平快球,bottom
test6,45952,殺球,top
test6,47102,發球,top
test6,47119,平快球,bottom
test6,47145,切球,top
test6,47157,小球,bottom
test6,47178,小球,top
test6,47200,小球,bottom
test6,47224,小球,top
test6,47795,發球,bottom
test6,47814,高遠球,top
test6,47844,切球,bottom
test6,47861,小球,top
test6,47885,小球,bottom
test6,47910,小球,top
test6,47934,高遠球,bottom
test6,47976,殺球,top
test6,47992,小球,bottom
test6,48013,撲球,top
test6,48732,未知球種,
test6,48732,平快球,top
test6,48773,切球,bottom
test6,48789,小球,top
test6,48807,小球,bottom
test6,48825,平快球,top
test6,48847,平快球,bottom
test6,48859,平快球,top
test6,48873,平快球,bottom
test6,48898,高遠球,top
test6,48940,殺球,bottom
test6,48950,小球,top
test6,48973,平快球,bottom
test6,49005,切球,top
test6,49028,小球,bottom
test6,49050,高遠球,top
test6,49080,切球,bottom
test6,49100,小球,top
test6,49125,高遠球,bottom
test6,49167,切球,top
test6,49185,勾球,bottom
test6,49208,高遠球,top
test6,49234,殺球,bottom
test6,49246,勾球,top
test6,49266,小球,bottom
test6,49285,小球,top
test6,49309,平快球,bottom
test6,49335,高遠球,top
test6,49356,殺球,bottom
test6,49369,勾球,top
test6,49394,高遠球,bottom
test6,49420,殺球,top
test6,49431,小球,bottom
test6,49454,平快球,top
test6,49476,殺球,bottom
test6,49488,小球,top
test6,49512,高遠球,bottom
test6,49543,殺球,top
test6,49554,小球,bottom
test6,49580,高遠球,top
test6,49609,高遠球,bottom
test6,49644,切球,top
test6,49661,小球,bottom
test6,49688,小球,top
test6,51082,發球,bottom
test6,51104,殺球,top
test6,51116,小球,bottom
test6,51144,高遠球,top
test6,51167,殺球,bottom
test6,51178,小球,top
test6,51710,發球,bottom
test6,51726,小球,top
test6,51748,高遠球,bottom
test6,51782,殺球,top
test6,51793,小球,bottom
test6,51817,平快球,top
test6,51833,殺球,bottom
test6,51842,平快球,top
test6,51857,殺球,bottom
test6,51866,平快球,top
test6,51882,平快球,bottom
test6,51901,高遠球,top
test6,51920,殺球,bottom
test6,51934,平快球,top
test6,51952,高遠球,bottom
test6,51978,殺球,top
test6,51990,勾球,bottom
test6,52014,平快球,top
test6,52033,高遠球,bottom
test6,52065,高遠球,top
test6,52096,切球,bottom
test6,52112,勾球,top
test6,52136,高遠球,bottom
test6,52866,發球,top
test6,52888,殺球,bottom
test6,52901,平快球,top
test6,52914,平快球,bottom
test6,52920,小球,top
test6,53722,發球,bottom
test6,53738,平快球,top
test6,53764,高遠球,bottom
test6,53790,高遠球,top
test6,53822,切球,bottom
test6,53838,撲球,top
test6,53850,高遠球,bottom
test6,53877,殺球,top
test6,53892,小球,bottom
test6,54551,平快球,bottom
test6,54592,切球,top
test6,54606,切球,top
test6,54612,小球,bottom
test6,54635,高遠球,top
test6,54663,殺球,bottom
test6,54674,小球,top
test6,54697,平快球,bottom
test6,54729,切球,top
test6,54747,平快球,bottom
test6,54780,切球,top
test6,54794,小球,bottom
test6,54816,小球,top
test6,54842,高遠球,bottom
test6,54874,殺球,top
test6,54884,小球,bottom
test6,54911,平快球,top
test6,54923,平快球,bottom
test6,54932,小球,top
test6,54954,小球,bottom
test6,54975,平快球,top
test6,54996,高遠球,bottom
test6,55021,高遠球,top
test6,55058,切球,bottom
test6,55083,高遠球,top
test6,55104,殺球,bottom
test6,55114,勾球,top
test6,55137,高遠球,bottom
test6,55176,切球,top
test6,55200,高遠球,bottom
test6,55234,殺球,top
test6,55248,勾球,bottom
test6,55277,平快球,top
test6,55299,高遠球,bottom
test6,55333,殺球,top
test6,57053,發球,top
test6,57069,小球,bottom
test6,57087,平快球,top
test6,57106,殺球,bottom
test6,57117,小球,top
test6,57136,小球,bottom
test6,57155,小球,top
test6,57175,高遠球,bottom
test6,57209,切球,top
test6,57221,平快球,bottom
test6,57235,小球,top
test6,57258,小球,bottom
test6,57278,小球,top
test6,57298,高遠球,bottom
test6,57332,高遠球,top
test6,57355,切球,bottom
test6,57375,勾球,top
test6,57400,平快球,bottom
test6,57432,切球,top
test6,57452,小球,bottom
test6,57476,高遠球,top
test6,57500,高遠球,bottom
test6,57531,殺球,top
test6,57546,小球,bottom
test6,57570,高遠球,top
test6,57595,殺球,bottom
test6,57608,小球,top
test6,57627,小球,bottom
test6,57647,小球,top
test6,57671,小球,bottom
test6,57696,小球,top
test6,57710,撲球,bottom
test6,61467,發球,top
test6,61483,平快球,bottom
test6,61507,殺球,top
test6,61519,平快球,bottom
test6,61533,平快球,top
test6,61546,平快球,bottom
test6,61570,切球,top
test6,61594,平快球,bottom
test6,61624,高遠球,top
test6,61656,殺球,bottom
test6,61666,勾球,top
test6,61695,小球,bottom
test6,61720,高遠球,top
test6,61758,高遠球,bottom
test6,61803,切球,top
test6,62243,發球,top
test6,62264,小球,bottom
test6,62291,高遠球,top
test6,62325,殺球,bottom
test6,62921,發球,top
test6,62940,小球,bottom
test6,62961,高遠球,top
test6,62990,高遠球,bottom
test6,63014,切球,top
test6,63028,小球,bottom
test6,63045,小球,top
test6,63067,平快球,bottom
test6,63092,切球,top
test6,63109,小球,bottom
test6,63131,高遠球,top
test6,63161,殺球,bottom
test6,63174,勾球,top
test6,63200,小球,bottom
test6,63226,高遠球,top
test6,63281,切球,bottom
test6,63298,勾球,top
test6,63318,小球,bottom
test6,63335,撲球,top
test6,63877,發球,top
test6,63897,高遠球,bottom
test6,63936,切球,top
test6,63959,平快球,bottom
test6,63982,切球,top
test6,64005,平快球,bottom
test6,64037,高遠球,top
test6,64070,殺球,bottom
test6,64637,發球,bottom
test6,64655,高遠球,top
test6,64681,切球,bottom
test6,64698,平快球,top
test6,64717,小球,bottom
test6,64731,平快球,top
test6,64755,殺球,bottom
test6,64766,勾球,top
test6,64792,平快球,bottom
test6,64816,高遠球,top
test6,64843,高遠球,bottom
test6,64860,殺球,top
test6,64873,平快球,bottom
test6,65524,未知球種,
test6,65524,殺球,top
test6,65547,殺球,top
test6,65559,小球,bottom
test6,65582,平快球,top
test6,65605,殺球,bottom
test6,65617,小球,top
test6,65646,高遠球,bottom
test6,65678,殺球,top
test6,65695,小球,bottom
test6,69689,發球,top
test6,69707,小球,bottom
test6,69729,高遠球,top
test6,69766,殺球,bottom
test6,69777,勾球,top
test6,69799,平快球,bottom
test6,69826,切球,top
test6,69844,撲球,bottom
test6,69856,小球,top
test6,69879,平快球,bottom
test6,69901,殺球,top
test6,69912,平快球,bottom
test6,69930,平快球,top
test6,69940,小球,bottom
test6,69958,平快球,top
test6,69976,高遠球,bottom
test6,69995,高遠球,top
test6,70497,高遠球,top
test6,70532,高遠球,bottom
test6,70558,切球,top
test6,70573,勾球,bottom
test6,70595,高遠球,top
test6,70633,殺球,bottom
test6,70646,小球,top
test6,70674,小球,bottom
test6,70698,小球,top
test6,70727,小球,bottom
test6,70779,殺球,top
test6,71357,發球,top
test6,71376,平快球,bottom
test6,71405,切球,top
test6,71422,小球,bottom
test6,71445,小球,top
test6,71469,高遠球,bottom
test6,71509,切球,top
test6,71526,小球,bottom
test6,71542,小球,top
test6,71562,平快球,bottom
test6,71587,高遠球,top
test6,71616,殺球,bottom
test6,72116,發球,bottom
test6,72135,高遠球,top
test6,72165,殺球,bottom
test6,72178,勾球,top
test6,72208,小球,bottom
test6,72233,高遠球,top
test6,72269,切球,bottom
test6,72287,小球,top
test6,72309,平快球,bottom
test6,72329,殺球,top
test6,72339,平快球,bottom
test6,72358,勾球,top
test6,72379,平快球,bottom
test6,72403,高遠球,top
test6,72442,切球,bottom
test6,72455,小球,top
test6,72482,平快球,bottom
test6,72505,高遠球,top
test6,72543,切球,bottom
test6,72561,小球,top
test6,73300,未知球種,
test6,73311,平快球,bottom
test6,73343,高遠球,top
test6,73373,殺球,bottom
test6,73383,勾球,top
test6,73843,發球,top
test6,73861,小球,bottom
test6,73883,高遠球,top
test6,73920,切球,bottom
test6,73932,小球,top
test6,73955,平快球,bottom
test6,73980,殺球,top
test6,73991,小球,bottom
test6,74011,小球,top
test6,74037,平快球,bottom
test6,74067,切球,top
test6,74082,小球,bottom
test6,74103,平快球,top
test6,74122,殺球,bottom
test6,74134,小球,top
test6,74155,撲球,bottom
test6,74168,勾球,top
test6,74193,小球,bottom
test6,74218,高遠球,top
test6,74267,殺球,bottom
test6,74278,小球,top
test6,74300,小球,bottom
test6,74321,高遠球,top
test6,74358,高遠球,bottom
test6,74382,殺球,top
test6,74398,小球,bottom
test6,74427,高遠球,top
test6,74477,高遠球,bottom
test6,74516,殺球,top
test6,74530,小球,bottom
test6,74556,高遠球,top
test6,74600,切球,bottom
test6,75851,發球,top
test6,75868,平快球,bottom
test6,75891,切球,top
test6,75902,小球,bottom
test6,75922,小球,top
test6,75941,小球,bottom
test6,75961,高遠球,top
test6,76012,殺球,bottom
test6,76023,勾球,top
test6,76049,小球,bottom
test6,76071,高遠球,top
test6,76106,切球,bottom
test6,76125,小球,top
test6,76147,平快球,bottom
test6,76163,高遠球,top
test6,76185,殺球,bottom
test6,76714,發球,bottom
test6,76741,高遠球,top
test6,76772,高遠球,bottom
test6,76796,切球,top
test6,76815,平快球,bottom
test6,76831,殺球,top
test6,76841,高遠球,bottom
test6,76867,殺球,top
test6,76881,高遠球,bottom
test6,78154,發球,bottom
test6,78174,勾球,top
test6,78198,高遠球,bottom
test6,78231,殺球,top
test6,78243,小球,bottom
test6,78265,平快球,top
test6,78281,高遠球,bottom
test6,78311,殺球,top
test6,78321,小球,bottom
test6,78347,高遠球,top
test6,78387,高遠球,bottom
test6,78416,切球,top
test6,78436,小球,bottom
test6,78459,小球,top
test6,78484,高遠球,bottom
test6,78535,切球,top
test6,78552,小球,bottom
test6,78575,高遠球,top
test6,78612,切球,bottom
test6,78635,小球,top
test6,78660,小球,bottom
test6,78684,高遠球,top
test6,78735,殺球,bottom
test6,78750,小球,top
test6,78766,撲球,bottom
test6,79648,未知球種,
test6,79661,平快球,bottom
test6,79685,切球,top
test6,79710,小球,bottom
test6,79733,小球,top
test6,79754,高遠球,bottom
test6,79794,切球,top
test6,79808,平快球,bottom
test6,79821,平快球,top
test6,79831,平快球,bottom
test6,79843,小球,top
test6,79861,平快球,bottom
test6,79884,殺球,top
test6,79900,小球,bottom
test6,79926,小球,top
test6,79948,高遠球,bottom
test6,79986,高遠球,top
test6,80029,殺球,bottom
test6,81891,發球,top
test6,81912,平快球,bottom
test6,81940,高遠球,top
test6,81973,高遠球,bottom
test6,82006,切球,top
test6,82023,平快球,bottom
test6,82040,殺球,top
test6,82048,高遠球,bottom
test6,82071,殺球,top
test6,82691,平快球,bottom
test6,82715,高遠球,top
test6,82741,殺球,bottom
test6,82756,小球,top
test6,82775,撲球,bottom
test6,82785,高遠球,top
test6,82822,切球,bottom
test6,83388,發球,top
test6,83405,勾球,bottom
test6,83428,高遠球,top
test6,83465,殺球,bottom
test6,83976,高遠球,top
test6,83996,高遠球,top
test6,84027,高遠球,bottom
test6,84049,殺球,top
test6,84061,小球,bottom
test6,84549,小球,bottom
test6,84571,平快球,top
test6,84603,切球,bottom
test6,84615,小球,top
test6,84626,未知球種,
test6,84635,高遠球,bottom
test6,84666,切球,top
test6,85111,小球,top
test6,85133,小球,bottom
test6,85156,高遠球,top
test6,85191,高遠球,bottom
test6,85215,切球,top
test6,85222,未知球種,
test6,85231,勾球,bottom
test6,85255,高遠球,top
test6,85287,高遠球,bottom
test6,85313,殺球,top
test6,85328,平快球,bottom
test6,85350,平快球,top
test6,85371,小球,bottom
test6,86719,發球,top
test6,86740,平快球,bottom
test6,86767,切球,top
test6,86787,平快球,bottom
test6,86806,小球,top
test6,86829,平快球,bottom
test6,86856,切球,top
test6,86880,平快球,bottom
test6,86904,切球,top
test6,86918,小球,bottom
test6,86946,高遠球,top
test6,86982,平快球,bottom
test6,86998,切球,top
test6,87018,平快球,bottom
test6,87030,殺球,top
test6,87037,平快球,bottom
test6,87048,小球,top
test6,87067,平快球,bottom
test6,87091,切球,top
test6,87108,平快球,bottom
test6,87131,高遠球,top
test6,87167,切球,bottom
test6,87184,勾球,top
test6,87208,小球,bottom
test6,87233,高遠球,top
test6,87282,高遠球,bottom
test6,87320,殺球,top
test6,88269,發球,bottom
test6,88290,高遠球,top
test6,88313,殺球,bottom
test6,88946,發球,bottom
test6,88966,高遠球,top
test6,89001,切球,bottom
test6,89017,小球,top
test6,89036,小球,bottom
test6,89059,高遠球,top
test6,89089,殺球,bottom
test6,89100,小球,top
test6,89125,高遠球,bottom
test6,89151,高遠球,top
test6,89180,切球,bottom
test6,89201,小球,top
test6,89225,平快球,bottom
test6,89251,高遠球,top
test6,89284,殺球,bottom
test6,89295,小球,top
test6,89321,小球,bottom
test6,89345,高遠球,top
test6,89384,切球,bottom
test6,89919,發球,top
test6,89936,平快球,bottom
test6,89961,切球,top
test6,89987,小球,bottom
test6,90009,小球,top
test6,90026,小球,bottom
test6,90704,發球,top
test6,90724,平快球,bottom
test6,90751,切球,top
test6,90766,小球,bottom
test6,90789,高遠球,top
test6,90823,殺球,bottom
test6,90837,小球,top
test6,90867,小球,bottom
test6,90894,高遠球,top
test6,90932,殺球,bottom
test6,90947,小球,top
test6,90973,高遠球,bottom
test6,91006,殺球,top
test6,91017,小球,bottom
test6,91040,小球,top
test6,91066,小球,bottom
test6,91581,發球,top
test6,91596,小球,bottom
test6,91616,高遠球,top
test6,91652,殺球,bottom
test6,92333,發球,top
test6,92354,平快球,bottom
test6,92379,殺球,top
test6,92391,平快球,bottom
test6,92406,小球,top
test6,92423,平快球,bottom
test6,92443,高遠球,top
test6,92479,殺球,bottom
test6,93014,發球,bottom
test6,93044,切球,top
test6,93062,小球,bottom
test6,93088,平快球,top
test6,93575,未知球種,
test6,93585,小球,top
test6,93607,小球,bottom
test6,93630,小球,top
test6,93652,高遠球,bottom
test6,93691,高遠球,top
test6,93727,切球,bottom
test6,93747,小球,top
test6,93768,小球,bottom
test6,93789,高遠球,top
test6,93835,切球,bottom
test6,93852,小球,top
test6,93877,平快球,bottom
test6,93898,殺球,top
test6,93909,平快球,bottom
test6,93927,撲球,top
test6,94439,平快球,bottom
test6,94463,高遠球,top
test6,94492,切球,bottom
test7,10478,發球,bottom
test7,10496,平快球,top
test7,10525,切球,bottom
test7,10547,高遠球,top
test7,10582,切球,bottom
test7,10605,小球,top
test7,10630,高遠球,bottom
test7,10679,殺球,top
test7,11101,發球,top
test7,11120,小球,bottom
test7,11142,高遠球,top
test7,11174,切球,bottom
test7,11193,平快球,top
test7,11214,切球,bottom
test7,11237,小球,top
test7,11741,發球,bottom
test7,11757,小球,top
test7,12166,發球,bottom
test7,12183,平快球,top
test7,12202,平快球,bottom
test7,12222,平快球,top
test7,12253,高遠球,bottom
test7,12286,高遠球,top
test7,12317,切球,bottom
test7,12330,撲球,top
test7,12744,發球,top
test7,12764,高遠球,bottom
test7,12799,平快球,top
test7,12813,小球,bottom
test7,12834,高遠球,top
test7,12859,殺球,bottom
test7,12868,高遠球,top
test7,12892,殺球,bottom
test7,13432,發球,bottom
test7,13450,平快球,top
test7,13477,切球,bottom
test7,13498,平快球,top
test7,13520,高遠球,bottom
test7,13537,殺球,top
test7,13982,發球,top
test7,14006,高遠球,bottom
test7,14036,殺球,top
test7,14050,小球,bottom
test7,14075,平快球,top
test7,14107,平快球,bottom
test7,14123,勾球,top
test7,14145,小球,bottom
test7,14168,平快球,top
test7,14192,高遠球,bottom
test7,14218,高遠球,top
test7,14247,殺球,bottom
test7,14257,小球,top
test7,14286,高遠球,bottom
test7,14313,高遠球,top
test7,14341,殺球,bottom
test7,14354,勾球,top
test7,14380,高遠球,bottom
test7,14410,高遠球,top
test7,14436,切球,bottom
test7,14458,小球,top
test7,14489,平快球,bottom
test7,14520,高遠球,top
test7,14545,高遠球,bottom
test7,14579,切球,top
test7,14598,小球,bottom
test7,14626,平快球,top
test7,14649,高遠球,bottom
test7,14666,殺球,top
test7,14682,小球,bottom
test7,14711,高遠球,top
test7,14746,高遠球,bottom
test7,14783,切球,top
test7,14807,勾球,bottom
test7,14834,平快球,top
test7,16367,發球,bottom
test7,16392,小球,top
test7,16412,高遠球,bottom
test7,16446,切球,top
test7,16467,小球,bottom
test7,16490,小球,top
test7,16513,高遠球,bottom
test7,16552,高遠球,top
test7,16578,殺球,bottom
test7,16959,發球,top
test7,16986,殺球,bottom
test7,17000,小球,top
test7,17023,小球,bottom
test7,17045,小球,top
test7,17064,高遠球,bottom
test7,17097,殺球,top
test7,17537,發球,top
test7,17560,平快球,bottom
test7,17591,高遠球,top
test7,17613,殺球,bottom
test7,17624,高遠球,top
test7,17654,殺球,bottom
test7,17665,小球,top
test7,17692,高遠球,bottom
test7,18145,發球,top
test7,18165,勾球,bottom
test7,18185,高遠球,top
test7,18217,平快球,bottom
test7,18235,小球,top
test7,18256,高遠球,bottom
test7,18293,殺球,top
test7,18306,小球,bottom
test7,18333,平快球,top
test7,18362,高遠球,bottom
test7,18390,殺球,top
test7,18404,小球,bottom
test7,18435,平快球,top
test7,19539,發球,bottom
test7,19558,平快球,top
test7,19585,切球,bottom
test7,19609,平快球,top
test7,19630,殺球,bottom
test7,19642,高遠球,top
test7,19674,切球,bottom
test7,19699,小球,top
test7,19721,平快球,bottom
test7,19753,高遠球,top
test7,19776,切球,bottom
test7,21171,發球,top
test7,21191,小球,bottom
test7,21209,小球,top
test7,21228,高遠球,bottom
test7,21266,切球,top
test7,21813,發球,bottom
test7,21827,小球,top
test7,21847,高遠球,bottom
test7,21894,殺球,top
test7,22568,發球,top
test7,22587,小球,bottom
test7,22607,小球,top
test7,22627,高遠球,bottom
test7,22683,高遠球,top
test7,22711,殺球,bottom
test7,23617,發球,top
test7,23634,高遠球,bottom
test7,23664,高遠球,top
test7,23690,切球,bottom
test7,23713,平快球,top
test7,23740,切球,bottom
test7,23762,小球,top
test7,23788,平快球,bottom
test7,23821,高遠球,top
test7,23857,殺球,bottom
test7,23870,小球,top
test7,23895,平快球,bottom
test7,23929,切球,top
test7,23948,勾球,bottom
test7,23967,小球,top
test7,23988,小球,bottom
test7,24012,高遠球,top
test7,24051,殺球,bottom
test7,24582,發球,bottom
test7,24592,平快球,top
test7,24614,平快球,bottom
test7,24627,平快球,top
test7,24642,小球,bottom
test7,24664,小球,top
test7,24690,平快球,bottom
test7,24720,高遠球,top
test7,24755,殺球,bottom
test7,24766,小球,top
test7,24791,平快球,bottom
test7,24826,切球,top
test7,24848,勾球,bottom
test7,24869,高遠球,top
test7,24903,切球,bottom
test7,24921,高遠球,top
test7,24949,殺球,bottom
test7,24962,小球,top
test7,24982,高遠球,bottom
test7,25012,殺球,top
test7,25024,小球,bottom
test7,25044,平快球,top
test7,25057,平快球,bottom
test7,25064,平快球,top
test7,25072,平快球,bottom
test7,25085,高遠球,top
test7,25120,切球,bottom
test7,25143,高遠球,top
test7,25173,切球,bottom
test7,25191,平快球,top
test7,25218,高遠球,bottom
test7,25251,切球,top
test7,25276,勾球,bottom
test7,25303,小球,top
test7,25326,小球,bottom
test7,25337,撲球,top
test7,29580,發球,top
test7,29598,小球,bottom
test7,29619,小球,top
test7,29638,高遠球,bottom
test7,29677,切球,top
test7,29696,小球,bottom
test7,29719,小球,top
test7,29741,小球,bottom
test7,29762,高遠球,top
test7,29826,殺球,bottom
test7,29834,小球,top
test7,30497,發球,bottom
test7,30510,平快球,top
test7,30539,殺球,bottom
test7,30550,小球,top
test7,30569,小球,bottom
test7,30590,小球,top
test7,31081,發球,bottom
test7,31095,平快球,top
test7,31122,平快球,bottom
test7,31137,小球,top
test7,31156,小球,bottom
test7,31174,小球,top
test7,31197,高遠球,bottom
test7,31229,切球,top
test7,31249,勾球,bottom
test7,31275,小球,top
test7,31297,高遠球,bottom
test7,31350,殺球,top
test7,31359,平快球,bottom
test7,31381,平快球,top
test7,31391,平快球,bottom
test7,31398,平快球,top
test7,31942,發球,bottom
test7,31959,小球,top
test7,31980,高遠球,bottom
test7,32013,切球,top
test7,32036,小球,bottom
test7,32059,高遠球,top
test7,32090,切球,bottom
test7,32114,高遠球,top
test7,32140,殺球,bottom
test7,32152,小球,top
test7,32173,小球,bottom
test7,32192,小球,top
test7,32213,勾球,bottom
test7,32740,發球,top
test7,32762,小球,bottom
test7,32782,小球,top
test7,32806,高遠球,bottom
test7,33447,發球,top
test7,33466,小球,bottom
test7,33487,小球,top
test7,33509,高遠球,bottom
test7,33545,殺球,top
test7,33558,小球,bottom
test7,33584,平快球,top
test7,33595,小球,bottom
test7,33615,平快球,top
test7,33635,殺球,bottom
test7,33650,小球,top
test7,33673,撲球,bottom
test7,33678,小球,top
test7,34710,發球,bottom
test7,34728,小球,top
test7,34750,小球,bottom
test7,34770,高遠球,top
test7,34815,殺球,bottom
test7,34826,小球,top
test7,34845,小球,bottom
test7,34866,小球,top
test7,34886,小球,bottom
test7,34908,高遠球,top
test7,34966,殺球,bottom
test7,36895,發球,bottom
test7,36911,小球,top
test7,36930,高遠球,bottom
test7,36968,切球,top
test7,36984,小球,bottom
test7,37007,小球,top
test7,37032,高遠球,bottom
test7,37069,平快球,top
test7,37084,小球,bottom
test7,37104,平快球,top
test7,37129,切球,bottom
test7,37150,勾球,top
test7,37172,高遠球,bottom
test7,37202,殺球,top
test7,37215,小球,bottom
test7,37240,小球,top
test7,37264,勾球,bottom
test7,37285,小球,top
test7,37305,小球,bottom
test7,37326,小球,top
test7,38017,發球,bottom
test7,38035,平快球,top
test7,38064,平快球,bottom
test7,38076,小球,top
test7,38101,小球,bottom
test7,38124,高遠球,top
test7,38177,高遠球,bottom
test7,38910,發球,bottom
test7,38925,平快球,top
test7,38947,殺球,bottom
test7,38959,平快球,top
test7,38970,小球,bottom
test7,38987,平快球,top
test7,39587,發球,bottom
test7,39603,小球,top
test7,39625,平快球,bottom
test7,39663,切球,top
test7,39681,小球,bottom
test7,39704,高遠球,top
test7,39746,殺球,bottom
test7,39758,小球,top
test7,39776,平快球,bottom
test7,39811,高遠球,top
test7,39840,殺球,bottom
test7,39854,小球,top
test7,40527,發球,bottom
test7,40543,小球,top
test7,40564,小球,bottom
test7,40584,小球,top
test7,41140,發球,bottom
test7,41164,小球,top
test7,41181,高遠球,bottom
test7,41210,殺球,top
test7,41224,勾球,bottom
test7,41251,高遠球,top
test7,41279,平快球,bottom
test7,41298,平快球,top
test7,41309,平快球,bottom
test7,41322,小球,top
test7,41340,高遠球,bottom
test7,41375,切球,top
test7,41397,高遠球,bottom
test7,41424,殺球,top
test7,41438,小球,bottom
test7,41464,撲球,top
test7,43080,發球,bottom
test7,43101,平快球,top
test7,43125,殺球,bottom
test7,43135,小球,top
test7,43159,小球,bottom
test7,43175,平快球,top
test7,43203,切球,bottom
test7,43221,平快球,top
test7,43247,切球,bottom
test7,43266,平快球,top
test7,43285,殺球,bottom
test7,43294,平快球,top
test7,43312,殺球,bottom
test7,44580,發球,bottom
test7,44600,平快球,top
test7,45163,發球,top
test7,45178,小球,bottom
test7,45191,平快球,top
test7,45214,高遠球,bottom
test7,45246,殺球,top
test7,45258,小球,bottom
test7,45282,小球,top
test7,45308,高遠球,bottom
test7,45343,切球,top
test7,45367,小球,bottom
test7,45390,平快球,top
test7,45418,平快球,bottom
test7,45432,平快球,top
test7,45444,平快球,bottom
test7,45461,殺球,top
test7,45471,小球,bottom
test7,45493,平快球,top
test7,45520,殺球,bottom
test7,46279,發球,top
test7,46316,小球,bottom
test7,46335,勾球,top
test7,46361,小球,bottom
test7,46379,勾球,top
test7,46398,小球,bottom
test7,46419,高遠球,top
test7,46463,殺球,bottom
test7,46478,小球,top
test7,46503,小球,bottom
test7,46520,勾球,top
test7,46542,高遠球,bottom
test7,46571,殺球,top
test7,46586,小球,bottom
test7,46613,小球,top
test7,46636,平快球,bottom
test7,46670,高遠球,top
test7,46700,切球,bottom
test7,46721,小球,top
test7,46747,高遠球,bottom
test7,47588,發球,top
test7,47611,小球,bottom
test7,47628,小球,top
test7,47646,高遠球,bottom
test7,47683,殺球,top
test7,47693,小球,bottom
test7,47715,小球,top
test7,47736,平快球,bottom
test7,47764,切球,top
test7,47788,小球,bottom
test7,47805,平快球,top
test7,47835,殺球,bottom
test7,47850,小球,top
test7,47876,高遠球,bottom
test7,47918,切球,top
test7,47934,小球,bottom
test7,47958,小球,top
test7,51952,發球,top
test7,51969,小球,bottom
test7,51989,高遠球,top
test7,52023,平快球,bottom
test7,52037,小球,top
test7,52051,平快球,bottom
test7,52068,小球,top
test7,52093,小球,bottom
test7,53595,發球,top
test7,53615,平快球,bottom
test7,53646,殺球,top
test7,53658,小球,bottom
test7,53682,小球,top
test7,53703,高遠球,bottom
test7,53730,殺球,top
test7,53744,小球,bottom
test7,53765,高遠球,top
test7,53795,高遠球,bottom
test7,53823,殺球,top
test7,53835,小球,bottom
test7,53859,高遠球,top
test7,53884,殺球,bottom
test7,54983,發球,bottom
test7,55017,小球,top
test7,55035,小球,bottom
test7,55059,高遠球,top
test7,55092,切球,bottom
test7,55115,高遠球,top
test7,55150,切球,bottom
test7,55169,小球,top
test7,55192,小球,bottom
test7,55212,高遠球,top
test7,55243,殺球,bottom
test7,55251,未知球種,
test7,55857,小球,top
test7,55871,小球,bottom
test7,55891,小球,top
test7,55912,高遠球,bottom
test7,55951,殺球,top
test7,56610,發球,bottom
test7,56627,小球,top
test7,56646,小球,bottom
test7,56666,高遠球,top
test7,56701,切球,bottom
test7,56720,小球,top
test7,56739,小球,bottom
test7,56759,高遠球,top
test7,56792,高遠球,bottom
test7,56822,殺球,top
test7,57963,發球,top
test7,57980,平快球,bottom
test7,58007,平快球,top
test7,58020,平快球,bottom
test7,58039,小球,top
test7,58059,平快球,bottom
test7,58093,殺球,top
test7,58103,平快球,bottom
test7,58122,小球,top
test7,58137,小球,bottom
test7,58165,高遠球,top
test7,58628,發球,bottom
test7,58649,高遠球,top
test7,58678,殺球,bottom
test7,58691,小球,top
test7,58713,小球,bottom
test7,58739,高遠球,top
test7,58773,平快球,bottom
test7,58788,平快球,top
test7,58801,平快球,bottom
test7,58812,切球,top
test7,58837,高遠球,bottom
test7,58869,殺球,top
test7,58882,小球,bottom
test7,58905,高遠球,top
test7,58937,切球,bottom
test7,58959,小球,top
test7,58980,小球,bottom
test7,59004,高遠球,top
test7,59523,發球,bottom
test7,59543,高遠球,top
test7,59572,殺球,bottom
test7,59585,小球,top
test7,59613,平快球,bottom
test7,59635,殺球,top
test7,59646,小球,bottom
test7,60443,發球,top
test7,60458,小球,bottom
test7,60476,小球,top
test7,60498,小球,bottom
test7,60521,高遠球,top
test7,60556,殺球,bottom
test7,61078,發球,bottom
test7,61096,小球,top
test7,61113,勾球,bottom
test7,61129,高遠球,top
test7,61168,高遠球,bottom
test7,61718,發球,top
test7,61734,小球,bottom
test7,61753,小球,top
test7,61772,平快球,bottom
test7,61799,切球,top
test7,61817,平快球,bottom
test7,61829,小球,top
test7,61846,平快球,bottom
test7,61858,平快球,top
test7,61868,平快球,bottom
test7,62470,發球,top
test7,62484,勾球,bottom
test7,62505,小球,top
test7,62527,小球,bottom
test7,62550,高遠球,top
test7,62588,切球,bottom
test7,62606,小球,top
test7,62627,小球,bottom
test7,62649,高遠球,top
test7,62679,殺球,bottom
test7,63279,發球,bottom
test7,63298,小球,top
test7,63316,平快球,bottom
test7,63343,殺球,top
test7,63355,小球,bottom
test7,63379,小球,top
test7,63396,小球,bottom
test7,63417,小球,top
test7,63436,高遠球,bottom
test7,63488,殺球,top
test7,64660,發球,bottom
test7,64684,高遠球,top
test7,64713,切球,bottom
test7,64732,小球,top
test7,64753,小球,bottom
test7,64773,高遠球,top
test7,64807,殺球,bottom
test7,64819,小球,top
test7,64837,小球,bottom
test7,64855,小球,top
test7,64874,小球,bottom
test7,64897,高遠球,top
test7,64949,切球,bottom
test7,64971,小球,top
test7,64992,小球,bottom
test7,65016,高遠球,top
test7,65056,殺球,bottom
test7,65065,小球,top
test7,65087,撲球,bottom
test7,65939,發球,bottom
test7,65957,小球,top
test7,65975,小球,bottom
test7,65997,高遠球,top
test7,66031,高遠球,bottom
test7,66050,切球,top
test7,66071,小球,bottom
test7,66094,小球,top
test7,66116,高遠球,bottom
test7,66157,殺球,top
test7,66169,小球,bottom
test7,66194,撲球,top
test7,66204,平快球,bottom
test7,66223,切球,top
test7,66242,小球,bottom
test7,66264,小球,top
test7,66277,撲球,bottom
test7,69432,發球,top
test7,69444,小球,bottom
test7,69462,高遠球,top
test7,69490,切球,bottom
test7,69506,小球,top
test7,69529,小球,bottom
test7,69553,小球,top
test7,71859,發球,bottom
test7,71884,小球,top
test7,71903,小球,bottom
test7,71928,高遠球,top
test7,71962,平快球,bottom
test7,71972,小球,top
test7,71993,小球,bottom
test7,72016,高遠球,top
test7,72050,切球,bottom
test7,72069,小球,top
test7,72093,高遠球,bottom
test7,72131,切球,top
test7,72147,小球,bottom
test7,72167,高遠球,top
test7,72197,殺球,bottom
test7,72204,小球,top
test7,72718,發球,bottom
test7,72736,小球,top
test7,72754,小球,bottom
test7,72775,高遠球,top
test7,72809,殺球,bottom
test7,72818,小球,top
test7,72842,平快球,bottom
test7,72872,殺球,top
test7,72886,小球,bottom
test7,72907,小球,top
test7,72931,高遠球,bottom
test7,72970,殺球,top
test7,72981,小球,bottom
test7,72999,小球,top
test7,73024,小球,bottom
test7,73042,小球,top
test7,73068,高遠球,bottom
test7,73117,切球,top
test7,73138,勾球,bottom
test7,73158,高遠球,top
test7,73195,切球,bottom
test7,73213,勾球,top
test7,73236,小球,bottom
test7,73254,撲球,top
test7,74033,發球,bottom
test7,74050,平快球,top
test7,74072,殺球,bottom
test7,74082,勾球,top
test7,74112,高遠球,bottom
test7,74608,發球,top
test7,74628,小球,bottom
test7,74650,高遠球,top
test7,74685,高遠球,bottom
test7,74714,殺球,top
test7,74728,小球,bottom
test7,74751,高遠球,top
test7,74783,切球,bottom
test7,74807,小球,top
test7,74828,勾球,bottom
test7,75455,發球,top
test7,75470,平快球,bottom
test7,75498,殺球,top
test7,75509,小球,bottom
test7,75530,小球,top
test7,75547,平快球,bottom
test7,75552,平快球,top
test7,75562,平快球,bottom
test7,75576,小球,top
test7,75597,高遠球,bottom
test7,75630,殺球,top
test7,75645,小球,bottom
test7,75672,平快球,top
test7,75697,平快球,bottom
test7,75709,小球,top
test7,75730,小球,bottom
test7,75752,高遠球,top
test7,75789,高遠球,bottom
test7,75816,殺球,top
test7,75828,小球,bottom
test7,77104,發球,bottom
test7,77121,小球,top
test7,77140,高遠球,bottom
test7,77173,平快球,top
test7,77183,平快球,bottom
test7,77202,平快球,top
test7,77210,勾球,bottom
test7,77230,平快球,top
test7,77261,切球,bottom
test7,77283,小球,top
test7,77304,高遠球,bottom
test7,77345,切球,top
test7,77363,小球,bottom
test7,77391,高遠球,top
test7,77424,高遠球,bottom
test7,77458,殺球,top
test7,77471,小球,bottom
test7,78563,發球,top
test7,78581,小球,bottom
test7,78603,高遠球,top
test7,78638,殺球,bottom
test7,78654,小球,top
test7,78676,高遠球,bottom
test7,78709,殺球,top
test7,78722,平快球,bottom
test7,78738,平快球,top
test7,78752,平快球,bottom
test7,78765,平快球,top
test7,78774,小球,bottom
test7,78793,高遠球,top
test7,78825,切球,bottom
test7,78846,小球,top
test7,78870,高遠球,bottom
test7,78902,殺球,top
test7,78915,勾球,bottom
test7,78939,高遠球,top
test7,78965,殺球,bottom
test7,78979,小球,top
test7,79002,撲球,bottom
test7,79997,發球,bottom
test7,80014,小球,top
test7,80032,小球,bottom
test7,80054,小球,top
test7,80077,高遠球,bottom
test7,80115,平快球,top
test7,80127,小球,bottom
test7,80149,小球,top
test7,80168,小球,bottom
test7,80762,發球,top
test7,80779,平快球,bottom
test7,80813,切球,top
test7,80833,平快球,bottom
test7,80859,殺球,top
test7,80875,小球,bottom
test7,80899,小球,top
test7,80916,平快球,bottom
test7,80952,切球,top
test7,80968,小球,bottom
test7,80989,小球,top
test7,81010,小球,bottom
test7,81030,高遠球,top
test7,81059,高遠球,bottom
test7,81090,切球,top
test7,81107,小球,bottom
test7,81133,高遠球,top
test7,81166,高遠球,bottom
test7,81197,殺球,top
test7,83720,發球,top
test7,83746,切球,bottom
test7,83774,殺球,top
test7,84475,發球,top
test7,84492,小球,bottom
test7,84514,小球,top
test7,84537,高遠球,bottom
test7,84580,殺球,top
test7,84594,小球,bottom
test7,84615,小球,top
test7,84634,小球,bottom
test7,84651,高遠球,top
test7,84682,殺球,bottom
test7,84695,小球,top
test7,84718,小球,bottom
test7,84741,小球,top
test7,84762,小球,bottom
test7,84776,小球,top
test7,85729,發球,bottom
test7,85753,小球,top
test7,85775,小球,bottom
test7,85794,高遠球,top
test7,85825,平快球,bottom
test7,85841,小球,top
test7,85857,小球,bottom
test7,85876,高遠球,top
test7,85913,切球,bottom
test7,85925,小球,top
test7,85944,小球,bottom
test7,85960,撲球,top
test7,86647,發球,top
test7,86660,小球,bottom
test7,86680,高遠球,top
test7,86708,殺球,bottom
test7,86720,小球,top
test7,86741,勾球,bottom
test7,86760,小球,top
test7,86780,高遠球,bottom
test7,86822,殺球,top
test7,86834,小球,bottom
test7,86858,小球,top
test7,86879,高遠球,bottom
test7,86922,殺球,top
test7,86935,小球,bottom
test7,86956,小球,top
test7,86984,高遠球,bottom
test7,87020,切球,top
test7,87034,小球,bottom
test7,87056,小球,top
test7,87075,小球,bottom
test7,87101,高遠球,top
test7,87143,切球,bottom
test7,87167,小球,top
test7,87187,小球,bottom
test7,87200,小球,top
test7,87221,勾球,bottom
test7,89069,發球,bottom
test7,89086,小球,top
test7,89102,小球,bottom
test7,89121,小球,top
test7,89139,小球,bottom
test7,89160,小球,top
test7,89186,高遠球,bottom
test7,89222,平快球,top
test7,89236,小球,bottom
test7,89954,發球,top
test7,89967,小球,bottom
test7,89986,高遠球,top
test7,90026,切球,bottom
test7,90048,小球,top
test7,90070,平快球,bottom
test7,90107,殺球,top
test7,90119,平快球,bottom
test7,90135,小球,top
test7,90152,小球,bottom
test7,90171,小球,top
test7,90192,高遠球,bottom
test7,90228,殺球,top
test7,90240,小球,bottom
test7,90260,平快球,top
test7,91182,發球,top
test7,91196,小球,bottom
test7,91216,小球,top
test7,91239,小球,top
test7,91946,發球,top
test7,91962,小球,bottom
test7,91983,高遠球,top
test7,92013,殺球,bottom
test7,92027,小球,top
test7,92047,平快球,bottom
test7,92060,平快球,top
test7,92068,平快球,bottom
test7,92080,平快球,top
test7,92090,平快球,bottom
test8,13874,發球,bottom
test8,13891,小球,top
test8,13911,高遠球,bottom
test8,13941,殺球,top
test8,13951,小球,bottom
test8,13978,高遠球,top
test8,14005,高遠球,bottom
test8,14342,發球,top
test8,14358,勾球,bottom
test8,14378,高遠球,top
test8,14408,殺球,bottom
test8,14421,勾球,top
test8,14445,小球,bottom
test8,14469,高遠球,top
test8,14503,切球,bottom
test8,14525,高遠球,top
test8,14556,切球,bottom
test8,14576,小球,top
test8,14602,小球,bottom
test8,14617,平快球,top
test8,15045,發球,top
test8,15065,高遠球,bottom
test8,15098,高遠球,top
test8,15132,高遠球,bottom
test8,15164,高遠球,top
test8,15194,殺球,bottom
test8,15208,勾球,top
test8,15234,高遠球,bottom
test8,15272,高遠球,top
test8,15298,切球,bottom
test8,15320,小球,top
test8,15846,高遠球,top
test8,15872,殺球,bottom
test8,15884,小球,top
test8,15904,小球,bottom
test8,16459,發球,top
test8,16477,平快球,bottom
test8,16495,切球,top
test8,16851,發球,top
test8,16868,勾球,bottom
test8,16888,小球,top
test8,16909,平快球,bottom
test8,16944,高遠球,top
test8,16975,殺球,bottom
test8,17386,發球,bottom
test8,17403,勾球,top
test8,17422,高遠球,bottom
test8,17451,高遠球,top
test8,17476,切球,bottom
test8,17499,高遠球,top
test8,17530,切球,bottom
test8,17552,小球,top
test8,17575,高遠球,bottom
test8,17604,高遠球,top
test8,18059,發球,top
test8,18078,小球,bottom
test8,18098,小球,top
test8,18120,高遠球,bottom
test8,18147,殺球,top
test8,18157,小球,bottom
test8,18185,勾球,top
test8,18208,小球,bottom
test8,18818,發球,top
test8,18839,高遠球,bottom
test8,18865,高遠球,top
test8,18897,殺球,bottom
test8,18907,勾球,top
test8,19331,發球,bottom
test8,19355,高遠球,top
test8,19384,殺球,bottom
test8,19900,小球,bottom
test8,19919,高遠球,top
test8,19955,殺球,bottom
test8,19966,勾球,top
test8,19990,小球,bottom
test8,20014,高遠球,top
test8,20045,切球,bottom
test8,20066,高遠球,top
test8,20091,切球,bottom
test8,20112,高遠球,top
test8,20145,高遠球,bottom
test8,20173,高遠球,top
test8,20206,殺球,bottom
test8,20220,小球,top
test8,20246,小球,bottom
test8,21373,發球,top
test8,21393,小球,bottom
test8,21805,發球,top
test8,21824,高遠球,bottom
test8,21850,切球,top
test8,21860,勾球,bottom
test8,21883,高遠球,top
test8,21910,殺球,bottom
test8,21921,小球,top
test8,21942,小球,bottom
test8,21963,小球,top
test8,21985,高遠球,bottom
test8,22410,切球,bottom
test8,22431,高遠球,top
test8,22455,切球,bottom
test8,22476,小球,top
test8,22501,高遠球,bottom
test8,22533,切球,top
test8,22553,小球,bottom
test8,22580,小球,top
test8,22606,高遠球,bottom
test8,22644,高遠球,top
test8,22678,殺球,bottom
test8,22689,小球,top
test8,22715,小球,bottom
test8,22739,高遠球,top
test8,22773,切球,bottom
test8,24569,小球,bottom
test8,24590,高遠球,top
test8,24621,切球,bottom
test8,24641,平快球,top
test8,24661,切球,bottom
test8,24682,高遠球,top
test8,24710,高遠球,bottom
test8,24739,切球,top
test8,25454,勾球,top
test8,25473,高遠球,bottom
test8,25508,高遠球,top
test8,25530,殺球,bottom
test8,25540,小球,top
test8,25565,小球,bottom
test8,25587,高遠球,top
test8,25632,高遠球,bottom
test8,26044,發球,top
test8,26061,小球,bottom
test8,26084,高遠球,top
test8,26129,殺球,bottom
test8,26141,小球,top
test8,26162,小球,bottom
test8,26587,高遠球,bottom
test8,26624,高遠球,top
test8,26658,切球,bottom
test8,26676,平快球,top
test8,26692,小球,bottom
test8,26712,平快球,top
test8,26724,平快球,bottom
test8,26734,高遠球,top
test8,27400,高遠球,bottom
test8,27433,高遠球,top
test8,27461,殺球,bottom
test8,27471,小球,top
test8,27491,小球,bottom
test8,27511,小球,top
test8,27534,高遠球,bottom
test8,27558,殺球,top
test8,27576,高遠球,bottom
test8,27608,高遠球,top
test8,27639,切球,bottom
test8,27661,小球,top
test8,27686,平快球,bottom
test8,28203,高遠球,top
test8,28233,切球,bottom
test8,28253,小球,top
test8,28279,小球,bottom
test8,28302,高遠球,top
test8,28355,切球,bottom
test8,28375,小球,top
test8,28401,高遠球,bottom
test8,28435,高遠球,top
test8,28467,切球,bottom
test8,28488,小球,top
test8,28515,小球,bottom
test8,28540,高遠球,top
test8,28590,殺球,bottom
test8,28605,小球,top
test8,28629,小球,bottom
test8,28653,高遠球,top
test8,28708,殺球,bottom
test8,29349,發球,top
test8,29367,高遠球,bottom
test8,29401,切球,top
test8,29418,小球,bottom
test8,29447,高遠球,top
test8,29474,高遠球,bottom
test8,29508,殺球,top
test8,29521,小球,bottom
test8,29547,高遠球,top
test8,30064,高遠球,top
test8,30092,高遠球,bottom
test8,30124,高遠球,top
test8,30149,切球,bottom
test8,30171,高遠球,top
test8,30204,切球,bottom
test8,30226,小球,top
test8,30252,小球,bottom
test8,30274,高遠球,top
test8,30332,殺球,bottom
test8,30343,高遠球,top
test8,30370,高遠球,bottom
test8,30410,切球,top
test8,31019,平快球,top
test8,31044,高遠球,bottom
test8,31075,切球,top
test8,31091,小球,bottom
test8,31120,高遠球,top
test8,31154,高遠球,bottom
test8,31188,高遠球,top
test8,31212,高遠球,bottom
test8,31249,高遠球,top
test8,31274,切球,bottom
test8,31295,平快球,top
test8,31311,高遠球,bottom
test8,31340,殺球,top
test8,32640,發球,top
test8,32658,高遠球,bottom
test8,32686,高遠球,top
test8,32717,殺球,bottom
test8,32731,小球,top
test8,32760,高遠球,bottom
test8,32791,高遠球,top
test8,32818,殺球,bottom
test8,32832,小球,top
test8,33357,高遠球,top
test8,33385,切球,bottom
test8,33834,高遠球,top
test8,33865,高遠球,bottom
test8,33896,切球,top
test8,33913,勾球,bottom
test8,33939,小球,top
test8,33964,高遠球,bottom
test8,33998,高遠球,top
test8,34022,切球,bottom
test8,34042,勾球,top
test8,34070,高遠球,bottom
test8,34098,高遠球,top
test8,34121,殺球,bottom
test8,34649,發球,top
test8,34670,平快球,bottom
test8,34698,高遠球,top
test8,34730,殺球,bottom
test8,35780,發球,bottom
test8,35798,小球,top
test8,35819,高遠球,bottom
test8,35848,殺球,top
test8,35857,小球,bottom
test8,35885,高遠球,top
test8,35907,切球,bottom
test8,35928,勾球,top
test8,36385,高遠球,bottom
test8,36403,殺球,top
test8,36412,小球,bottom
test8,36438,平快球,top
test8,36455,切球,bottom
test8,36476,高遠球,top
test8,36502,殺球,bottom
test8,36514,小球,top
test8,36980,高遠球,bottom
test8,37008,高遠球,bottom
test8,37040,切球,top
test8,37056,小球,bottom
test8,37080,小球,top
test8,37103,小球,bottom
test8,37118,撲球,top
test8,37580,高遠球,top
test8,37604,殺球,top
test8,38054,小球,top
test8,38076,高遠球,bottom
test8,38110,切球,top
test8,38127,小球,bottom
test8,38153,高遠球,top
test8,38180,殺球,bottom
test8,38191,小球,top
test8,38209,撲球,bottom
test8,41661,發球,bottom
test8,41680,平快球,top
test8,41699,切球,bottom
test8,41717,小球,top
test8,41740,小球,bottom
test8,42058,未知球種,
test8,42078,小球,bottom
test8,42100,高遠球,top
test8,42128,平快球,bottom
test8,42144,高遠球,top
test8,42161,殺球,bottom
test8,42170,高遠球,top
test8,42188,殺球,bottom
test8,42761,平快球,top
test8,42787,切球,bottom
test8,42810,小球,top
test8,42834,高遠球,bottom
test8,42879,高遠球,top
test8,43244,小球,top
test8,43267,高遠球,bottom
test8,43315,殺球,top
test8,43325,小球,bottom
test8,43738,小球,bottom
test8,43756,小球,bottom
test8,43777,勾球,top
test8,44120,小球,top
test8,44138,高遠球,bottom
test8,44170,殺球,top
test8,44180,小球,bottom
test8,44207,小球,top
test8,44223,小球,bottom
test8,44246,平快球,top
test8,44726,發球,top
test8,44741,勾球,bottom
test8,44764,高遠球,top
test8,44792,高遠球,bottom
test8,44818,殺球,top
test8,44828,小球,bottom
test8,44853,勾球,top
test8,44873,小球,bottom
test8,44895,高遠球,top
test8,44937,殺球,bottom
test8,44945,小球,top
test8,44969,平快球,bottom
test8,44982,殺球,top
test8,45607,發球,top
test8,45625,高遠球,bottom
test8,45653,切球,top
test8,45674,小球,bottom
test8,45696,勾球,top
test8,45717,高遠球,bottom
test8,45752,高遠球,top
test8,45782,殺球,bottom
test8,46672,發球,bottom
test8,46703,切球,top
test8,46721,平快球,bottom
test8,46754,切球,top
test8,46771,勾球,bottom
test8,46792,勾球,top
test8,46816,小球,bottom
test8,46838,小球,top
test8,47212,發球,bottom
test8,47231,高遠球,top
test8,47262,殺球,bottom
test8,47273,小球,top
test8,47295,小球,bottom
test8,47322,高遠球,top
test8,47353,高遠球,bottom
test8,47391,切球,top
test8,47407,勾球,bottom
test8,47434,平快球,top
test8,47459,高遠球,bottom
test8,47474,小球,top
test8,47497,高遠球,bottom
test8,47527,高遠球,top
test8,47554,高遠球,bottom
test8,47580,高遠球,top
test8,47611,殺球,bottom
test8,48179,發球,bottom
test8,48203,殺球,top
test8,48213,小球,bottom
test8,48238,小球,top
test8,48260,平快球,bottom
test8,48290,高遠球,top
test8,48319,高遠球,bottom
test8,48352,殺球,top
test8,48953,小球,top
test8,48974,高遠球,bottom
test8,49001,高遠球,top
test8,49029,切球,bottom
test8,49052,小球,top
test8,49077,高遠球,bottom
test8,49113,高遠球,top
test8,49146,切球,bottom
test8,49170,小球,top
test8,49193,小球,bottom
test8,49209,平快球,top
test8,49220,平快球,bottom
test8,49881,發球,bottom
test8,49900,高遠球,top
test8,49939,切球,bottom
test8,49956,小球,top
test8,49975,小球,bottom
test8,49998,平快球,top
test8,50010,撲球,bottom
test8,50489,發球,bottom
test8,50511,高遠球,top
test8,50539,高遠球,bottom
test8,50569,殺球,top
test8,50583,小球,bottom
test8,50613,高遠球,top
test8,50665,切球,bottom
test8,50681,高遠球,top
test8,50705,殺球,bottom
test8,52038,發球,bottom
test8,52058,平快球,top
test8,52076,高遠球,bottom
test8,52109,切球,top
test8,52127,小球,bottom
test8,52151,小球,top
test8,52173,高遠球,bottom
test8,52208,殺球,top
test8,52636,殺球,bottom
test8,54644,發球,bottom
test8,54661,小球,top
test8,54678,高遠球,bottom
test8,54707,殺球,top
test8,54718,勾球,bottom
test8,54746,小球,top
test8,54770,小球,bottom
test8,54788,平快球,top
test8,54801,撲球,bottom
test8,55230,未知球種,
test8,55236,高遠球,top
test8,55265,高遠球,bottom
test8,55684,發球,top
test8,55698,勾球,bottom
test8,55719,小球,top
test8,55735,未知球種,
test8,56126,發球,bottom
test8,56146,平快球,top
test8,56174,切球,bottom
test8,56195,勾球,top
test8,56216,高遠球,bottom
test8,56246,切球,top
test8,56269,平快球,bottom
test8,56775,切球,top
test8,56795,勾球,bottom
test8,56818,平快球,top
test8,56843,高遠球,bottom
test8,56870,殺球,top
test8,56881,小球,bottom
test8,56907,小球,top
test8,56926,高遠球,bottom
test8,56962,高遠球,top
test8,57599,小球,top
test8,57618,小球,bottom
test8,57971,發球,top
test8,57988,高遠球,bottom
test8,58013,殺球,top
test8,58480,發球,top
test8,58497,小球,bottom
test8,58520,小球,top
test8,58541,平快球,bottom
test8,58553,高遠球,top
test8,58944,發球,bottom
test8,58964,小球,top
test8,58985,高遠球,bottom
test8,59027,高遠球,top
test8,59056,殺球,bottom
test8,59070,小球,top
test8,59099,小球,bottom
test8,59125,平快球,top
test8,59151,平快球,bottom
test8,59163,切球,top
test8,59183,高遠球,bottom
test8,59215,殺球,top
test8,59226,小球,bottom
test8,59251,小球,top
test8,59277,勾球,bottom
test8,59998,殺球,bottom
test8,60494,發球,bottom
test8,60515,平快球,top
test8,60540,平快球,bottom
test8,60559,小球,top
test8,60582,小球,bottom
test8,60605,勾球,top
test8,61068,發球,bottom
test8,61086,高遠球,top
test8,61116,高遠球,bottom
test8,61142,殺球,top
test8,61153,小球,bottom
test8,62225,發球,top
test8,62242,平快球,bottom
test8,62266,高遠球,top
test8,62294,高遠球,bottom
test8,62318,殺球,top
test8,62766,發球,top
test8,62787,平快球,bottom
test8,62801,殺球,top
test8,62815,勾球,bottom
test8,62839,高遠球,top
test8,62859,高遠球,bottom
test8,62894,殺球,top
test8,63501,平快球,bottom
test8,63516,平快球,bottom
test8,63544,切球,top
test8,63563,小球,bottom
test8,63586,高遠球,top
test8,64044,發球,bottom
test8,64062,小球,top
test8,64084,高遠球,bottom
test8,64132,高遠球,top
test8,64161,殺球,bottom
test8,66402,發球,top
test8,66417,小球,bottom
test8,66434,高遠球,top
test8,66464,殺球,bottom
test8,66475,勾球,top
test8,66501,小球,bottom
test8,66524,高遠球,top
test8,66553,高遠球,bottom
test8,66592,殺球,top
test8,66972,發球,bottom
test8,66999,殺球,top
test8,67010,小球,bottom
test8,67035,小球,top
test8,67056,平快球,bottom
test8,67088,切球,top
test8,67112,小球,bottom
test8,67137,高遠球,top
test8,67167,高遠球,bottom
test8,67202,殺球,top
test8,67214,小球,bottom
test8,67243,高遠球,top
test8,67277,切球,bottom
test8,67298,勾球,top
test8,67322,高遠球,bottom
test9,10311,發球,bottom
test9,10334,小球,top
test9,10352,小球,bottom
test9,10375,高遠球,top
test9,10406,切球,bottom
test9,10424,小球,top
test9,10447,高遠球,bottom
test9,10477,殺球,top
test9,10492,高遠球,bottom
test9,10515,殺球,top
test9,10525,小球,bottom
test9,10545,小球,top
test9,10571,小球,bottom
test9,10593,小球,top
test9,10617,高遠球,bottom
test9,10663,高遠球,top
test9,10688,切球,bottom
test9,10709,高遠球,top
test9,10741,殺球,bottom
test9,11305,未知球種,
test9,11317,小球,top
test9,11338,小球,bottom
test9,11361,高遠球,top
test9,11391,殺球,bottom
test9,11401,小球,top
test9,11425,小球,bottom
test9,11441,平快球,top
test9,11470,高遠球,bottom
test9,11494,殺球,top
test9,11505,小球,bottom
test9,11524,撲球,top
test9,11536,平快球,bottom
test9,11570,切球,top
test9,11588,平快球,bottom
test9,11618,切球,top
test9,11648,小球,bottom
test9,11674,高遠球,top
test9,11712,殺球,bottom
test9,11721,勾球,top
test9,11752,小球,bottom
test9,11778,高遠球,top
test9,11825,高遠球,bottom
test9,11855,殺球,top
test9,11867,小球,bottom
test9,11896,小球,top
test9,11922,高遠球,bottom
test9,11960,殺球,top
test9,11970,小球,bottom
test9,11999,高遠球,top
test9,12035,高遠球,bottom
test9,12069,殺球,top
test9,12084,小球,bottom
test9,13393,發球,top
test9,13419,殺球,bottom
test9,13433,平快球,top
test9,13456,高遠球,bottom
test9,13482,殺球,top
test9,13495,平快球,bottom
test9,13508,小球,top
test9,13523,平快球,bottom
test9,13536,高遠球,top
test9,13933,發球,bottom
test9,13953,平快球,top
test9,13983,高遠球,bottom
test9,14017,殺球,top
test9,14031,勾球,bottom
test9,14056,高遠球,top
test9,14098,切球,bottom
test9,14123,小球,top
test9,14150,平快球,bottom
test9,14173,切球,top
test9,14195,小球,bottom
test9,14217,平快球,top
test9,14239,殺球,bottom
test9,14917,發球,bottom
test9,14934,小球,top
test9,14956,高遠球,bottom
test9,14988,高遠球,top
test9,15023,切球,bottom
test9,15044,小球,top
test9,15064,平快球,bottom
test9,15092,切球,top
test9,15113,平快球,bottom
test9,15135,切球,top
test9,15636,發球,bottom
test9,15663,殺球,top
test9,15676,高遠球,bottom
test9,15698,殺球,top
test9,16187,發球,bottom
test9,16206,小球,top
test9,16222,小球,bottom
test9,16241,平快球,top
test9,16272,高遠球,bottom
test9,16301,殺球,top
test9,16879,發球,top
test9,16896,平快球,bottom
test9,16922,殺球,top
test9,16932,小球,bottom
test9,16951,平快球,top
test9,17547,發球,top
test9,17565,小球,bottom
test9,17585,平快球,top
test9,17609,殺球,bottom
test9,17621,小球,top
test9,17641,平快球,bottom
test9,17658,殺球,top
test9,17669,小球,bottom
test9,17695,小球,top
test9,17718,小球,bottom
test9,17738,高遠球,top
test9,18413,發球,bottom
test9,18431,平快球,top
test9,18461,平快球,bottom
test9,18476,平快球,top
test9,18490,小球,bottom
test9,18507,小球,top
test9,18529,小球,bottom
test9,18980,發球,top
test9,18999,小球,bottom
test9,19017,高遠球,top
test9,19049,平快球,bottom
test9,19063,小球,top
test9,19084,高遠球,bottom
test9,19112,高遠球,top
test9,19140,高遠球,bottom
test9,19171,高遠球,top
test9,19211,殺球,bottom
test9,19225,勾球,top
test9,19246,平快球,bottom
test9,19275,高遠球,top
test9,19309,高遠球,bottom
test9,19336,殺球,top
test9,19349,小球,bottom
test9,19373,高遠球,top
test9,19410,高遠球,bottom
test9,19447,高遠球,top
test9,19487,切球,bottom
test9,19511,高遠球,top
test9,19542,切球,bottom
test9,19566,平快球,top
test9,19592,高遠球,bottom
test9,19631,高遠球,top
test9,20452,發球,top
test9,20471,平快球,bottom
test9,20502,切球,top
test9,20521,平快球,bottom
test9,20533,小球,top
test9,20555,小球,bottom
test9,20576,高遠球,top
test9,20614,切球,bottom
test9,20630,平快球,top
test9,21151,發球,bottom
test9,21173,小球,top
test9,21195,小球,bottom
test9,21206,撲球,top
test9,21709,發球,top
test9,21737,殺球,bottom
test9,21746,平快球,top
test9,21769,殺球,bottom
test9,21781,小球,top
test9,21801,撲球,bottom
test9,23173,發球,bottom
test9,23191,平快球,top
test9,23217,平快球,bottom
test9,23230,小球,top
test9,23250,高遠球,bottom
test9,23272,殺球,top
test9,23284,小球,bottom
test9,23308,小球,top
test9,23958,發球,bottom
test9,23987,高遠球,top
test9,24026,高遠球,bottom
test9,24051,殺球,top
test9,24066,小球,bottom
test9,24087,小球,top
test9,24108,平快球,bottom
test9,24121,小球,top
test9,24138,平快球,bottom
test9,24147,平快球,top
test9,24643,發球,bottom
test9,24663,高遠球,top
test9,24697,切球,bottom
test9,24715,小球,top
test9,24739,高遠球,bottom
test9,24776,殺球,top
test9,24792,高遠球,bottom
test9,24815,殺球,top
test9,26626,發球,bottom
test9,26647,平快球,top
test9,26679,高遠球,bottom
test9,26704,殺球,top
test9,26717,高遠球,bottom
test9,26749,高遠球,top
test9,26777,殺球,bottom
test9,26788,小球,top
test9,26807,平快球,bottom
test9,26826,殺球,top
test9,27228,未知球種,
test9,27244,小球,top
test9,27266,平快球,bottom
test9,27296,高遠球,top
test9,27323,切球,bottom
test9,27338,小球,top
test9,27369,高遠球,bottom
test9,27405,殺球,top
test9,27417,平快球,bottom
test9,27434,殺球,top
test9,27443,小球,bottom
test9,28594,發球,top
test9,28612,平快球,bottom
test9,28621,平快球,top
test9,28635,小球,bottom
test9,28654,高遠球,top
test9,28686,切球,bottom
test9,28702,小球,top
test9,28725,小球,bottom
test9,28749,高遠球,top
test9,29236,未知球種,
test9,29236,未知球種,
test9,29251,平快球,bottom
test9,29261,小球,top
test9,29277,撲球,bottom
test9,29723,高遠球,top
test9,29747,高遠球,top
test9,29780,高遠球,bottom
test9,29816,切球,top
test9,29833,小球,bottom
test9,29861,高遠球,top
test9,29898,切球,bottom
test9,29914,小球,top
test9,29941,小球,bottom
test9,30396,發球,top
test9,30427,切球,bottom
test9,30447,平快球,top
test9,30478,高遠球,bottom
test9,30507,高遠球,top
test9,30534,高遠球,bottom
test9,30570,殺球,top
test9,30584,小球,bottom
test9,30610,小球,top
test9,30635,高遠球,bottom
test9,30673,高遠球,top
test9,30703,高遠球,bottom
test9,30749,殺球,top
test9,30767,小球,bottom
test9,30793,小球,top
test9,30817,小球,bottom
test9,31854,未知球種,
test9,31880,高遠球,bottom
test9,31909,殺球,top
test9,31920,小球,bottom
test9,31940,小球,top
test9,31958,小球,bottom
test9,31980,小球,top
test9,32004,小球,bottom
test9,32579,發球,top
test9,32601,平快球,bottom
test9,32632,切球,top
test9,32655,平快球,bottom
test9,32683,高遠球,top
test9,32715,切球,bottom
test9,32732,高遠球,top
test9,32757,殺球,bottom
test9,32767,小球,top
test9,32793,小球,bottom
test9,32815,小球,top
test9,32837,高遠球,bottom
test9,32880,平快球,top
test9,32895,小球,bottom
test9,32918,高遠球,top
test9,32953,高遠球,bottom
test9,32988,高遠球,top
test9,33025,切球,bottom
test9,33048,高遠球,top
test9,33665,發球,bottom
test9,33685,小球,top
test9,33705,平快球,bottom
test9,33733,高遠球,top
test9,33766,殺球,bottom
test9,34484,未知球種,
test9,34496,小球,top
test9,34517,小球,bottom
test9,34538,高遠球,top
test9,34583,切球,bottom
test9,34602,平快球,top
test9,34621,小球,bottom
test9,34644,高遠球,top
test9,34680,高遠球,bottom
test9,34716,殺球,top
test9,35185,未知球種,
test9,35198,小球,top
test9,35221,高遠球,bottom
test9,35254,高遠球,top
test9,35283,切球,bottom
test9,35301,小球,top
test9,35332,小球,bottom
test9,35357,高遠球,top
test9,35389,殺球,bottom
test9,35398,高遠球,top
test9,35438,殺球,bottom
test9,35449,平快球,top
test9,35474,小球,bottom
test9,35499,平快球,top
test9,36072,發球,bottom
test9,36091,高遠球,top
test9,36125,高遠球,bottom
test9,36154,高遠球,top
test9,36184,殺球,bottom
test9,36199,小球,top
test9,36228,平快球,bottom
test9,36249,切球,top
test9,36277,小球,bottom
test9,36304,小球,top
test9,36326,勾球,bottom
test9,36348,平快球,top
test9,37188,發球,bottom
test9,37207,平快球,top
test9,37229,高遠球,bottom
test9,37254,殺球,top
test9,37267,高遠球,bottom
test9,37838,未知球種,
test9,37853,小球,top
test9,41083,發球,top
test9,41101,平快球,bottom
test9,41394,發球,top
test9,41423,殺球,bottom
test9,41433,小球,top
test9,41451,小球,bottom
test9,41471,小球,top
test9,41493,小球,bottom
test9,41521,小球,top
test9,41919,發球,bottom
test9,41937,小球,top
test9,41954,平快球,bottom
test9,41980,切球,top
test9,41995,小球,bottom
test9,42013,小球,top
test9,42032,小球,bottom
test9,42055,高遠球,top
test9,42092,平快球,bottom
test9,42104,小球,top
test9,42122,小球,bottom
test9,42140,平快球,top
test9,42168,殺球,bottom
test9,42184,高遠球,top
test9,42215,高遠球,bottom
test9,42243,高遠球,top
test9,42269,切球,bottom
test9,42290,小球,top
test9,42320,小球,bottom
test9,42340,小球,top
test9,42362,高遠球,bottom
test9,42410,高遠球,top
test9,42438,殺球,bottom
test9,42452,小球,top
test9,42480,高遠球,bottom
test9,42514,高遠球,top
test9,42548,切球,bottom
test9,42565,小球,top
test9,42590,高遠球,bottom
test9,42620,高遠球,top
test9,42650,高遠球,bottom
test9,42678,高遠球,top
test9,42710,高遠球,bottom
test9,42734,高遠球,top
test9,42776,殺球,bottom
test9,42790,小球,top
test9,42812,平快球,bottom
test9,42824,殺球,top
test9,42834,平快球,bottom
test9,42850,撲球,top
test9,44532,發球,top
test9,44550,小球,bottom
test9,44566,平快球,top
test9,44576,小球,bottom
test9,44596,高遠球,top
test9,44627,殺球,bottom
test9,44640,小球,top
test9,44664,高遠球,bottom
test9,44692,切球,top
test9,44711,勾球,bottom
test9,46182,發球,bottom
test9,46214,切球,top
test9,46231,小球,bottom
test9,46249,撲球,top
test9,46258,平快球,bottom
test9,46270,殺球,top
test9,46279,平快球,bottom
test9,46297,撲球,top
test9,46915,切球,bottom
test9,46939,殺球,bottom
test9,46951,小球,top
test9,46966,小球,bottom
test9,46986,平快球,top
test9,47015,殺球,bottom
test9,47029,勾球,top
test9,47053,高遠球,bottom
test9,47481,發球,top
test9,47499,平快球,bottom
test9,47528,切球,top
test9,47553,小球,bottom
test9,47573,平快球,top
test9,47606,平快球,bottom
test9,47623,小球,top
test9,48340,發球,bottom
test9,48360,小球,top
test9,48377,小球,bottom
test9,48399,高遠球,top
test9,48427,殺球,bottom
test9,48437,小球,top
test9,48465,小球,bottom
test9,48487,高遠球,top
test9,48518,殺球,bottom
test9,48532,高遠球,top
test9,48564,高遠球,bottom
test9,48594,高遠球,top
test9,48630,殺球,bottom
test9,48640,小球,top
test9,49339,發球,bottom
test9,49357,小球,top
test9,49376,高遠球,bottom
test9,49408,切球,top
test9,49426,平快球,bottom
test9,49447,高遠球,top
test9,49483,殺球,bottom
test9,49492,小球,top
test9,49524,小球,bottom
test9,49545,高遠球,top
test9,49574,高遠球,bottom
test9,49596,殺球,top
test9,49613,小球,bottom
test9,49638,平快球,top
test9,49647,平快球,bottom
test9,49659,殺球,top
test9,49669,高遠球,bottom
test9,49687,殺球,top
test9,49697,平快球,bottom
test9,49728,切球,top
test9,49751,小球,bottom
test9,51097,發球,top
test9,51113,小球,bottom
test9,51134,高遠球,top
test9,51174,殺球,bottom
test9,51184,小球,top
test9,51208,小球,bottom
test9,51232,小球,top
test9,51258,高遠球,bottom
test9,51258,未知球種,
test9,51258,高遠球,bottom
test9,51354,殺球,top
test9,51363,平快球,bottom
test9,51386,撲球,top
test9,51396,小球,bottom
test9,52128,發球,top
test9,52148,小球,bottom
test9,52169,平快球,top
test9,52196,切球,bottom
test9,52220,勾球,top
test9,52245,小球,bottom
test9,52265,高遠球,top
test9,52296,高遠球,bottom
test9,52327,切球,top
test9,52347,小球,bottom
test9,52361,小球,top
test9,52382,小球,bottom
test9,52406,高遠球,top
test9,52443,殺球,bottom
test9,53082,未知球種,
test9,53094,高遠球,bottom
test9,53133,切球,top
test9,53147,勾球,bottom
test9,53173,高遠球,top
test9,53205,切球,bottom
test9,53231,小球,top
test9,53255,平快球,bottom
test9,53288,切球,top
test9,53309,小球,bottom
test9,53333,小球,top
test9,53357,小球,bottom
test9,53391,小球,top
test9,54111,發球,bottom
test9,54128,平快球,top
test9,54138,平快球,bottom
test9,54147,平快球,top
test9,54801,發球,bottom
test9,54819,小球,top
test9,54842,高遠球,bottom
test9,54875,高遠球,top
test9,54906,殺球,bottom
test9,54919,小球,top
test9,54938,殺球,bottom
test9,54947,小球,top
test9,54963,撲球,bottom
test9,54975,高遠球,top
test9,55006,高遠球,bottom
test9,55048,殺球,top
test9,55057,小球,bottom
test9,55085,高遠球,top
test9,55124,殺球,bottom
test9,56425,未知球種,
test9,56435,小球,bottom
test9,56459,高遠球,top
test9,56494,切球,bottom
test9,56509,平快球,top
test9,56535,殺球,bottom
test9,56547,高遠球,top
test9,56578,高遠球,bottom
test9,56609,高遠球,top
test9,56639,切球,bottom
test9,56658,平快球,top
test9,56683,殺球,bottom
test9,56699,高遠球,top
test9,56725,殺球,bottom
test9,56738,小球,top
test9,56765,勾球,bottom
test9,56790,撲球,top
test9,58316,發球,top
test9,58333,小球,bottom
test9,58349,平快球,top
test9,58357,平快球,bottom
test9,58370,撲球,top
test9,59023,發球,top
test9,59042,勾球,bottom
test9,59062,小球,top
test9,59086,高遠球,bottom
test9,59124,切球,top
test9,59147,小球,bottom
test9,59169,小球,top
test9,59191,小球,bottom
test9,60999,發球,top
test9,61014,小球,bottom
test9,61033,小球,top
test9,61465,未知球種,
test9,61465,未知球種,
test9,61476,高遠球,bottom
test9,61513,切球,top
test9,61529,平快球,bottom
test9,61543,殺球,top
test9,61552,小球,bottom
test9,61569,平快球,top
test9,61595,切球,bottom
test9,61611,小球,top
test9,61638,小球,bottom
test9,61660,高遠球,top
test9,61694,高遠球,bottom
test9,61723,高遠球,top
test9,61752,殺球,bottom
test9,61763,小球,top
test9,61786,撲球,bottom
test9,61796,平快球,top
test9,63166,發球,top
test9,63184,小球,bottom
test9,63203,平快球,top
test9,63231,切球,bottom
test9,63251,高遠球,top
test9,63279,切球,bottom
test9,63297,小球,top
test9,63321,高遠球,bottom
test9,63359,切球,top
test9,63377,高遠球,bottom
test9,63407,殺球,top
test9,63419,小球,bottom
test9,63446,小球,top
test9,63470,高遠球,bottom
test9,63515,高遠球,top
test9,63550,高遠球,bottom
test9,63581,殺球,top
test9,63597,小球,bottom
test9,63620,平快球,top
test9,63638,小球,bottom
test9,63658,平快球,top
test9,63683,殺球,bottom
test9,63693,小球,top
test9,65526,未知球種,
test9,65526,切球,top
test9,65559,切球,top
test9,65580,平快球,bottom
test9,65601,高遠球,top
test9,65636,殺球,bottom
test9,65650,小球,top
test9,65675,高遠球,bottom
test9,65712,高遠球,top
test9,65745,殺球,bottom
test9,65758,勾球,top
test9,65785,小球,bottom
test9,65806,小球,top
test9,66672,發球,bottom
test9,66693,高遠球,top
test9,66728,高遠球,bottom
test9,66761,切球,top
test9,66782,小球,bottom
test9,66805,高遠球,top
test9,66846,高遠球,bottom
test9,66876,高遠球,top
test9,66906,切球,bottom
test9,66922,平快球,top
test9,66936,小球,bottom
test9,66954,平快球,top
test9,66987,切球,bottom
test9,67012,小球,top
test9,67038,高遠球,bottom
test9,67071,切球,top
test9,67092,高遠球,bottom
test9,67123,高遠球,top
test9,67154,殺球,bottom
test9,67169,小球,top
test9,67196,平快球,bottom
test9,67229,高遠球,top
test9,67260,高遠球,bottom
test9,67292,切球,top
test9,67318,小球,bottom
test9,67342,平快球,top
test9,67374,切球,bottom
test9,67397,小球,top
test9,67422,高遠球,bottom
test9,67460,切球,top
test9,67485,小球,bottom
test9,67510,小球,top
test9,68969,未知球種,
test9,68980,小球,top
test9,69001,小球,bottom
test9,69402,發球,top
test9,69420,高遠球,bottom
test9,69456,切球,top
test9,69469,小球,bottom
test9,69490,小球,top
test9,69511,小球,bottom
test9,69533,高遠球,top
test9,69566,殺球,bottom
test9,70046,發球,bottom
test9,70073,切球,top
test9,70094,高遠球,bottom
test9,70128,殺球,top
test9,70137,小球,bottom
test9,70160,小球,top
test9,70186,高遠球,bottom
test9,70227,切球,top
test9,70245,小球,bottom
test9,70269,小球,top
test9,70295,小球,bottom
test9,70912,未知球種,
test9,71370,發球,bottom
test9,71400,切球,top
test9,71418,高遠球,bottom
test9,71436,殺球,top
test9,71448,小球,bottom
test9,71468,小球,top
test9,71485,平快球,bottom
test9,71999,發球,top
test9,72020,勾球,bottom
test9,72042,高遠球,top
test9,72077,高遠球,bottom
test9,72105,殺球,top
test9,72121,小球,bottom
test9,72145,小球,top
test9,72167,平快球,bottom
test9,72199,高遠球,top
test9,72232,高遠球,bottom
test9,72268,切球,top
test9,72290,高遠球,bottom
test9,73460,發球,top
test9,73478,平快球,bottom
test9,73503,高遠球,top
test9,73529,殺球,bottom
test9,73543,小球,top
test9,73567,小球,bottom
test9,73587,平快球,top
test9,73615,平快球,bottom
test9,73628,高遠球,top
test9,73653,高遠球,bottom
test9,73684,高遠球,top
test9,73710,高遠球,bottom
test9,73741,高遠球,top
test9,73765,高遠球,bottom
test9,75201,發球,bottom
test9,75217,小球,top
test9,75240,小球,bottom
test9,75260,平快球,top
test9,75282,殺球,bottom
test9,75294,小球,top
test9,75313,小球,bottom
test9,75336,平快球,top
test9,75368,平快球,bottom
test9,75385,平快球,top
test9,75407,殺球,bottom
test9,76004,未知球種,
test9,76019,小球,bottom
test9,76039,小球,top
test9,76416,未知球種,
test9,76434,殺球,bottom
test9,76925,未知球種,
test9,76937,高遠球,bottom
test9,76966,殺球,top
test9,76977,平快球,bottom
test9,77000,平快球,top
test9,77014,小球,bottom
test9,77033,高遠球,top
test9,77065,殺球,bottom
test9,77080,小球,top
test9,77103,平快球,bottom
test9,77137,高遠球,top
test9,77170,高遠球,bottom
test9,77200,高遠球,top
test9,77230,殺球,bottom
